run,stage,epoch,mAP50,mAP50_95,precision,recall
B_v11_150p100,s1,1,0.01674,0.00863,0.00463,0.07712
B_v11_150p100,s1,2,0.05897,0.0264,0.00195,0.11154
B_v11_150p100,s1,3,0.00406,0.00179,0.00146,0.05455
B_v11_150p100,s1,4,0.04817,0.0146,0.26572,0.09465
B_v11_150p100,s1,5,0.07737,0.02489,0.13892,0.20967
B_v11_150p100,s1,6,0.15182,0.05945,0.27988,0.22563
B_v11_150p100,s1,7,0.23312,0.09923,0.31022,0.2956
B_v11_150p100,s1,8,0.21342,0.09085,0.46362,0.26279
B_v11_150p100,s1,9,0.26821,0.12265,0.41378,0.28415
B_v11_150p100,s1,10,0.33355,0.15051,0.58608,0.38116
B_v11_150p100,s1,11,0.35509,0.14653,0.57931,0.32996
B_v11_150p100,s1,12,0.38428,0.16345,0.54771,0.36371
B_v11_150p100,s1,13,0.36733,0.18036,0.53692,0.36438
B_v11_150p100,s1,14,0.40615,0.20242,0.50745,0.43769
B_v11_150p100,s1,15,0.43657,0.20072,0.58417,0.41382
B_v11_150p100,s1,16,0.45464,0.22167,0.63052,0.44954
B_v11_150p100,s1,17,0.44452,0.21217,0.52841,0.44032
B_v11_150p100,s1,18,0.44673,0.22089,0.54249,0.42045
B_v11_150p100,s1,19,0.47535,0.22118,0.57742,0.45643
B_v11_150p100,s1,20,0.47027,0.21831,0.683,0.41519
B_v11_150p100,s1,21,0.48052,0.23383,0.56475,0.54213
B_v11_150p100,s1,22,0.48494,0.23095,0.58228,0.45659
B_v11_150p100,s1,23,0.47721,0.22645,0.57899,0.51008
B_v11_150p100,s1,24,0.4606,0.21878,0.62163,0.41527
B_v11_150p100,s1,25,0.50798,0.25642,0.59558,0.52217
B_v11_150p100,s1,26,0.4629,0.22317,0.67979,0.4095
B_v11_150p100,s1,27,0.51719,0.25815,0.57145,0.50221
B_v11_150p100,s1,28,0.50304,0.24958,0.67791,0.46701
B_v11_150p100,s1,29,0.50776,0.26058,0.60233,0.5052
B_v11_150p100,s1,30,0.50828,0.24596,0.69431,0.45814
B_v11_150p100,s1,31,0.56709,0.28132,0.66982,0.5583
B_v11_150p100,s1,32,0.47278,0.21869,0.5894,0.46951
B_v11_150p100,s1,33,0.54418,0.27325,0.61478,0.52465
B_v11_150p100,s1,34,0.54462,0.27324,0.67559,0.53496
B_v11_150p100,s1,35,0.50037,0.23889,0.63958,0.46709
B_v11_150p100,s1,36,0.58362,0.28034,0.64799,0.54333
B_v11_150p100,s1,37,0.56706,0.2821,0.66739,0.52406
B_v11_150p100,s1,38,0.52235,0.26682,0.60092,0.50943
B_v11_150p100,s1,39,0.57119,0.29341,0.62722,0.53843
B_v11_150p100,s1,40,0.58356,0.30323,0.68334,0.58572
B_v11_150p100,s1,41,0.58052,0.31168,0.64652,0.5449
B_v11_150p100,s1,42,0.55783,0.28016,0.64339,0.51446
B_v11_150p100,s1,43,0.55599,0.26953,0.71443,0.49695
B_v11_150p100,s1,44,0.60496,0.31052,0.64319,0.61615
B_v11_150p100,s1,45,0.62929,0.33163,0.7014,0.59896
B_v11_150p100,s1,46,0.59771,0.30992,0.64509,0.61478
B_v11_150p100,s1,47,0.62009,0.31582,0.65465,0.62578
B_v11_150p100,s1,48,0.61725,0.31667,0.7041,0.55534
B_v11_150p100,s1,49,0.61361,0.32154,0.72729,0.57681
B_v11_150p100,s1,50,0.60585,0.31189,0.68091,0.57813
B_v11_150p100,s1,51,0.60916,0.30637,0.63479,0.60849
B_v11_150p100,s1,52,0.5838,0.30039,0.68669,0.56524
B_v11_150p100,s1,53,0.62665,0.31014,0.73043,0.58807
B_v11_150p100,s1,54,0.64781,0.34498,0.72288,0.58575
B_v11_150p100,s1,55,0.6076,0.31211,0.73678,0.57941
B_v11_150p100,s1,56,0.63308,0.33979,0.68606,0.6136
B_v11_150p100,s1,57,0.62461,0.33301,0.73503,0.58594
B_v11_150p100,s1,58,0.63758,0.33905,0.71374,0.59382
B_v11_150p100,s1,59,0.63462,0.32378,0.66401,0.60562
B_v11_150p100,s1,60,0.64443,0.33679,0.6791,0.64282
B_v11_150p100,s1,61,0.6457,0.34054,0.718,0.61042
B_v11_150p100,s1,62,0.65947,0.35619,0.75642,0.62054
B_v11_150p100,s1,63,0.65866,0.33901,0.69132,0.62789
B_v11_150p100,s1,64,0.68423,0.36009,0.7399,0.66927
B_v11_150p100,s1,65,0.65795,0.33684,0.74497,0.60592
B_v11_150p100,s1,66,0.69527,0.3635,0.74683,0.66348
B_v11_150p100,s1,67,0.68352,0.3682,0.72903,0.62639
B_v11_150p100,s1,68,0.65303,0.34799,0.72943,0.61611
B_v11_150p100,s1,69,0.66478,0.35562,0.76637,0.62372
B_v11_150p100,s1,70,0.64555,0.34868,0.69527,0.61113
B_v11_150p100,s1,71,0.68102,0.36338,0.75601,0.63013
B_v11_150p100,s1,72,0.65775,0.34248,0.76161,0.61369
B_v11_150p100,s1,73,0.67586,0.35726,0.76945,0.61592
B_v11_150p100,s1,74,0.70027,0.37012,0.73413,0.66533
B_v11_150p100,s1,75,0.68535,0.37188,0.78312,0.61812
B_v11_150p100,s1,76,0.66328,0.35818,0.7584,0.62334
B_v11_150p100,s1,77,0.6954,0.37114,0.72914,0.66946
B_v11_150p100,s1,78,0.68499,0.36775,0.76046,0.65173
B_v11_150p100,s1,79,0.65591,0.34161,0.73972,0.61433
B_v11_150p100,s1,80,0.68029,0.35864,0.75759,0.64059
B_v11_150p100,s1,81,0.66298,0.35953,0.75325,0.62272
B_v11_150p100,s1,82,0.69025,0.36401,0.71813,0.6616
B_v11_150p100,s1,83,0.67986,0.36255,0.80609,0.59368
B_v11_150p100,s1,84,0.67605,0.36432,0.75082,0.62971
B_v11_150p100,s1,85,0.68565,0.36098,0.79411,0.61645
B_v11_150p100,s1,86,0.68597,0.36784,0.73685,0.66388
B_v11_150p100,s1,87,0.69174,0.37231,0.71428,0.66284
B_v11_150p100,s1,88,0.69384,0.36949,0.74147,0.63344
B_v11_150p100,s1,89,0.67322,0.36213,0.76408,0.60522
B_v11_150p100,s1,90,0.67855,0.35594,0.76023,0.62803
B_v11_150p100,s1,91,0.67538,0.34946,0.75511,0.61851
B_v11_150p100,s1,92,0.69785,0.3687,0.78031,0.64492
B_v11_150p100,s1,93,0.68433,0.36111,0.77134,0.60467
B_v11_150p100,s1,94,0.70294,0.37083,0.80722,0.62936
B_v11_150p100,s1,95,0.69483,0.36794,0.78113,0.6381
B_v11_150p100,s1,96,0.67628,0.37031,0.73324,0.63819
B_v11_150p100,s1,97,0.69643,0.37758,0.72723,0.67407
B_v11_150p100,s1,98,0.6797,0.3717,0.73569,0.63065
B_v11_150p100,s1,99,0.69576,0.37695,0.73579,0.65428
B_v11_150p100,s1,100,0.69547,0.37685,0.75374,0.67208
B_v11_150p100,s1,101,0.71217,0.38125,0.76036,0.69787
B_v11_150p100,s1,102,0.68969,0.36776,0.72553,0.6449
B_v11_150p100,s1,103,0.68098,0.37209,0.75674,0.63019
B_v11_150p100,s1,104,0.67745,0.36762,0.68134,0.6779
B_v11_150p100,s1,105,0.69326,0.36807,0.76249,0.64538
B_v11_150p100,s1,106,0.68699,0.36533,0.7823,0.66115
B_v11_150p100,s1,107,0.69643,0.37781,0.75345,0.66524
B_v11_150p100,s1,108,0.69895,0.38138,0.75255,0.67289
B_v11_150p100,s1,109,0.71748,0.3923,0.77596,0.66554
B_v11_150p100,s1,110,0.70915,0.3751,0.76036,0.66834
B_v11_150p100,s1,111,0.7135,0.3848,0.81201,0.65659
B_v11_150p100,s1,112,0.70242,0.38677,0.80058,0.64439
B_v11_150p100,s1,113,0.72238,0.38837,0.78815,0.70557
B_v11_150p100,s1,114,0.72547,0.39954,0.83254,0.67184
B_v11_150p100,s1,115,0.7018,0.37966,0.77579,0.6759
B_v11_150p100,s1,116,0.7043,0.39141,0.81115,0.65625
B_v11_150p100,s1,117,0.69484,0.3864,0.7736,0.66369
B_v11_150p100,s1,118,0.71535,0.39745,0.7929,0.67181
B_v11_150p100,s1,119,0.71423,0.38601,0.79859,0.66183
B_v11_150p100,s1,120,0.71161,0.39141,0.78946,0.68234
B_v11_150p100,s1,121,0.70585,0.3871,0.74603,0.68711
B_v11_150p100,s1,122,0.6999,0.38293,0.74204,0.68718
B_v11_150p100,s1,123,0.70392,0.38792,0.79339,0.65771
B_v11_150p100,s1,124,0.69643,0.38346,0.8187,0.64024
B_v11_150p100,s1,125,0.71629,0.40107,0.82436,0.66837
B_v11_150p100,s1,126,0.70213,0.3857,0.78917,0.66191
B_v11_150p100,s1,127,0.70598,0.38473,0.78732,0.66786
B_v11_150p100,s1,128,0.70272,0.38422,0.81826,0.64617
B_v11_150p100,s1,129,0.69825,0.39244,0.78404,0.67464
B_v11_150p100,s1,130,0.70889,0.38377,0.79511,0.67105
B_v11_150p100,s1,131,0.70713,0.39481,0.78249,0.67313
B_v11_150p100,s1,132,0.69873,0.38445,0.79394,0.66522
B_v11_150p100,s1,133,0.71355,0.39266,0.80309,0.66574
B_v11_150p100,s1,134,0.71415,0.39503,0.79748,0.67001
B_v11_150p100,s1,135,0.71549,0.39895,0.81011,0.66413
B_v11_150p100,s1,136,0.71738,0.40096,0.78457,0.67774
B_v11_150p100,s1,137,0.71581,0.40077,0.80702,0.65964
B_v11_150p100,s1,138,0.72394,0.39964,0.79503,0.68685
B_v11_150p100,s1,139,0.72305,0.4047,0.79806,0.67304
B_v11_150p100,s1,140,0.72594,0.41162,0.81235,0.67539
B_v11_150p100,s1,141,0.72441,0.40139,0.79966,0.68588
B_v11_150p100,s1,142,0.72051,0.40274,0.81181,0.65471
B_v11_150p100,s1,143,0.72438,0.40473,0.74189,0.71691
B_v11_150p100,s1,144,0.72596,0.40537,0.77184,0.70299
B_v11_150p100,s1,145,0.72718,0.40749,0.75694,0.70201
B_v11_150p100,s1,146,0.72585,0.40091,0.76777,0.68243
B_v11_150p100,s1,147,0.72479,0.40385,0.76649,0.67877
B_v11_150p100,s1,148,0.72309,0.4089,0.79775,0.66511
B_v11_150p100,s1,149,0.72448,0.40579,0.76852,0.68676
B_v11_150p100,s1,150,0.72328,0.40463,0.74408,0.69942
B_v11_150p100,s2,1,0.72647,0.40552,0.77739,0.69005
B_v11_150p100,s2,2,0.72416,0.40775,0.85029,0.65612
B_v11_150p100,s2,3,0.71337,0.38803,0.74519,0.69184
B_v11_150p100,s2,4,0.69438,0.37721,0.80508,0.63789
B_v11_150p100,s2,5,0.6999,0.38984,0.76867,0.66313
B_v11_150p100,s2,6,0.7218,0.39416,0.80747,0.64057
B_v11_150p100,s2,7,0.71554,0.39652,0.76748,0.68654
B_v11_150p100,s2,8,0.6922,0.37429,0.7712,0.67042
B_v11_150p100,s2,9,0.67914,0.37006,0.75148,0.64664
B_v11_150p100,s2,10,0.70416,0.38222,0.78962,0.64131
B_v11_150p100,s2,11,0.69926,0.37721,0.72533,0.70543
B_v11_150p100,s2,12,0.70742,0.37301,0.76303,0.673
B_v11_150p100,s2,13,0.7014,0.38411,0.79384,0.65553
B_v11_150p100,s2,14,0.67694,0.37152,0.73864,0.65481
B_v11_150p100,s2,15,0.69191,0.38449,0.75962,0.65145
B_v11_150p100,s2,16,0.70111,0.38617,0.77988,0.66739
B_v11_150p100,s2,17,0.71316,0.39284,0.82268,0.64113
B_v11_150p100,s2,18,0.69052,0.38557,0.75429,0.66624
B_v11_150p100,s2,19,0.69357,0.37964,0.7182,0.67432
B_v11_150p100,s2,20,0.69523,0.37999,0.74719,0.66656
B_v11_150p100,s2,21,0.73157,0.40627,0.82735,0.66664
B_v11_150p100,s2,22,0.70451,0.39723,0.80544,0.66998
B_v11_150p100,s2,23,0.71006,0.39139,0.77347,0.66964
B_v11_150p100,s2,24,0.70936,0.38879,0.80337,0.64121
B_v11_150p100,s2,25,0.70529,0.38118,0.79216,0.6573
B_v11_150p100,s2,26,0.69448,0.37631,0.77453,0.64944
B_v11_150p100,s2,27,0.7185,0.39645,0.776,0.70695
B_v11_150p100,s2,28,0.72925,0.40336,0.77051,0.69562
B_v11_150p100,s2,29,0.70374,0.38341,0.7478,0.68362
B_v11_150p100,s2,30,0.70859,0.38661,0.78511,0.65827
B_v11_150p100,s2,31,0.70991,0.38919,0.79192,0.66275
B_v11_150p100,s2,32,0.71046,0.38937,0.79722,0.64551
B_v11_150p100,s2,33,0.7029,0.38768,0.77963,0.6682
B_v11_150p100,s2,34,0.719,0.38883,0.77982,0.67902
B_v11_150p100,s2,35,0.71539,0.38699,0.78585,0.66408
B_v11_150p100,s2,36,0.71104,0.39273,0.81624,0.655
B_v11_150p100,s2,37,0.71363,0.38589,0.79979,0.64204
B_v11_150p100,s2,38,0.73952,0.40735,0.7693,0.70286
B_v11_150p100,s2,39,0.70071,0.38088,0.80273,0.62314
B_v11_150p100,s2,40,0.73084,0.4011,0.8178,0.6806
B_v11_150p100,s2,41,0.70484,0.3902,0.80598,0.63569
B_v11_150p100,s2,42,0.71776,0.39429,0.77379,0.67397
B_v11_150p100,s2,43,0.70049,0.37483,0.81377,0.65445
B_v11_150p100,s2,44,0.71112,0.38463,0.76415,0.69031
B_v11_150p100,s2,45,0.70776,0.39432,0.78882,0.6494
B_v11_150p100,s2,46,0.70743,0.39139,0.77714,0.6552
B_v11_150p100,s2,47,0.7005,0.38589,0.8006,0.65627
B_v11_150p100,s2,48,0.71043,0.38721,0.81459,0.65325
B_v11_150p100,s2,49,0.728,0.40095,0.78815,0.67727
B_v11_150p100,s2,50,0.72489,0.39302,0.7863,0.67794
B_v11_150p100,s2,51,0.70672,0.37875,0.78407,0.64751
B_v11_150p100,s2,52,0.70024,0.3842,0.8007,0.63211
B_v11_150p100,s2,53,0.71507,0.39153,0.82389,0.63779
B_v11_150p100,s2,54,0.71856,0.39353,0.83338,0.65994
B_v11_150p100,s2,55,0.72086,0.39225,0.81614,0.66225
B_v11_150p100,s2,56,0.71885,0.38931,0.8192,0.65796
B_v11_150p100,s2,57,0.70664,0.39261,0.75584,0.66433
B_v11_150p100,s2,58,0.70679,0.38941,0.78567,0.66818
B_v11_150p100,s2,59,0.70585,0.38405,0.79841,0.66837
B_v11_150p100,s2,60,0.72991,0.40432,0.81654,0.67054
B_v11_150p100,s2,61,0.71424,0.39877,0.78502,0.6741
B_v11_150p100,s2,62,0.71415,0.39632,0.84854,0.66169
B_v11_150p100,s2,63,0.70551,0.39016,0.77521,0.67139
B_v11_150p100,s2,64,0.71545,0.39128,0.82853,0.65898
B_v11_150p100,s2,65,0.71403,0.38757,0.80571,0.65577
B_v11_150p100,s2,66,0.72942,0.40698,0.80759,0.665
B_v11_150p100,s2,67,0.72128,0.40357,0.77053,0.66737
B_v11_150p100,s2,68,0.71895,0.39611,0.77724,0.67299
B_v11_150p100,s2,69,0.71297,0.40255,0.78889,0.65725
B_v11_150p100,s2,70,0.72312,0.40627,0.78297,0.67387
B_v11_150p100,s2,71,0.73162,0.40416,0.80355,0.662
B_v11_150p100,s2,72,0.71009,0.39603,0.81288,0.65079
B_v11_150p100,s2,73,0.70222,0.39277,0.73722,0.68789
B_v11_150p100,s2,74,0.71092,0.38608,0.78053,0.68208
B_v11_150p100,s2,75,0.72336,0.40517,0.79162,0.66975
B_v11_150p100,s2,76,0.71002,0.39663,0.7895,0.65852
B_v11_150p100,s2,77,0.71536,0.39982,0.82148,0.65127
B_v11_150p100,s2,78,0.71754,0.40274,0.82235,0.6747
B_v11_150p100,s2,79,0.72307,0.40288,0.80672,0.68785
B_v11_150p100,s2,80,0.72548,0.40585,0.814,0.67502
B_v11_150p100,s2,81,0.72516,0.40423,0.80606,0.68887
B_v11_150p100,s2,82,0.71702,0.39912,0.79119,0.68835
B_v11_150p100,s2,83,0.70837,0.39228,0.79502,0.68097
B_v11_150p100,s2,84,0.7121,0.39502,0.78416,0.68377
B_v11_150p100,s2,85,0.71969,0.40533,0.80964,0.67541
B_v11_150p100,s2,86,0.71499,0.39936,0.78101,0.69185
B_v11_150p100,s2,87,0.71483,0.3926,0.79613,0.67267
B_v11_150p100,s2,88,0.71187,0.39655,0.8062,0.6781
B_v11_150p100,s2,89,0.71616,0.40094,0.81526,0.67274
B_v11_150p100,s2,90,0.72057,0.40921,0.80311,0.6796
B_v11_150p100,s2,91,0.71571,0.38849,0.82971,0.67146
B_v11_150p100,s2,92,0.71576,0.39579,0.82534,0.68321
B_v11_150p100,s2,93,0.7115,0.39528,0.77546,0.6813
B_v11_150p100,s2,94,0.71176,0.39766,0.80789,0.66358
B_v11_150p100,s2,95,0.70859,0.39966,0.77007,0.6859
B_v11_150p100,s2,96,0.713,0.40453,0.78023,0.6773
B_v11_150p100,s2,97,0.72262,0.39951,0.79755,0.67893
B_v11_150p100,s2,98,0.72519,0.40102,0.80146,0.67871
B_v11_150p100,s2,99,0.72311,0.40514,0.79428,0.6859
B_v11_150p100,s2,100,0.72192,0.40288,0.80195,0.67023
B_v11_300p100,s1,1,0.01674,0.00863,0.00463,0.07712
B_v11_300p100,s1,2,0.0268,0.00994,0.00296,0.13321
B_v11_300p100,s1,3,0.07558,0.03058,0.81303,0.0293
B_v11_300p100,s1,4,0.04593,0.01576,0.23506,0.09367
B_v11_300p100,s1,5,0.06052,0.02329,0.33496,0.10578
B_v11_300p100,s1,6,0.02637,0.00812,0.207,0.07556
B_v11_300p100,s1,7,0.23347,0.1024,0.58168,0.21925
B_v11_300p100,s1,8,0.28569,0.1242,0.37951,0.28577
B_v11_300p100,s1,9,0.29488,0.12834,0.5629,0.28678
B_v11_300p100,s1,10,0.26774,0.09674,0.52469,0.2617
B_v11_300p100,s1,11,0.28391,0.12643,0.54926,0.2873
B_v11_300p100,s1,12,0.3837,0.18563,0.52227,0.36839
B_v11_300p100,s1,13,0.35748,0.15216,0.41757,0.36735
B_v11_300p100,s1,14,0.47131,0.2204,0.43681,0.40832
B_v11_300p100,s1,15,0.43567,0.21058,0.58608,0.43968
B_v11_300p100,s1,16,0.47261,0.21571,0.62912,0.46444
B_v11_300p100,s1,17,0.45821,0.21487,0.51679,0.4776
B_v11_300p100,s1,18,0.40348,0.20049,0.52482,0.42098
B_v11_300p100,s1,19,0.42018,0.18677,0.5233,0.43466
B_v11_300p100,s1,20,0.47714,0.22799,0.61243,0.45159
B_v11_300p100,s1,21,0.42984,0.19608,0.56303,0.43151
B_v11_300p100,s1,22,0.39067,0.19309,0.57103,0.37036
B_v11_300p100,s1,23,0.50305,0.23294,0.57071,0.51065
B_v11_300p100,s1,24,0.46805,0.21636,0.50196,0.47391
B_v11_300p100,s1,25,0.45978,0.23103,0.55632,0.45215
B_v11_300p100,s1,26,0.5117,0.24488,0.67264,0.47337
B_v11_300p100,s1,27,0.50531,0.2607,0.62124,0.47499
B_v11_300p100,s1,28,0.5211,0.24976,0.64797,0.48375
B_v11_300p100,s1,29,0.53377,0.26572,0.63852,0.48308
B_v11_300p100,s1,30,0.49399,0.22746,0.60347,0.44786
B_v11_300p100,s1,31,0.51433,0.26104,0.69639,0.43834
B_v11_300p100,s1,32,0.50808,0.25672,0.58555,0.49809
B_v11_300p100,s1,33,0.57466,0.28829,0.71236,0.52128
B_v11_300p100,s1,34,0.57145,0.29599,0.69401,0.55763
B_v11_300p100,s1,35,0.51899,0.26376,0.58816,0.48657
B_v11_300p100,s1,36,0.56467,0.29548,0.60893,0.55204
B_v11_300p100,s1,37,0.55761,0.28382,0.64596,0.51542
B_v11_300p100,s1,38,0.57422,0.2989,0.60754,0.55492
B_v11_300p100,s1,39,0.56665,0.28638,0.59404,0.62104
B_v11_300p100,s1,40,0.58317,0.28844,0.66149,0.58667
B_v11_300p100,s1,41,0.61359,0.3,0.69792,0.55577
B_v11_300p100,s1,42,0.60206,0.30484,0.70198,0.54037
B_v11_300p100,s1,43,0.58394,0.29162,0.64198,0.54951
B_v11_300p100,s1,44,0.57504,0.28428,0.66744,0.52847
B_v11_300p100,s1,45,0.6004,0.3061,0.67055,0.58394
B_v11_300p100,s1,46,0.55196,0.28384,0.6054,0.5348
B_v11_300p100,s1,47,0.62129,0.30936,0.6377,0.60549
B_v11_300p100,s1,48,0.57186,0.29232,0.68351,0.53426
B_v11_300p100,s1,49,0.56004,0.28495,0.69018,0.50309
B_v11_300p100,s1,50,0.61787,0.31554,0.66853,0.55353
B_v11_300p100,s1,51,0.62594,0.3259,0.70112,0.60027
B_v11_300p100,s1,52,0.61176,0.30803,0.66275,0.62274
B_v11_300p100,s1,53,0.66167,0.33474,0.70652,0.6299
B_v11_300p100,s1,54,0.626,0.32659,0.64229,0.59257
B_v11_300p100,s1,55,0.60241,0.30318,0.61722,0.60882
B_v11_300p100,s1,56,0.65734,0.33831,0.66987,0.64744
B_v11_300p100,s1,57,0.59849,0.31028,0.61291,0.60429
B_v11_300p100,s1,58,0.64485,0.33032,0.68716,0.60757
B_v11_300p100,s1,59,0.6392,0.33492,0.68706,0.60504
B_v11_300p100,s1,60,0.65203,0.34716,0.71537,0.63413
B_v11_300p100,s1,61,0.64471,0.34281,0.73289,0.6088
B_v11_300p100,s1,62,0.62008,0.32634,0.67226,0.58981
B_v11_300p100,s1,63,0.60052,0.31854,0.69678,0.57814
B_v11_300p100,s1,64,0.65068,0.34319,0.74035,0.59549
B_v11_300p100,s1,65,0.62206,0.31584,0.71832,0.58946
B_v11_300p100,s1,66,0.64633,0.3314,0.72471,0.61051
B_v11_300p100,s1,67,0.647,0.33606,0.63822,0.63532
B_v11_300p100,s1,68,0.66523,0.34703,0.724,0.63081
B_v11_300p100,s1,69,0.63579,0.33467,0.71393,0.59742
B_v11_300p100,s1,70,0.66339,0.33426,0.67433,0.65939
B_v11_300p100,s1,71,0.65266,0.33878,0.73759,0.62539
B_v11_300p100,s1,72,0.59425,0.30296,0.73253,0.55682
B_v11_300p100,s1,73,0.64153,0.32889,0.68162,0.60338
B_v11_300p100,s1,74,0.64565,0.33696,0.74192,0.57922
B_v11_300p100,s1,75,0.66115,0.35589,0.73788,0.61255
B_v11_300p100,s1,76,0.66775,0.34452,0.75615,0.62553
B_v11_300p100,s1,77,0.64941,0.32804,0.75009,0.59374
B_v11_300p100,s1,78,0.67154,0.35277,0.73951,0.64281
B_v11_300p100,s1,79,0.64273,0.33471,0.72319,0.6117
B_v11_300p100,s1,80,0.67646,0.35267,0.74729,0.65176
B_v11_300p100,s1,81,0.67139,0.36077,0.73275,0.63499
B_v11_300p100,s1,82,0.67323,0.35002,0.74058,0.60432
B_v11_300p100,s1,83,0.67011,0.35814,0.78838,0.60842
B_v11_300p100,s1,84,0.67012,0.35292,0.71983,0.61484
B_v11_300p100,s1,85,0.64878,0.3408,0.73473,0.60199
B_v11_300p100,s1,86,0.67844,0.35547,0.77556,0.62833
B_v11_300p100,s1,87,0.69086,0.36858,0.80976,0.62741
B_v11_300p100,s1,88,0.64909,0.3283,0.74147,0.5871
B_v11_300p100,s1,89,0.68009,0.35472,0.68477,0.65663
B_v11_300p100,s1,90,0.64905,0.33253,0.65022,0.62854
B_v11_300p100,s1,91,0.64907,0.34389,0.72963,0.59417
B_v11_300p100,s1,92,0.63116,0.33227,0.7242,0.56802
B_v11_300p100,s1,93,0.64566,0.33174,0.73567,0.59175
B_v11_300p100,s1,94,0.66697,0.35508,0.7737,0.59153
B_v11_300p100,s1,95,0.68156,0.35577,0.75273,0.63422
B_v11_300p100,s1,96,0.66779,0.36198,0.74013,0.64263
B_v11_300p100,s1,97,0.66026,0.34666,0.73098,0.61363
B_v11_300p100,s1,98,0.67413,0.35759,0.82246,0.62779
B_v11_300p100,s1,99,0.6979,0.3729,0.75251,0.66647
B_v11_300p100,s1,100,0.69311,0.35585,0.77728,0.62084
B_v11_300p100,s1,101,0.66402,0.34854,0.75199,0.6168
B_v11_300p100,s1,102,0.66643,0.34555,0.7668,0.60168
B_v11_300p100,s1,103,0.6771,0.36484,0.76445,0.6131
B_v11_300p100,s1,104,0.66753,0.35685,0.75768,0.62182
B_v11_300p100,s1,105,0.66567,0.35684,0.70643,0.62171
B_v11_300p100,s1,106,0.6851,0.3672,0.80216,0.60978
B_v11_300p100,s1,107,0.67546,0.35415,0.78353,0.61574
B_v11_300p100,s1,108,0.66571,0.36435,0.76504,0.60468
B_v11_300p100,s1,109,0.67898,0.37167,0.69126,0.65919
B_v11_300p100,s1,110,0.69793,0.37195,0.7452,0.64919
B_v11_300p100,s1,111,0.68626,0.36518,0.81007,0.62052
B_v11_300p100,s1,112,0.708,0.37353,0.82863,0.62626
B_v11_300p100,s1,113,0.71193,0.38399,0.75943,0.65887
B_v11_300p100,s1,114,0.70825,0.37519,0.79158,0.64501
B_v11_300p100,s1,115,0.68304,0.35666,0.74901,0.61636
B_v11_300p100,s1,116,0.6699,0.35037,0.72586,0.65456
B_v11_300p100,s1,117,0.70009,0.3673,0.79886,0.6465
B_v11_300p100,s1,118,0.68466,0.3588,0.77251,0.6363
B_v11_300p100,s1,119,0.6422,0.34862,0.67955,0.60599
B_v11_300p100,s1,120,0.70738,0.3701,0.74799,0.67468
B_v11_300p100,s1,121,0.68663,0.36633,0.76671,0.63605
B_v11_300p100,s1,122,0.70097,0.37915,0.77731,0.63851
B_v11_300p100,s1,123,0.67574,0.35922,0.76197,0.63267
B_v11_300p100,s1,124,0.69802,0.36543,0.82919,0.6355
B_v11_300p100,s1,125,0.69001,0.37552,0.7829,0.67177
B_v11_300p100,s1,126,0.71214,0.37633,0.78868,0.64982
B_v11_300p100,s1,127,0.69925,0.37572,0.79638,0.64591
B_v11_300p100,s1,128,0.70153,0.3731,0.81091,0.65821
B_v11_300p100,s1,129,0.705,0.37839,0.79781,0.69238
B_v11_300p100,s1,130,0.70814,0.38097,0.80359,0.63499
B_v11_300p100,s1,131,0.70605,0.37058,0.80267,0.64157
B_v11_300p100,s1,132,0.69151,0.37147,0.75382,0.63891
B_v11_300p100,s1,133,0.69152,0.37407,0.78535,0.64353
B_v11_300p100,s1,134,0.71136,0.37793,0.74252,0.69306
B_v11_300p100,s1,135,0.69904,0.376,0.7661,0.63813
B_v11_300p100,s1,136,0.72102,0.39095,0.78416,0.66002
B_v11_300p100,s1,137,0.68711,0.37819,0.75109,0.65001
B_v11_300p100,s1,138,0.67753,0.37846,0.79383,0.63647
B_v11_300p100,s1,139,0.71802,0.38429,0.74589,0.68739
B_v11_300p100,s1,140,0.68951,0.37399,0.79384,0.62961
B_v11_300p100,s1,141,0.70092,0.38303,0.72612,0.68439
B_v11_300p100,s1,142,0.69006,0.37655,0.76281,0.63498
B_v11_300p100,s1,143,0.67186,0.37526,0.68799,0.65875
B_v11_300p100,s1,144,0.68942,0.37787,0.78545,0.63204
B_v11_300p100,s1,145,0.71531,0.39293,0.80879,0.65028
B_v11_300p100,s1,146,0.69466,0.38773,0.74203,0.66012
B_v11_300p100,s1,147,0.69022,0.37742,0.7872,0.63977
B_v11_300p100,s1,148,0.71299,0.38685,0.73569,0.6783
B_v11_300p100,s1,149,0.69888,0.37118,0.79948,0.63235
B_v11_300p100,s1,150,0.72139,0.392,0.79807,0.66292
B_v11_300p100,s1,151,0.70097,0.38701,0.76584,0.65977
B_v11_300p100,s1,152,0.72013,0.38841,0.78492,0.66185
B_v11_300p100,s1,153,0.70219,0.37695,0.76205,0.63629
B_v11_300p100,s1,154,0.66998,0.35788,0.78324,0.60384
B_v11_300p100,s1,155,0.67767,0.36317,0.77422,0.61584
B_v11_300p100,s1,156,0.69312,0.37322,0.775,0.65216
B_v11_300p100,s1,157,0.7204,0.39597,0.81088,0.65783
B_v11_300p100,s1,158,0.71708,0.39657,0.77959,0.69207
B_v11_300p100,s1,159,0.69715,0.37951,0.7397,0.67187
B_v11_300p100,s1,160,0.70625,0.38292,0.81023,0.64461
B_v11_300p100,s1,161,0.70559,0.38352,0.78075,0.65172
B_v11_300p100,s1,162,0.72652,0.39627,0.82306,0.65014
B_v11_300p100,s1,163,0.71021,0.38654,0.75054,0.68402
B_v11_300p100,s1,164,0.71561,0.388,0.80269,0.66131
B_v11_300p100,s1,165,0.68173,0.37761,0.73966,0.65896
B_v11_300p100,s1,166,0.68586,0.3677,0.79531,0.63464
B_v11_300p100,s1,167,0.69377,0.37851,0.8523,0.63601
B_v11_300p100,s1,168,0.70173,0.38969,0.79126,0.6676
B_v11_300p100,s1,169,0.7087,0.39022,0.76784,0.66923
B_v11_300p100,s1,170,0.70387,0.37649,0.80666,0.64505
B_v11_300p100,s1,171,0.71317,0.38315,0.8343,0.65399
B_v11_300p100,s1,172,0.71352,0.38443,0.80941,0.65395
B_v11_300p100,s1,173,0.71186,0.38349,0.77963,0.67326
B_v11_300p100,s1,174,0.70514,0.38409,0.73258,0.69906
B_v11_300p100,s1,175,0.71383,0.38339,0.78734,0.65173
B_v11_300p100,s1,176,0.68968,0.36949,0.75797,0.64821
B_v11_300p100,s1,177,0.71297,0.37278,0.7999,0.667
B_v11_300p100,s1,178,0.71462,0.38062,0.77077,0.68146
B_v11_300p100,s1,179,0.72717,0.39392,0.79569,0.66974
B_v11_300p100,s1,180,0.7129,0.38445,0.76375,0.67003
B_v11_300p100,s1,181,0.72455,0.39012,0.81138,0.67682
B_v11_300p100,s1,182,0.69583,0.37416,0.80311,0.64045
B_v11_300p100,s1,183,0.70506,0.38624,0.81014,0.65306
B_v11_300p100,s1,184,0.70484,0.3788,0.76755,0.6863
B_v11_300p100,s1,185,0.7103,0.3787,0.81433,0.6487
B_v11_300p100,s1,186,0.72635,0.40064,0.79805,0.6534
B_v11_300p100,s1,187,0.72006,0.38789,0.78734,0.65246
B_v11_300p100,s1,188,0.7282,0.39136,0.76778,0.68354
B_v11_300p100,s1,189,0.71545,0.38961,0.8022,0.64044
B_v11_300p100,s1,190,0.70287,0.37586,0.78433,0.64909
B_v11_300p100,s1,191,0.72611,0.38317,0.783,0.68527
B_v11_300p100,s1,192,0.73137,0.39262,0.81413,0.65397
B_v11_300p100,s1,193,0.73048,0.39892,0.78325,0.68636
B_v11_300p100,s1,194,0.72389,0.39554,0.77981,0.69517
B_v11_300p100,s1,195,0.70423,0.38931,0.75344,0.68161
B_v11_300p100,s1,196,0.70357,0.38634,0.7436,0.69088
B_v11_300p100,s1,197,0.73087,0.39619,0.76213,0.67749
B_v11_300p100,s1,198,0.7256,0.39187,0.7697,0.68917
B_v11_300p100,s1,199,0.71834,0.38837,0.75979,0.694
B_v11_300p100,s1,200,0.72378,0.38925,0.7917,0.68422
B_v11_300p100,s1,201,0.72047,0.38741,0.7857,0.68339
B_v11_300p100,s1,202,0.73091,0.39536,0.79152,0.67954
B_v11_300p100,s1,203,0.71996,0.39243,0.81536,0.6655
B_v11_300p100,s1,204,0.71098,0.38734,0.76995,0.68179
B_v11_300p100,s1,205,0.70167,0.37961,0.7638,0.6573
B_v11_300p100,s1,206,0.71651,0.39535,0.76947,0.68599
B_v11_300p100,s1,207,0.71088,0.39698,0.80391,0.64948
B_v11_300p100,s1,208,0.71627,0.38813,0.77833,0.67941
B_v11_300p100,s1,209,0.70449,0.38594,0.76329,0.68991
B_v11_300p100,s1,210,0.71621,0.38615,0.81919,0.65159
B_v11_300p100,s1,211,0.72299,0.39444,0.78879,0.67797
B_v11_300p100,s1,212,0.72332,0.40639,0.81698,0.65528
B_v11_300p100,s1,213,0.72499,0.39702,0.8061,0.67092
B_v11_300p100,s1,214,0.71844,0.38455,0.84679,0.64716
B_v11_300p100,s1,215,0.72545,0.39429,0.78098,0.69765
B_v11_300p100,s1,216,0.72673,0.39889,0.80222,0.66936
B_v11_300p100,s1,217,0.71171,0.39095,0.79932,0.65989
B_v11_300p100,s1,218,0.72295,0.39126,0.78962,0.68439
B_v11_300p100,s1,219,0.73449,0.39555,0.80412,0.68096
B_v11_300p100,s1,220,0.72571,0.39557,0.8516,0.64707
B_v11_300p100,s1,221,0.73196,0.39254,0.80727,0.6948
B_v11_300p100,s1,222,0.73872,0.39214,0.82856,0.70282
B_v11_300p100,s1,223,0.7223,0.38621,0.7955,0.688
B_v11_300p100,s1,224,0.71903,0.39215,0.7882,0.69056
B_v11_300p100,s1,225,0.73236,0.41103,0.7975,0.67979
B_v11_300p100,s1,226,0.73866,0.40499,0.81717,0.67762
B_v11_300p100,s1,227,0.7235,0.39936,0.79937,0.68332
B_v11_300p100,s1,228,0.71146,0.39235,0.79594,0.6797
B_v11_300p100,s1,229,0.71297,0.39791,0.7732,0.68408
B_v11_300p100,s1,230,0.73279,0.40714,0.80586,0.69213
B_v11_300p100,s1,231,0.73733,0.40696,0.83049,0.68297
B_v11_300p100,s1,232,0.72495,0.40399,0.79765,0.66733
B_v11_300p100,s1,233,0.72037,0.39781,0.81454,0.65682
B_v11_300p100,s1,234,0.7206,0.39089,0.80765,0.6602
B_v11_300p100,s1,235,0.71784,0.38906,0.83108,0.64596
B_v11_300p100,s1,236,0.72817,0.39987,0.8232,0.66631
B_v11_300p100,s1,237,0.73413,0.40265,0.79764,0.69013
B_v11_300p100,s1,238,0.71712,0.39656,0.78146,0.67426
B_v11_300p100,s1,239,0.71629,0.39765,0.80985,0.66367
B_v11_300p100,s1,240,0.71783,0.39321,0.83351,0.67159
B_v11_300p100,s1,241,0.72996,0.40284,0.81344,0.68747
B_v11_300p100,s1,242,0.72183,0.4019,0.80302,0.66365
B_v11_300p100,s1,243,0.72381,0.39783,0.79945,0.67523
B_v11_300p100,s1,244,0.72522,0.40067,0.80394,0.68461
B_v11_300p100,s1,245,0.72594,0.40756,0.81746,0.68632
B_v11_300p100,s1,246,0.73925,0.40543,0.86052,0.67787
B_v11_300p100,s1,247,0.71879,0.40586,0.82593,0.65357
B_v11_300p100,s1,248,0.72339,0.40426,0.78889,0.69181
B_v11_300p100,s1,249,0.72495,0.41007,0.82382,0.66324
B_v11_300p100,s1,250,0.73067,0.40813,0.83796,0.65484
B_v11_300p100,s1,251,0.71867,0.40787,0.81018,0.66529
B_v11_300p100,s1,252,0.72051,0.40395,0.78881,0.67714
B_v11_300p100,s1,253,0.7123,0.39647,0.77613,0.67989
B_v11_300p100,s1,254,0.71855,0.40668,0.78771,0.66891
B_v11_300p100,s1,255,0.72277,0.4038,0.83941,0.65296
B_v11_300p100,s1,256,0.72253,0.40093,0.75949,0.69625
B_v11_300p100,s1,257,0.72119,0.4035,0.7892,0.67755
B_v11_300p100,s1,258,0.71664,0.40343,0.79361,0.66258
B_v11_300p100,s1,259,0.71824,0.40004,0.80435,0.66137
B_v11_300p100,s1,260,0.7189,0.39897,0.82705,0.64889
B_v11_300p100,s1,261,0.71944,0.39928,0.80258,0.66358
B_v11_300p100,s1,262,0.71859,0.39591,0.79397,0.65032
B_v11_300p100,s1,263,0.72362,0.39911,0.81227,0.65388
B_v11_300p100,s1,264,0.72615,0.40254,0.81323,0.67347
B_v11_300p100,s1,265,0.72377,0.40748,0.81872,0.65568
B_v11_300p100,s1,266,0.72806,0.40212,0.81363,0.66643
B_v11_300p100,s1,267,0.73098,0.40921,0.81129,0.67417
B_v11_300p100,s1,268,0.7282,0.40274,0.79411,0.6848
B_v11_300p100,s1,269,0.72741,0.4066,0.78336,0.66575
B_v11_300p100,s1,270,0.73204,0.40791,0.77197,0.68428
B_v11_300p100,s1,271,0.7312,0.4064,0.79904,0.69145
B_v11_300p100,s1,272,0.72731,0.4091,0.78872,0.6782
B_v11_300p100,s1,273,0.71858,0.40612,0.83973,0.63317
B_v11_300p100,s1,274,0.72321,0.40934,0.83702,0.64713
B_v11_300p100,s1,275,0.72199,0.40532,0.82089,0.64937
B_v11_300p100,s1,276,0.7283,0.40299,0.78289,0.69341
B_v11_300p100,s1,277,0.72752,0.40404,0.80646,0.6785
B_v11_300p100,s1,278,0.72624,0.40121,0.80098,0.67276
B_v11_300p100,s1,279,0.72761,0.40098,0.81103,0.67705
B_v11_300p100,s1,280,0.72738,0.40541,0.77821,0.69154
B_v11_300p100,s1,281,0.7264,0.41111,0.83244,0.6647
B_v11_300p100,s1,282,0.72804,0.40726,0.79342,0.68643
B_v11_300p100,s1,283,0.72719,0.40468,0.79902,0.68112
B_v11_300p100,s1,284,0.72631,0.40193,0.77363,0.70202
B_v11_300p100,s1,285,0.72584,0.40467,0.80397,0.67252
B_v11_300p100,s1,286,0.72066,0.40895,0.75525,0.69874
B_v11_300p100,s1,287,0.72579,0.40364,0.76954,0.69285
B_v11_300p100,s1,288,0.72344,0.40581,0.79346,0.67977
B_v11_300p100,s1,289,0.72563,0.40639,0.77878,0.68599
B_v11_300p100,s1,290,0.7287,0.40654,0.81113,0.66989
B_v11_300p100,s1,291,0.72799,0.40656,0.77189,0.68637
B_v11_300p100,s1,292,0.72845,0.40323,0.79247,0.68065
B_v11_300p100,s1,293,0.72323,0.40116,0.80295,0.67697
B_v11_300p100,s1,294,0.72441,0.40258,0.8132,0.66006
B_v11_300p100,s1,295,0.72113,0.4012,0.81405,0.65557
B_v11_300p100,s1,296,0.72126,0.40302,0.83185,0.65244
B_v11_300p100,s1,297,0.72036,0.40342,0.82474,0.65844
B_v11_300p100,s1,298,0.72217,0.4051,0.832,0.65127
B_v11_300p100,s1,299,0.72405,0.40431,0.83549,0.65073
B_v11_300p100,s1,300,0.72603,0.40221,0.83473,0.64988
B_v11_300p100,s2,1,0.72259,0.40655,0.8074,0.66984
B_v11_300p100,s2,2,0.71692,0.39256,0.81525,0.65319
B_v11_300p100,s2,3,0.7182,0.39148,0.79861,0.67591
B_v11_300p100,s2,4,0.71272,0.38524,0.7752,0.68467
B_v11_300p100,s2,5,0.71984,0.38877,0.75912,0.67349
B_v11_300p100,s2,6,0.69843,0.38463,0.7506,0.67907
B_v11_300p100,s2,7,0.67696,0.37336,0.81448,0.62772
B_v11_300p100,s2,8,0.70595,0.3814,0.81922,0.63413
B_v11_300p100,s2,9,0.71257,0.38323,0.84998,0.63395
B_v11_300p100,s2,10,0.71778,0.39148,0.8115,0.68933
B_v11_300p100,s2,11,0.71492,0.39607,0.80127,0.67354
B_v11_300p100,s2,12,0.72702,0.40064,0.77886,0.68678
B_v11_300p100,s2,13,0.7057,0.39759,0.85145,0.63833
B_v11_300p100,s2,14,0.69904,0.38797,0.78763,0.66471
B_v11_300p100,s2,15,0.70104,0.38523,0.81592,0.66397
B_v11_300p100,s2,16,0.68954,0.37854,0.8096,0.64825
B_v11_300p100,s2,17,0.68722,0.37538,0.81095,0.62702
B_v11_300p100,s2,18,0.69376,0.37274,0.79504,0.65702
B_v11_300p100,s2,19,0.69097,0.38347,0.81674,0.65745
B_v11_300p100,s2,20,0.71391,0.39719,0.83787,0.65964
B_v11_300p100,s2,21,0.71382,0.38956,0.80609,0.67788
B_v11_300p100,s2,22,0.71162,0.38855,0.76141,0.69093
B_v11_300p100,s2,23,0.70446,0.38962,0.81737,0.65181
B_v11_300p100,s2,24,0.69378,0.37069,0.78314,0.65516
B_v11_300p100,s2,25,0.71633,0.38667,0.81574,0.67314
B_v11_300p100,s2,26,0.71248,0.38638,0.83784,0.63869
B_v11_300p100,s2,27,0.72548,0.39759,0.83637,0.66687
B_v11_300p100,s2,28,0.71953,0.39043,0.83413,0.64622
B_v11_300p100,s2,29,0.70734,0.39119,0.76815,0.67577
B_v11_300p100,s2,30,0.69583,0.38696,0.80414,0.63935
B_v11_300p100,s2,31,0.72374,0.39359,0.76713,0.68221
B_v11_300p100,s2,32,0.73162,0.40302,0.78997,0.68444
B_v11_300p100,s2,33,0.71163,0.3896,0.84373,0.65629
B_v11_300p100,s2,34,0.70191,0.3886,0.80435,0.66794
B_v11_300p100,s2,35,0.71817,0.3923,0.82686,0.67808
B_v11_300p100,s2,36,0.71122,0.39131,0.73254,0.69881
B_v11_300p100,s2,37,0.73107,0.39374,0.86233,0.65217
B_v11_300p100,s2,38,0.72429,0.40223,0.81784,0.68029
B_v11_300p100,s2,39,0.73141,0.40163,0.84644,0.65692
B_v11_300p100,s2,40,0.72747,0.39984,0.7704,0.70349
B_v11_300p100,s2,41,0.72661,0.40037,0.79779,0.67912
B_v11_300p100,s2,42,0.72797,0.40427,0.75689,0.71086
B_v11_300p100,s2,43,0.7205,0.4006,0.83982,0.65712
B_v11_300p100,s2,44,0.70577,0.38706,0.81722,0.6567
B_v11_300p100,s2,45,0.72594,0.40366,0.81538,0.67738
B_v11_300p100,s2,46,0.73255,0.40311,0.77053,0.71815
B_v11_300p100,s2,47,0.72676,0.40485,0.78031,0.71565
B_v11_300p100,s2,48,0.72311,0.39496,0.83671,0.67916
B_v11_300p100,s2,49,0.72608,0.39973,0.82744,0.68752
B_v11_300p100,s2,50,0.7264,0.39475,0.8201,0.69707
B_v11_300p100,s2,51,0.71989,0.39254,0.84295,0.67073
B_v11_300p100,s2,52,0.71938,0.40322,0.81889,0.67873
B_v11_300p100,s2,53,0.72997,0.4004,0.82535,0.69248
B_v11_300p100,s2,54,0.71479,0.3956,0.81393,0.67956
B_v11_300p100,s2,55,0.71536,0.39155,0.81814,0.67296
B_v11_300p100,s2,56,0.71977,0.39509,0.81387,0.66242
B_v11_300p100,s2,57,0.72246,0.38383,0.80671,0.6879
B_v11_300p100,s2,58,0.71607,0.39276,0.82488,0.67459
B_v11_300p100,s2,59,0.70415,0.38929,0.81303,0.65016
B_v11_300p100,s2,60,0.72209,0.39785,0.82057,0.67366
B_v11_300p100,s2,61,0.71563,0.395,0.82787,0.64987
B_v11_300p100,s2,62,0.71959,0.40243,0.83972,0.64741
B_v11_300p100,s2,63,0.7092,0.39517,0.75709,0.68905
B_v11_300p100,s2,64,0.71782,0.3963,0.7703,0.6814
B_v11_300p100,s2,65,0.70673,0.39377,0.82762,0.64958
B_v11_300p100,s2,66,0.71683,0.39268,0.83524,0.6425
B_v11_300p100,s2,67,0.711,0.39213,0.76763,0.68091
B_v11_300p100,s2,68,0.72085,0.3914,0.80117,0.67449
B_v11_300p100,s2,69,0.70461,0.39166,0.80528,0.6517
B_v11_300p100,s2,70,0.72609,0.3935,0.81862,0.6631
B_v11_300p100,s2,71,0.72292,0.39346,0.77474,0.68101
B_v11_300p100,s2,72,0.70466,0.38829,0.78498,0.66138
B_v11_300p100,s2,73,0.71209,0.39943,0.79782,0.65812
B_v11_300p100,s2,74,0.71266,0.39799,0.78967,0.67552
B_v11_300p100,s2,75,0.71414,0.39409,0.83931,0.65029
B_v11_300p100,s2,76,0.71361,0.39886,0.7904,0.66746
B_v11_300p100,s2,77,0.72049,0.40375,0.8562,0.65063
B_v11_300p100,s2,78,0.72476,0.40283,0.80984,0.69564
B_v11_300p100,s2,79,0.71857,0.3976,0.75835,0.68972
B_v11_300p100,s2,80,0.72623,0.40001,0.78962,0.67112
B_v11_300p100,s2,81,0.71656,0.39758,0.80182,0.66076
B_v11_300p100,s2,82,0.72812,0.40235,0.79809,0.68702
B_v11_300p100,s2,83,0.71937,0.40425,0.80339,0.68059
B_v11_300p100,s2,84,0.72518,0.40559,0.78115,0.69113
B_v11_300p100,s2,85,0.7251,0.40694,0.80088,0.69
B_v11_300p100,s2,86,0.72285,0.40506,0.77616,0.70191
B_v11_300p100,s2,87,0.72832,0.40652,0.82744,0.67725
B_v11_300p100,s2,88,0.72769,0.40314,0.82871,0.6715
B_v11_300p100,s2,89,0.72695,0.40342,0.80989,0.6853
B_v11_300p100,s2,90,0.72985,0.40474,0.83108,0.66734
B_v11_300p100,s2,91,0.73052,0.40277,0.81942,0.69011
B_v11_300p100,s2,92,0.71508,0.39852,0.84017,0.66073
B_v11_300p100,s2,93,0.71306,0.39864,0.81872,0.66235
B_v11_300p100,s2,94,0.70982,0.39628,0.8007,0.66169
B_v11_300p100,s2,95,0.71249,0.3992,0.8252,0.66927
B_v11_300p100,s2,96,0.71843,0.40185,0.8354,0.66274
B_v11_300p100,s2,97,0.71691,0.39581,0.82302,0.67611
B_v11_300p100,s2,98,0.71976,0.3963,0.82273,0.66745
B_v11_300p100,s2,99,0.72013,0.4008,0.8231,0.66116
B_v11_300p100,s2,100,0.71309,0.39806,0.81459,0.66993
B_v8_150p100,s1,1,0.00349,0.00188,0.00077,0.07506
B_v8_150p100,s1,2,0.06996,0.02969,0.00503,0.1837
B_v8_150p100,s1,3,0.0798,0.03234,0.00664,0.47631
B_v8_150p100,s1,4,0.13261,0.04509,0.37636,0.17209
B_v8_150p100,s1,5,0.10292,0.03857,0.30067,0.19624
B_v8_150p100,s1,6,0.21122,0.07239,0.4016,0.28647
B_v8_150p100,s1,7,0.27086,0.11801,0.57111,0.28724
B_v8_150p100,s1,8,0.31976,0.1422,0.43164,0.33262
B_v8_150p100,s1,9,0.32042,0.14983,0.61209,0.30827
B_v8_150p100,s1,10,0.3789,0.17229,0.50142,0.36212
B_v8_150p100,s1,11,0.46244,0.22467,0.56139,0.42897
B_v8_150p100,s1,12,0.43165,0.20369,0.62172,0.40281
B_v8_150p100,s1,13,0.38688,0.18081,0.54069,0.37543
B_v8_150p100,s1,14,0.45544,0.21788,0.59656,0.4139
B_v8_150p100,s1,15,0.37791,0.17693,0.5899,0.36585
B_v8_150p100,s1,16,0.4424,0.22577,0.60294,0.43051
B_v8_150p100,s1,17,0.43745,0.21102,0.54441,0.40752
B_v8_150p100,s1,18,0.49638,0.22979,0.54691,0.51178
B_v8_150p100,s1,19,0.52957,0.26562,0.66904,0.47506
B_v8_150p100,s1,20,0.36848,0.16839,0.68708,0.32691
B_v8_150p100,s1,21,0.53219,0.25585,0.65008,0.47608
B_v8_150p100,s1,22,0.53088,0.25115,0.64955,0.46904
B_v8_150p100,s1,23,0.51074,0.24237,0.6764,0.44723
B_v8_150p100,s1,24,0.46317,0.21897,0.66524,0.40998
B_v8_150p100,s1,25,0.51332,0.24882,0.59955,0.49153
B_v8_150p100,s1,26,0.52535,0.26635,0.62158,0.48965
B_v8_150p100,s1,27,0.56633,0.29606,0.6357,0.54875
B_v8_150p100,s1,28,0.53747,0.27042,0.59867,0.50701
B_v8_150p100,s1,29,0.50175,0.2617,0.61635,0.51242
B_v8_150p100,s1,30,0.50606,0.24685,0.66419,0.49423
B_v8_150p100,s1,31,0.57926,0.29652,0.66444,0.54682
B_v8_150p100,s1,32,0.53719,0.28297,0.70082,0.50681
B_v8_150p100,s1,33,0.61018,0.30591,0.66724,0.56247
B_v8_150p100,s1,34,0.54178,0.26884,0.67303,0.49966
B_v8_150p100,s1,35,0.54531,0.27222,0.65761,0.49715
B_v8_150p100,s1,36,0.55305,0.27799,0.68784,0.50338
B_v8_150p100,s1,37,0.60754,0.30298,0.64363,0.5974
B_v8_150p100,s1,38,0.57444,0.29587,0.69245,0.54088
B_v8_150p100,s1,39,0.61604,0.3121,0.74325,0.56364
B_v8_150p100,s1,40,0.59854,0.30369,0.64875,0.58363
B_v8_150p100,s1,41,0.58054,0.30588,0.6882,0.52289
B_v8_150p100,s1,42,0.56854,0.29587,0.71685,0.51286
B_v8_150p100,s1,43,0.60077,0.30949,0.70643,0.54449
B_v8_150p100,s1,44,0.61919,0.31887,0.70944,0.57174
B_v8_150p100,s1,45,0.61416,0.31819,0.69624,0.56973
B_v8_150p100,s1,46,0.58873,0.2959,0.72506,0.53813
B_v8_150p100,s1,47,0.59804,0.30359,0.75818,0.54113
B_v8_150p100,s1,48,0.63572,0.30906,0.71007,0.57631
B_v8_150p100,s1,49,0.60072,0.31511,0.67121,0.57452
B_v8_150p100,s1,50,0.63135,0.32957,0.75142,0.58149
B_v8_150p100,s1,51,0.63515,0.33301,0.7074,0.60929
B_v8_150p100,s1,52,0.63259,0.31924,0.70641,0.60916
B_v8_150p100,s1,53,0.63756,0.33358,0.75029,0.60114
B_v8_150p100,s1,54,0.62363,0.32402,0.77542,0.5632
B_v8_150p100,s1,55,0.62222,0.32852,0.70157,0.58551
B_v8_150p100,s1,56,0.65004,0.3266,0.73079,0.59655
B_v8_150p100,s1,57,0.62388,0.31856,0.637,0.62787
B_v8_150p100,s1,58,0.64915,0.34605,0.71287,0.62492
B_v8_150p100,s1,59,0.65447,0.33376,0.75679,0.57743
B_v8_150p100,s1,60,0.65707,0.3461,0.81781,0.58678
B_v8_150p100,s1,61,0.65057,0.33685,0.73171,0.62261
B_v8_150p100,s1,62,0.60787,0.3229,0.66259,0.61035
B_v8_150p100,s1,63,0.64155,0.33833,0.72272,0.61097
B_v8_150p100,s1,64,0.67176,0.34747,0.7598,0.62218
B_v8_150p100,s1,65,0.63319,0.32107,0.75587,0.56905
B_v8_150p100,s1,66,0.65527,0.33864,0.72339,0.62778
B_v8_150p100,s1,67,0.69618,0.37603,0.69187,0.65636
B_v8_150p100,s1,68,0.65145,0.34076,0.74851,0.63138
B_v8_150p100,s1,69,0.65841,0.34469,0.79075,0.58241
B_v8_150p100,s1,70,0.62802,0.32568,0.74649,0.56354
B_v8_150p100,s1,71,0.66719,0.35132,0.75529,0.61397
B_v8_150p100,s1,72,0.64453,0.33245,0.77209,0.5718
B_v8_150p100,s1,73,0.68011,0.35298,0.71703,0.64541
B_v8_150p100,s1,74,0.68373,0.34374,0.76663,0.6308
B_v8_150p100,s1,75,0.67859,0.35816,0.74728,0.60486
B_v8_150p100,s1,76,0.66454,0.36109,0.75113,0.63027
B_v8_150p100,s1,77,0.67408,0.35075,0.76308,0.62148
B_v8_150p100,s1,78,0.65497,0.34468,0.78333,0.59677
B_v8_150p100,s1,79,0.65124,0.33295,0.75059,0.59908
B_v8_150p100,s1,80,0.63668,0.33223,0.70814,0.61398
B_v8_150p100,s1,81,0.67236,0.34531,0.77356,0.6034
B_v8_150p100,s1,82,0.67198,0.36624,0.73321,0.64482
B_v8_150p100,s1,83,0.6853,0.35961,0.79126,0.64093
B_v8_150p100,s1,84,0.66694,0.34826,0.74952,0.64113
B_v8_150p100,s1,85,0.68557,0.36446,0.76799,0.64399
B_v8_150p100,s1,86,0.69365,0.36246,0.79449,0.64821
B_v8_150p100,s1,87,0.67745,0.36096,0.75538,0.61991
B_v8_150p100,s1,88,0.68133,0.35278,0.77866,0.63946
B_v8_150p100,s1,89,0.6986,0.35781,0.74299,0.64591
B_v8_150p100,s1,90,0.69297,0.36139,0.76267,0.64582
B_v8_150p100,s1,91,0.68513,0.36316,0.77038,0.65927
B_v8_150p100,s1,92,0.68017,0.3585,0.76285,0.65906
B_v8_150p100,s1,93,0.69062,0.36584,0.78347,0.63048
B_v8_150p100,s1,94,0.66816,0.36531,0.78992,0.61999
B_v8_150p100,s1,95,0.67156,0.35854,0.7552,0.62525
B_v8_150p100,s1,96,0.67381,0.35217,0.74934,0.62794
B_v8_150p100,s1,97,0.66752,0.35079,0.77956,0.61535
B_v8_150p100,s1,98,0.69154,0.36279,0.80813,0.64869
B_v8_150p100,s1,99,0.68981,0.36048,0.74577,0.65447
B_v8_150p100,s1,100,0.70692,0.37604,0.78155,0.64595
B_v8_150p100,s1,101,0.69492,0.36971,0.76424,0.65847
B_v8_150p100,s1,102,0.6717,0.35513,0.76784,0.64626
B_v8_150p100,s1,103,0.70246,0.37434,0.78929,0.64215
B_v8_150p100,s1,104,0.70143,0.37215,0.77085,0.64636
B_v8_150p100,s1,105,0.67279,0.35076,0.77808,0.61583
B_v8_150p100,s1,106,0.69488,0.36737,0.78474,0.63849
B_v8_150p100,s1,107,0.68898,0.37578,0.77304,0.65387
B_v8_150p100,s1,108,0.6716,0.35729,0.78562,0.63533
B_v8_150p100,s1,109,0.68616,0.3646,0.78812,0.63845
B_v8_150p100,s1,110,0.68736,0.36073,0.76547,0.65527
B_v8_150p100,s1,111,0.7029,0.37359,0.76691,0.67772
B_v8_150p100,s1,112,0.69815,0.36927,0.82595,0.65787
B_v8_150p100,s1,113,0.6958,0.3711,0.78477,0.66813
B_v8_150p100,s1,114,0.6972,0.36578,0.80725,0.64724
B_v8_150p100,s1,115,0.68978,0.35564,0.76966,0.65746
B_v8_150p100,s1,116,0.69626,0.37781,0.78057,0.66057
B_v8_150p100,s1,117,0.69107,0.37091,0.78906,0.65218
B_v8_150p100,s1,118,0.7003,0.36999,0.82571,0.61688
B_v8_150p100,s1,119,0.69549,0.3684,0.81072,0.64996
B_v8_150p100,s1,120,0.68096,0.36152,0.7546,0.64024
B_v8_150p100,s1,121,0.67876,0.37068,0.76603,0.64891
B_v8_150p100,s1,122,0.68535,0.37504,0.77785,0.65124
B_v8_150p100,s1,123,0.67581,0.36488,0.81122,0.6078
B_v8_150p100,s1,124,0.6785,0.37013,0.81718,0.61806
B_v8_150p100,s1,125,0.67955,0.36866,0.75632,0.65615
B_v8_150p100,s1,126,0.69272,0.36643,0.80536,0.62479
B_v8_150p100,s1,127,0.68482,0.36949,0.80674,0.63579
B_v8_150p100,s1,128,0.70022,0.3748,0.7972,0.6551
B_v8_150p100,s1,129,0.68727,0.36394,0.78226,0.66448
B_v8_150p100,s1,130,0.68945,0.36977,0.80439,0.64469
B_v8_150p100,s1,131,0.69613,0.38121,0.79317,0.63699
B_v8_150p100,s1,132,0.68814,0.37358,0.80452,0.65447
B_v8_150p100,s1,133,0.68496,0.37676,0.82292,0.63818
B_v8_150p100,s1,134,0.69522,0.38011,0.79952,0.65988
B_v8_150p100,s1,135,0.69268,0.37572,0.78731,0.65879
B_v8_150p100,s1,136,0.68925,0.37704,0.73322,0.67349
B_v8_150p100,s1,137,0.69612,0.37588,0.77489,0.66331
B_v8_150p100,s1,138,0.68366,0.37318,0.81096,0.61817
B_v8_150p100,s1,139,0.69393,0.3746,0.79056,0.63255
B_v8_150p100,s1,140,0.69354,0.37886,0.77776,0.65087
B_v8_150p100,s1,141,0.69402,0.37239,0.77738,0.65218
B_v8_150p100,s1,142,0.68969,0.37074,0.76071,0.65058
B_v8_150p100,s1,143,0.6923,0.37705,0.7808,0.64038
B_v8_150p100,s1,144,0.68821,0.37392,0.83807,0.61566
B_v8_150p100,s1,145,0.69732,0.38255,0.81422,0.64262
B_v8_150p100,s1,146,0.69705,0.38256,0.83054,0.64486
B_v8_150p100,s1,147,0.6981,0.38016,0.82374,0.63776
B_v8_150p100,s1,148,0.68785,0.38096,0.77583,0.64813
B_v8_150p100,s1,149,0.69419,0.38156,0.75796,0.66745
B_v8_150p100,s1,150,0.69554,0.38315,0.79778,0.63437
B_v8_150p100,s2,1,0.69764,0.37949,0.82595,0.62618
B_v8_150p100,s2,2,0.69367,0.38185,0.81626,0.63273
B_v8_150p100,s2,3,0.70037,0.3711,0.78315,0.67343
B_v8_150p100,s2,4,0.69169,0.36479,0.80672,0.66724
B_v8_150p100,s2,5,0.68099,0.35551,0.7983,0.63833
B_v8_150p100,s2,6,0.7042,0.36585,0.77837,0.67527
B_v8_150p100,s2,7,0.68664,0.3592,0.7756,0.64561
B_v8_150p100,s2,8,0.69341,0.36261,0.82861,0.63017
B_v8_150p100,s2,9,0.67392,0.36383,0.78607,0.6182
B_v8_150p100,s2,10,0.67666,0.3668,0.76493,0.63614
B_v8_150p100,s2,11,0.67475,0.35694,0.80074,0.61724
B_v8_150p100,s2,12,0.67638,0.35941,0.78179,0.63197
B_v8_150p100,s2,13,0.70226,0.36752,0.75592,0.68329
B_v8_150p100,s2,14,0.66908,0.35737,0.78446,0.61047
B_v8_150p100,s2,15,0.67475,0.35998,0.825,0.6233
B_v8_150p100,s2,16,0.68598,0.37247,0.77639,0.6467
B_v8_150p100,s2,17,0.68588,0.37592,0.77169,0.65138
B_v8_150p100,s2,18,0.67912,0.36517,0.81938,0.60863
B_v8_150p100,s2,19,0.67839,0.36476,0.80892,0.60635
B_v8_150p100,s2,20,0.69045,0.37019,0.79925,0.62966
B_v8_150p100,s2,21,0.68963,0.36832,0.75221,0.65155
B_v8_150p100,s2,22,0.67266,0.36166,0.77843,0.63568
B_v8_150p100,s2,23,0.67708,0.35962,0.79981,0.63602
B_v8_150p100,s2,24,0.66992,0.36741,0.79422,0.6367
B_v8_150p100,s2,25,0.67687,0.37337,0.78893,0.6285
B_v8_150p100,s2,26,0.68385,0.36738,0.78978,0.62674
B_v8_150p100,s2,27,0.6833,0.375,0.78183,0.63003
B_v8_150p100,s2,28,0.68609,0.36507,0.75122,0.65204
B_v8_150p100,s2,29,0.67615,0.36031,0.81213,0.61916
B_v8_150p100,s2,30,0.68673,0.3631,0.74851,0.63579
B_v8_150p100,s2,31,0.67406,0.35409,0.81327,0.61747
B_v8_150p100,s2,32,0.68853,0.37247,0.816,0.62219
B_v8_150p100,s2,33,0.7061,0.366,0.76076,0.63232
B_v8_150p100,s2,34,0.69618,0.37529,0.84949,0.61605
B_v8_150p100,s2,35,0.68681,0.36477,0.76964,0.64732
B_v8_150p100,s2,36,0.70855,0.38146,0.7697,0.6713
B_v8_150p100,s2,37,0.70922,0.38067,0.79173,0.6736
B_v8_150p100,s2,38,0.7182,0.38491,0.8184,0.6577
B_v8_150p100,s2,39,0.6787,0.36816,0.77322,0.63882
B_v8_150p100,s2,40,0.67804,0.36994,0.79182,0.62754
B_v8_150p100,s2,41,0.66674,0.36131,0.77023,0.63675
B_v8_150p100,s2,42,0.68509,0.36854,0.78981,0.63694
B_v8_150p100,s2,43,0.70474,0.37379,0.76478,0.67018
B_v8_150p100,s2,44,0.68314,0.36797,0.79293,0.62952
B_v8_150p100,s2,45,0.68224,0.36,0.77897,0.63322
B_v8_150p100,s2,46,0.67617,0.36885,0.81273,0.61216
B_v8_150p100,s2,47,0.68887,0.37446,0.78043,0.64202
B_v8_150p100,s2,48,0.68964,0.36188,0.82232,0.61829
B_v8_150p100,s2,49,0.67857,0.37134,0.80407,0.62647
B_v8_150p100,s2,50,0.68754,0.36241,0.81561,0.61754
B_v8_150p100,s2,51,0.67432,0.36088,0.80536,0.60301
B_v8_150p100,s2,52,0.69919,0.38117,0.79468,0.64555
B_v8_150p100,s2,53,0.70065,0.37902,0.80853,0.62698
B_v8_150p100,s2,54,0.70365,0.3767,0.76937,0.67166
B_v8_150p100,s2,55,0.68613,0.37865,0.7898,0.64816
B_v8_150p100,s2,56,0.68703,0.37307,0.78287,0.64016
B_v8_150p100,s2,57,0.6896,0.36915,0.76247,0.66571
B_v8_150p100,s2,58,0.7004,0.37269,0.78622,0.65021
B_v8_150p100,s2,59,0.69575,0.3743,0.7164,0.68258
B_v8_150p100,s2,60,0.70529,0.38073,0.8132,0.64755
B_v8_150p100,s2,61,0.69438,0.37328,0.81342,0.63984
B_v8_150p100,s2,62,0.69476,0.37401,0.75101,0.6685
B_v8_150p100,s2,63,0.69386,0.37422,0.71621,0.65487
B_v8_150p100,s2,64,0.70496,0.38132,0.79749,0.66128
B_v8_150p100,s2,65,0.69609,0.37543,0.77991,0.65107
B_v8_150p100,s2,66,0.68583,0.37206,0.82677,0.61812
B_v8_150p100,s2,67,0.68653,0.37993,0.79495,0.64709
B_v8_150p100,s2,68,0.68734,0.37342,0.76119,0.65416
B_v8_150p100,s2,69,0.68849,0.3761,0.8105,0.63193
B_v8_150p100,s2,70,0.68833,0.37521,0.7817,0.65325
B_v8_150p100,s2,71,0.68543,0.37337,0.78114,0.64727
B_v8_150p100,s2,72,0.69185,0.37209,0.79155,0.64254
B_v8_150p100,s2,73,0.69936,0.37726,0.81795,0.64401
B_v8_150p100,s2,74,0.69751,0.37987,0.81974,0.6369
B_v8_150p100,s2,75,0.6997,0.38014,0.82023,0.63192
B_v8_150p100,s2,76,0.70612,0.37711,0.80868,0.65209
B_v8_150p100,s2,77,0.70505,0.37931,0.78053,0.6684
B_v8_150p100,s2,78,0.70189,0.3811,0.76536,0.66214
B_v8_150p100,s2,79,0.69929,0.38078,0.8099,0.64559
B_v8_150p100,s2,80,0.68428,0.37572,0.82485,0.63059
B_v8_150p100,s2,81,0.68487,0.373,0.81453,0.6271
B_v8_150p100,s2,82,0.69121,0.374,0.76928,0.65798
B_v8_150p100,s2,83,0.68312,0.37482,0.83831,0.62996
B_v8_150p100,s2,84,0.69134,0.38138,0.81307,0.63685
B_v8_150p100,s2,85,0.70256,0.38682,0.77841,0.67115
B_v8_150p100,s2,86,0.69968,0.38865,0.80882,0.64668
B_v8_150p100,s2,87,0.69551,0.38673,0.78294,0.66486
B_v8_150p100,s2,88,0.70156,0.38232,0.77572,0.65837
B_v8_150p100,s2,89,0.69074,0.37722,0.82082,0.64537
B_v8_150p100,s2,90,0.69522,0.38089,0.75193,0.67043
B_v8_150p100,s2,91,0.68914,0.38197,0.80501,0.63795
B_v8_150p100,s2,92,0.68371,0.37508,0.7801,0.64427
B_v8_150p100,s2,93,0.69794,0.38478,0.80696,0.63408
B_v8_150p100,s2,94,0.68171,0.38046,0.78533,0.65024
B_v8_150p100,s2,95,0.69445,0.38166,0.76729,0.66975
B_v8_150p100,s2,96,0.69037,0.38183,0.80647,0.61558
B_v8_150p100,s2,97,0.69073,0.37894,0.76545,0.6439
B_v8_150p100,s2,98,0.69482,0.38497,0.82406,0.62558
B_v8_150p100,s2,99,0.69993,0.38362,0.80893,0.63807
B_v8_150p100,s2,100,0.6929,0.38435,0.83729,0.61726
B_v8_300p100,s1,1,0.00349,0.00188,0.00077,0.07506
B_v8_300p100,s1,2,0.07594,0.03397,0.00663,0.19384
B_v8_300p100,s1,3,0.07603,0.02859,0.00543,0.3544
B_v8_300p100,s1,4,0.09641,0.03163,0.53459,0.1388
B_v8_300p100,s1,5,0.09315,0.03569,0.44584,0.14501
B_v8_300p100,s1,6,0.19872,0.07903,0.39079,0.22436
B_v8_300p100,s1,7,0.20481,0.08695,0.39043,0.26422
B_v8_300p100,s1,8,0.28807,0.13107,0.44845,0.32911
B_v8_300p100,s1,9,0.27113,0.11312,0.50282,0.31741
B_v8_300p100,s1,10,0.18481,0.07116,0.3242,0.21714
B_v8_300p100,s1,11,0.18057,0.06895,0.45707,0.24351
B_v8_300p100,s1,12,0.37056,0.17087,0.49419,0.39397
B_v8_300p100,s1,13,0.45784,0.21387,0.66833,0.41561
B_v8_300p100,s1,14,0.37203,0.18745,0.57681,0.35696
B_v8_300p100,s1,15,0.50806,0.23538,0.60521,0.50888
B_v8_300p100,s1,16,0.48316,0.23653,0.66629,0.44471
B_v8_300p100,s1,17,0.4764,0.236,0.59011,0.44927
B_v8_300p100,s1,18,0.47608,0.23571,0.59065,0.44296
B_v8_300p100,s1,19,0.50888,0.24242,0.66587,0.46542
B_v8_300p100,s1,20,0.45443,0.22483,0.57702,0.46264
B_v8_300p100,s1,21,0.4297,0.20099,0.56037,0.42604
B_v8_300p100,s1,22,0.48671,0.24098,0.50279,0.503
B_v8_300p100,s1,23,0.52392,0.255,0.62482,0.50031
B_v8_300p100,s1,24,0.40571,0.17616,0.56462,0.39373
B_v8_300p100,s1,25,0.52084,0.24833,0.56567,0.54159
B_v8_300p100,s1,26,0.55055,0.27304,0.6442,0.51406
B_v8_300p100,s1,27,0.51346,0.26347,0.57672,0.49685
B_v8_300p100,s1,28,0.52255,0.24394,0.68364,0.47913
B_v8_300p100,s1,29,0.56739,0.29008,0.66157,0.54841
B_v8_300p100,s1,30,0.43468,0.18637,0.69615,0.3846
B_v8_300p100,s1,31,0.52495,0.25876,0.6578,0.46812
B_v8_300p100,s1,32,0.51516,0.27143,0.55594,0.5353
B_v8_300p100,s1,33,0.59922,0.29667,0.63803,0.59972
B_v8_300p100,s1,34,0.56513,0.28329,0.703,0.48882
B_v8_300p100,s1,35,0.56689,0.27864,0.59473,0.55581
B_v8_300p100,s1,36,0.56736,0.28028,0.7106,0.52887
B_v8_300p100,s1,37,0.57152,0.28734,0.62289,0.56437
B_v8_300p100,s1,38,0.57675,0.29104,0.69721,0.53573
B_v8_300p100,s1,39,0.58612,0.27437,0.66304,0.5661
B_v8_300p100,s1,40,0.59345,0.30479,0.64105,0.59052
B_v8_300p100,s1,41,0.59677,0.29558,0.68323,0.57042
B_v8_300p100,s1,42,0.58787,0.31154,0.66097,0.56289
B_v8_300p100,s1,43,0.57298,0.2787,0.66144,0.51525
B_v8_300p100,s1,44,0.61737,0.31893,0.71737,0.57408
B_v8_300p100,s1,45,0.5942,0.30064,0.61713,0.56241
B_v8_300p100,s1,46,0.60719,0.30855,0.81199,0.55687
B_v8_300p100,s1,47,0.59789,0.29527,0.73779,0.5646
B_v8_300p100,s1,48,0.64214,0.31902,0.69264,0.60549
B_v8_300p100,s1,49,0.56894,0.28409,0.69872,0.52272
B_v8_300p100,s1,50,0.60718,0.28875,0.67176,0.57353
B_v8_300p100,s1,51,0.62784,0.3113,0.68924,0.62796
B_v8_300p100,s1,52,0.59864,0.3011,0.66313,0.56879
B_v8_300p100,s1,53,0.60444,0.30216,0.71375,0.56469
B_v8_300p100,s1,54,0.62978,0.3179,0.71825,0.57904
B_v8_300p100,s1,55,0.61162,0.30724,0.72006,0.56669
B_v8_300p100,s1,56,0.60745,0.32085,0.71235,0.58066
B_v8_300p100,s1,57,0.60525,0.29689,0.68275,0.55373
B_v8_300p100,s1,58,0.62434,0.32141,0.65648,0.60855
B_v8_300p100,s1,59,0.6539,0.32741,0.71935,0.6272
B_v8_300p100,s1,60,0.64003,0.33462,0.70275,0.62835
B_v8_300p100,s1,61,0.63814,0.3274,0.69496,0.57514
B_v8_300p100,s1,62,0.60182,0.3262,0.6756,0.58073
B_v8_300p100,s1,63,0.61104,0.31035,0.68128,0.56385
B_v8_300p100,s1,64,0.62565,0.32825,0.68089,0.59993
B_v8_300p100,s1,65,0.57766,0.3003,0.61989,0.56665
B_v8_300p100,s1,66,0.61451,0.32143,0.67201,0.57883
B_v8_300p100,s1,67,0.63538,0.35049,0.67673,0.62247
B_v8_300p100,s1,68,0.62791,0.31574,0.70893,0.59155
B_v8_300p100,s1,69,0.66495,0.34222,0.7656,0.62395
B_v8_300p100,s1,70,0.63037,0.32218,0.66257,0.59509
B_v8_300p100,s1,71,0.6329,0.32978,0.71315,0.58698
B_v8_300p100,s1,72,0.60055,0.30702,0.70585,0.56677
B_v8_300p100,s1,73,0.65098,0.34662,0.67483,0.64522
B_v8_300p100,s1,74,0.66811,0.34319,0.72082,0.64195
B_v8_300p100,s1,75,0.67769,0.34269,0.77446,0.61728
B_v8_300p100,s1,76,0.65277,0.33846,0.77368,0.56711
B_v8_300p100,s1,77,0.64269,0.33,0.70509,0.60853
B_v8_300p100,s1,78,0.66572,0.35136,0.69065,0.65089
B_v8_300p100,s1,79,0.66912,0.35908,0.72278,0.6306
B_v8_300p100,s1,80,0.65131,0.34658,0.70546,0.61592
B_v8_300p100,s1,81,0.64264,0.34029,0.70453,0.62767
B_v8_300p100,s1,82,0.67278,0.33631,0.74508,0.63275
B_v8_300p100,s1,83,0.67309,0.3513,0.78567,0.63028
B_v8_300p100,s1,84,0.68324,0.35947,0.74269,0.63396
B_v8_300p100,s1,85,0.6737,0.35917,0.74017,0.63272
B_v8_300p100,s1,86,0.67677,0.35475,0.70564,0.64299
B_v8_300p100,s1,87,0.67171,0.35728,0.75603,0.62489
B_v8_300p100,s1,88,0.66714,0.34317,0.76799,0.61023
B_v8_300p100,s1,89,0.68646,0.3575,0.74649,0.63313
B_v8_300p100,s1,90,0.66746,0.34417,0.71388,0.6177
B_v8_300p100,s1,91,0.59525,0.32189,0.71058,0.57781
B_v8_300p100,s1,92,0.64572,0.34739,0.67681,0.65202
B_v8_300p100,s1,93,0.65933,0.35756,0.71958,0.63465
B_v8_300p100,s1,94,0.66027,0.35543,0.78763,0.59339
B_v8_300p100,s1,95,0.68736,0.36806,0.80023,0.62053
B_v8_300p100,s1,96,0.65961,0.36016,0.75573,0.59897
B_v8_300p100,s1,97,0.68985,0.36331,0.76763,0.63046
B_v8_300p100,s1,98,0.66336,0.34715,0.75492,0.60225
B_v8_300p100,s1,99,0.66399,0.35043,0.71564,0.62358
B_v8_300p100,s1,100,0.68278,0.37102,0.74219,0.65085
B_v8_300p100,s1,101,0.65949,0.34625,0.68823,0.62774
B_v8_300p100,s1,102,0.66828,0.35297,0.73882,0.63546
B_v8_300p100,s1,103,0.65886,0.35572,0.75297,0.59801
B_v8_300p100,s1,104,0.66519,0.35496,0.77111,0.58854
B_v8_300p100,s1,105,0.68608,0.35874,0.7449,0.61685
B_v8_300p100,s1,106,0.68451,0.36618,0.79837,0.60997
B_v8_300p100,s1,107,0.66813,0.36168,0.73068,0.63291
B_v8_300p100,s1,108,0.68409,0.36799,0.73198,0.67287
B_v8_300p100,s1,109,0.66788,0.3588,0.74055,0.63765
B_v8_300p100,s1,110,0.67074,0.3569,0.73912,0.64117
B_v8_300p100,s1,111,0.68269,0.36813,0.74877,0.6338
B_v8_300p100,s1,112,0.66855,0.36241,0.73604,0.61011
B_v8_300p100,s1,113,0.67698,0.3617,0.69154,0.66029
B_v8_300p100,s1,114,0.66579,0.35882,0.72251,0.63425
B_v8_300p100,s1,115,0.66441,0.35325,0.71244,0.62549
B_v8_300p100,s1,116,0.67433,0.35442,0.75404,0.64635
B_v8_300p100,s1,117,0.68247,0.37888,0.75222,0.64714
B_v8_300p100,s1,118,0.68046,0.36011,0.78967,0.641
B_v8_300p100,s1,119,0.67126,0.35799,0.76815,0.61775
B_v8_300p100,s1,120,0.68858,0.36906,0.74446,0.63413
B_v8_300p100,s1,121,0.68738,0.37896,0.72822,0.64648
B_v8_300p100,s1,122,0.69376,0.37653,0.79017,0.62356
B_v8_300p100,s1,123,0.6934,0.37925,0.77055,0.63085
B_v8_300p100,s1,124,0.69586,0.38467,0.79562,0.63025
B_v8_300p100,s1,125,0.68444,0.37525,0.726,0.63617
B_v8_300p100,s1,126,0.69664,0.38988,0.79409,0.66012
B_v8_300p100,s1,127,0.70476,0.39384,0.75847,0.65444
B_v8_300p100,s1,128,0.70623,0.39288,0.77219,0.67256
B_v8_300p100,s1,129,0.70552,0.37667,0.75017,0.70702
B_v8_300p100,s1,130,0.68753,0.37246,0.75099,0.64247
B_v8_300p100,s1,131,0.67278,0.3537,0.75026,0.62729
B_v8_300p100,s1,132,0.67348,0.3562,0.74708,0.62998
B_v8_300p100,s1,133,0.69461,0.36697,0.74209,0.65779
B_v8_300p100,s1,134,0.69084,0.38868,0.78375,0.64445
B_v8_300p100,s1,135,0.69069,0.38219,0.7444,0.64122
B_v8_300p100,s1,136,0.69023,0.38243,0.80472,0.63607
B_v8_300p100,s1,137,0.68452,0.37541,0.71483,0.64571
B_v8_300p100,s1,138,0.69646,0.37548,0.72457,0.65457
B_v8_300p100,s1,139,0.69898,0.37501,0.82474,0.62197
B_v8_300p100,s1,140,0.70437,0.39245,0.80617,0.65723
B_v8_300p100,s1,141,0.69788,0.38781,0.73825,0.6737
B_v8_300p100,s1,142,0.70474,0.38158,0.79666,0.66626
B_v8_300p100,s1,143,0.68714,0.37087,0.77043,0.63507
B_v8_300p100,s1,144,0.68287,0.3655,0.75562,0.62055
B_v8_300p100,s1,145,0.68118,0.36835,0.79398,0.6499
B_v8_300p100,s1,146,0.68781,0.38514,0.7901,0.63776
B_v8_300p100,s1,147,0.673,0.36968,0.77752,0.62327
B_v8_300p100,s1,148,0.68481,0.37583,0.73633,0.65594
B_v8_300p100,s1,149,0.71041,0.39609,0.81598,0.64797
B_v8_300p100,s1,150,0.7264,0.39858,0.81591,0.65862
B_v8_300p100,s1,151,0.69728,0.38685,0.76019,0.65784
B_v8_300p100,s1,152,0.69984,0.38221,0.73506,0.67204
B_v8_300p100,s1,153,0.70029,0.37831,0.74449,0.67758
B_v8_300p100,s1,154,0.70577,0.39289,0.7478,0.67054
B_v8_300p100,s1,155,0.68598,0.38028,0.75169,0.64698
B_v8_300p100,s1,156,0.67142,0.36848,0.75139,0.6316
B_v8_300p100,s1,157,0.7035,0.38173,0.79003,0.65975
B_v8_300p100,s1,158,0.71238,0.38185,0.78031,0.66606
B_v8_300p100,s1,159,0.70604,0.38176,0.78235,0.66283
B_v8_300p100,s1,160,0.69949,0.38536,0.71239,0.68271
B_v8_300p100,s1,161,0.69786,0.38655,0.71983,0.69218
B_v8_300p100,s1,162,0.69806,0.38452,0.79305,0.60352
B_v8_300p100,s1,163,0.694,0.38111,0.77005,0.6212
B_v8_300p100,s1,164,0.68532,0.38088,0.72302,0.6596
B_v8_300p100,s1,165,0.70088,0.3961,0.77333,0.65415
B_v8_300p100,s1,166,0.73527,0.39816,0.83204,0.6746
B_v8_300p100,s1,167,0.71631,0.3959,0.82648,0.64922
B_v8_300p100,s1,168,0.70386,0.38655,0.76417,0.6539
B_v8_300p100,s1,169,0.69955,0.38273,0.7535,0.6701
B_v8_300p100,s1,170,0.70539,0.38486,0.74289,0.67735
B_v8_300p100,s1,171,0.70875,0.3888,0.7546,0.69355
B_v8_300p100,s1,172,0.69831,0.38351,0.74623,0.69798
B_v8_300p100,s1,173,0.70219,0.37759,0.77563,0.67422
B_v8_300p100,s1,174,0.70894,0.38382,0.77346,0.65758
B_v8_300p100,s1,175,0.68737,0.38344,0.74756,0.67262
B_v8_300p100,s1,176,0.70857,0.38652,0.79163,0.66104
B_v8_300p100,s1,177,0.69378,0.37917,0.80015,0.61411
B_v8_300p100,s1,178,0.7043,0.38444,0.76211,0.66947
B_v8_300p100,s1,179,0.70147,0.38377,0.81071,0.63996
B_v8_300p100,s1,180,0.6963,0.37956,0.71851,0.69154
B_v8_300p100,s1,181,0.69891,0.37208,0.77718,0.66454
B_v8_300p100,s1,182,0.68675,0.38043,0.77328,0.67496
B_v8_300p100,s1,183,0.68435,0.37633,0.73237,0.68042
B_v8_300p100,s1,184,0.6916,0.38135,0.80141,0.62324
B_v8_300p100,s1,185,0.70429,0.38184,0.75569,0.65171
B_v8_300p100,s1,186,0.69023,0.37541,0.76975,0.67327
B_v8_300p100,s1,187,0.68917,0.36721,0.79697,0.65021
B_v8_300p100,s1,188,0.68853,0.37732,0.76836,0.64511
B_v8_300p100,s1,189,0.69805,0.37928,0.76337,0.67626
B_v8_300p100,s1,190,0.69998,0.38114,0.76793,0.67602
B_v8_300p100,s1,191,0.70401,0.39062,0.74547,0.69375
B_v8_300p100,s1,192,0.69708,0.38807,0.78127,0.66703
B_v8_300p100,s1,193,0.7092,0.38645,0.71328,0.71155
B_v8_300p100,s1,194,0.71055,0.39128,0.74571,0.68192
B_v8_300p100,s1,195,0.72296,0.39102,0.78696,0.68466
B_v8_300p100,s1,196,0.70653,0.38324,0.81311,0.6325
B_v8_300p100,s1,197,0.69412,0.38832,0.77416,0.67131
B_v8_300p100,s1,198,0.70983,0.38859,0.80016,0.65754
B_v8_300p100,s1,199,0.70416,0.39637,0.79268,0.65086
B_v8_300p100,s1,200,0.7144,0.40128,0.81426,0.66676
B_v8_300p100,s1,201,0.70729,0.38152,0.84553,0.63456
B_v8_300p100,s1,202,0.71995,0.39487,0.81952,0.66556
B_v8_300p100,s1,203,0.71652,0.39818,0.82371,0.68098
B_v8_300p100,s1,204,0.70205,0.39993,0.77348,0.68233
B_v8_300p100,s1,205,0.72116,0.39838,0.76737,0.68556
B_v8_300p100,s1,206,0.712,0.39812,0.80543,0.66551
B_v8_300p100,s1,207,0.72623,0.39611,0.80549,0.65944
B_v8_300p100,s1,208,0.72532,0.40053,0.82771,0.68114
B_v8_300p100,s1,209,0.71843,0.39897,0.8113,0.67196
B_v8_300p100,s1,210,0.70404,0.39214,0.7897,0.66272
B_v8_300p100,s1,211,0.71339,0.39349,0.74975,0.67383
B_v8_300p100,s1,212,0.71599,0.39765,0.78262,0.67229
B_v8_300p100,s1,213,0.70513,0.3921,0.75919,0.67648
B_v8_300p100,s1,214,0.70429,0.38591,0.77935,0.66604
B_v8_300p100,s1,215,0.71282,0.39131,0.74466,0.68936
B_v8_300p100,s1,216,0.71958,0.40405,0.79596,0.68005
B_v8_300p100,s1,217,0.72711,0.40894,0.82859,0.677
B_v8_300p100,s1,218,0.71983,0.4034,0.82411,0.67178
B_v8_300p100,s1,219,0.70145,0.3946,0.8194,0.66143
B_v8_300p100,s1,220,0.70473,0.38689,0.80769,0.66605
B_v8_300p100,s1,221,0.72783,0.40425,0.80091,0.7007
B_v8_300p100,s1,222,0.73536,0.40795,0.85343,0.6791
B_v8_300p100,s1,223,0.7275,0.40299,0.80073,0.69194
B_v8_300p100,s1,224,0.71233,0.40418,0.82351,0.65652
B_v8_300p100,s1,225,0.70135,0.39325,0.75942,0.68252
B_v8_300p100,s1,226,0.7229,0.41458,0.76493,0.69373
B_v8_300p100,s1,227,0.72063,0.41056,0.78955,0.66931
B_v8_300p100,s1,228,0.70954,0.40415,0.76341,0.68317
B_v8_300p100,s1,229,0.7142,0.40902,0.78456,0.67663
B_v8_300p100,s1,230,0.71194,0.40263,0.79982,0.67185
B_v8_300p100,s1,231,0.71556,0.39964,0.80382,0.70347
B_v8_300p100,s1,232,0.72011,0.40469,0.80495,0.67146
B_v8_300p100,s1,233,0.72501,0.40763,0.80195,0.68233
B_v8_300p100,s1,234,0.71431,0.3975,0.80628,0.67874
B_v8_300p100,s1,235,0.72757,0.40923,0.82737,0.69941
B_v8_300p100,s1,236,0.71297,0.39863,0.76847,0.68936
B_v8_300p100,s1,237,0.71943,0.3972,0.80597,0.68484
B_v8_300p100,s1,238,0.72061,0.39853,0.80237,0.69587
B_v8_300p100,s1,239,0.70905,0.39405,0.80398,0.67067
B_v8_300p100,s1,240,0.72051,0.40042,0.84294,0.66451
B_v8_300p100,s1,241,0.71667,0.40056,0.79874,0.69909
B_v8_300p100,s1,242,0.72345,0.40861,0.79522,0.6961
B_v8_300p100,s1,243,0.72516,0.40427,0.83115,0.68702
B_v8_300p100,s1,244,0.71586,0.40196,0.81976,0.67891
B_v8_300p100,s1,245,0.711,0.39708,0.7778,0.6911
B_v8_300p100,s1,246,0.71462,0.39404,0.8289,0.6864
B_v8_300p100,s1,247,0.71643,0.40192,0.80736,0.6794
B_v8_300p100,s1,248,0.72092,0.40157,0.80017,0.69268
B_v8_300p100,s1,249,0.7226,0.40595,0.78851,0.69908
B_v8_300p100,s1,250,0.72618,0.40605,0.7851,0.68904
B_v8_300p100,s1,251,0.72634,0.40748,0.81539,0.67295
B_v8_300p100,s1,252,0.72349,0.40576,0.831,0.67208
B_v8_300p100,s1,253,0.72386,0.41052,0.78123,0.69239
B_v8_300p100,s1,254,0.71608,0.40219,0.79374,0.69117
B_v8_300p100,s1,255,0.72251,0.4063,0.77393,0.68648
B_v8_300p100,s1,256,0.71697,0.40193,0.787,0.68959
B_v8_300p100,s1,257,0.71654,0.40578,0.84824,0.66169
B_v8_300p100,s1,258,0.72168,0.40498,0.82667,0.68115
B_v8_300p100,s1,259,0.72075,0.40384,0.80231,0.68991
B_v8_300p100,s1,260,0.71588,0.40421,0.7747,0.69562
B_v8_300p100,s1,261,0.71851,0.40771,0.79163,0.69612
B_v8_300p100,s1,262,0.71453,0.40787,0.80252,0.66894
B_v8_300p100,s1,263,0.71371,0.40479,0.78979,0.67423
B_v8_300p100,s1,264,0.7167,0.40922,0.79032,0.6846
B_v8_300p100,s1,265,0.7149,0.40549,0.77389,0.6943
B_v8_300p100,s1,266,0.71434,0.4063,0.77259,0.69817
B_v8_300p100,s1,267,0.7054,0.39968,0.80336,0.67426
B_v8_300p100,s1,268,0.70804,0.39517,0.80823,0.66501
B_v8_300p100,s1,269,0.71114,0.39981,0.81191,0.66858
B_v8_300p100,s1,270,0.70856,0.40407,0.81485,0.65983
B_v8_300p100,s1,271,0.71149,0.3996,0.81594,0.6652
B_v8_300p100,s1,272,0.71731,0.40488,0.80239,0.68239
B_v8_300p100,s1,273,0.72445,0.40508,0.8464,0.6706
B_v8_300p100,s1,274,0.72292,0.40882,0.8282,0.67982
B_v8_300p100,s1,275,0.71656,0.4023,0.82329,0.67201
B_v8_300p100,s1,276,0.70701,0.3998,0.79142,0.6777
B_v8_300p100,s1,277,0.70605,0.40561,0.77336,0.67875
B_v8_300p100,s1,278,0.70746,0.39877,0.79426,0.67292
B_v8_300p100,s1,279,0.7139,0.40146,0.78176,0.69335
B_v8_300p100,s1,280,0.70674,0.40558,0.79804,0.65829
B_v8_300p100,s1,281,0.71314,0.4047,0.79958,0.66919
B_v8_300p100,s1,282,0.72,0.41062,0.82243,0.66639
B_v8_300p100,s1,283,0.71797,0.40696,0.81428,0.66934
B_v8_300p100,s1,284,0.71709,0.40865,0.78994,0.67951
B_v8_300p100,s1,285,0.71024,0.40504,0.80991,0.65536
B_v8_300p100,s1,286,0.71682,0.40489,0.82077,0.66273
B_v8_300p100,s1,287,0.71534,0.40547,0.81391,0.65717
B_v8_300p100,s1,288,0.71504,0.40496,0.76422,0.69209
B_v8_300p100,s1,289,0.70851,0.401,0.77161,0.67744
B_v8_300p100,s1,290,0.71374,0.40315,0.76328,0.69352
B_v8_300p100,s1,291,0.7142,0.40351,0.79962,0.66276
B_v8_300p100,s1,292,0.70789,0.39957,0.7638,0.68897
B_v8_300p100,s1,293,0.70701,0.40105,0.83169,0.64598
B_v8_300p100,s1,294,0.72014,0.40421,0.76525,0.69879
B_v8_300p100,s1,295,0.71789,0.40415,0.75631,0.70853
B_v8_300p100,s1,296,0.71698,0.40329,0.78326,0.6905
B_v8_300p100,s1,297,0.71853,0.40682,0.85263,0.64776
B_v8_300p100,s1,298,0.71683,0.40777,0.85782,0.64634
B_v8_300p100,s1,299,0.7174,0.40419,0.86225,0.64572
B_v8_300p100,s1,300,0.71618,0.40412,0.78716,0.68505
B_v8_300p100,s2,1,0.7249,0.40952,0.82611,0.66998
B_v8_300p100,s2,2,0.72726,0.41417,0.78405,0.69956
B_v8_300p100,s2,3,0.71729,0.4061,0.82,0.68186
B_v8_300p100,s2,4,0.70591,0.39118,0.85651,0.64557
B_v8_300p100,s2,5,0.69134,0.38909,0.7698,0.66963
B_v8_300p100,s2,6,0.71481,0.39638,0.81866,0.66157
B_v8_300p100,s2,7,0.7048,0.39091,0.80418,0.66688
B_v8_300p100,s2,8,0.70089,0.3797,0.77784,0.68467
B_v8_300p100,s2,9,0.7081,0.39342,0.7643,0.67823
B_v8_300p100,s2,10,0.71215,0.40255,0.78662,0.69147
B_v8_300p100,s2,11,0.71182,0.40268,0.78909,0.69034
B_v8_300p100,s2,12,0.70194,0.38599,0.78635,0.66901
B_v8_300p100,s2,13,0.7102,0.39883,0.85735,0.64619
B_v8_300p100,s2,14,0.72421,0.4053,0.82464,0.65032
B_v8_300p100,s2,15,0.71494,0.39227,0.81327,0.65552
B_v8_300p100,s2,16,0.7105,0.38771,0.85773,0.64066
B_v8_300p100,s2,17,0.7187,0.40404,0.79765,0.68178
B_v8_300p100,s2,18,0.71118,0.39491,0.83785,0.66206
B_v8_300p100,s2,19,0.72072,0.4005,0.80173,0.68537
B_v8_300p100,s2,20,0.70241,0.39392,0.79163,0.66762
B_v8_300p100,s2,21,0.70869,0.39811,0.7472,0.6948
B_v8_300p100,s2,22,0.70109,0.39276,0.80644,0.65976
B_v8_300p100,s2,23,0.70619,0.38782,0.8287,0.66381
B_v8_300p100,s2,24,0.72901,0.40022,0.81841,0.70473
B_v8_300p100,s2,25,0.70515,0.39925,0.75117,0.6982
B_v8_300p100,s2,26,0.69157,0.38571,0.80136,0.66138
B_v8_300p100,s2,27,0.6993,0.38447,0.8024,0.65644
B_v8_300p100,s2,28,0.70599,0.38946,0.79778,0.66994
B_v8_300p100,s2,29,0.70472,0.3899,0.80739,0.66586
B_v8_300p100,s2,30,0.69885,0.38715,0.79427,0.65293
B_v8_300p100,s2,31,0.69683,0.38695,0.82192,0.65752
B_v8_300p100,s2,32,0.7247,0.40968,0.81886,0.69939
B_v8_300p100,s2,33,0.72833,0.40163,0.78915,0.69786
B_v8_300p100,s2,34,0.70988,0.39199,0.79978,0.68776
B_v8_300p100,s2,35,0.71239,0.38448,0.82903,0.67276
B_v8_300p100,s2,36,0.71882,0.39503,0.83991,0.65709
B_v8_300p100,s2,37,0.71623,0.38824,0.80281,0.67604
B_v8_300p100,s2,38,0.72117,0.40374,0.79584,0.68233
B_v8_300p100,s2,39,0.72586,0.40433,0.82308,0.67649
B_v8_300p100,s2,40,0.71666,0.3964,0.81637,0.67204
B_v8_300p100,s2,41,0.71632,0.40065,0.7891,0.68523
B_v8_300p100,s2,42,0.72298,0.40983,0.82349,0.67501
B_v8_300p100,s2,43,0.71981,0.39703,0.84602,0.64413
B_v8_300p100,s2,44,0.71231,0.3993,0.82257,0.66327
B_v8_300p100,s2,45,0.70298,0.39449,0.77696,0.67892
B_v8_300p100,s2,46,0.70756,0.39077,0.76994,0.66415
B_v8_300p100,s2,47,0.7185,0.396,0.81354,0.66779
B_v8_300p100,s2,48,0.72122,0.39033,0.80764,0.68657
B_v8_300p100,s2,49,0.72474,0.40248,0.83825,0.6694
B_v8_300p100,s2,50,0.70987,0.39329,0.75362,0.68273
B_v8_300p100,s2,51,0.7051,0.39271,0.77593,0.68777
B_v8_300p100,s2,52,0.71433,0.39525,0.81368,0.69595
B_v8_300p100,s2,53,0.70646,0.39657,0.80886,0.68446
B_v8_300p100,s2,54,0.71425,0.39902,0.82697,0.66828
B_v8_300p100,s2,55,0.70199,0.40032,0.79688,0.67846
B_v8_300p100,s2,56,0.71204,0.39661,0.76976,0.67696
B_v8_300p100,s2,57,0.70591,0.3984,0.79989,0.66593
B_v8_300p100,s2,58,0.72286,0.40576,0.80283,0.68285
B_v8_300p100,s2,59,0.72032,0.39918,0.85669,0.65325
B_v8_300p100,s2,60,0.71322,0.39771,0.80578,0.67428
B_v8_300p100,s2,61,0.70785,0.3985,0.81691,0.66876
B_v8_300p100,s2,62,0.70801,0.40046,0.81835,0.67736
B_v8_300p100,s2,63,0.72157,0.40758,0.82811,0.69136
B_v8_300p100,s2,64,0.71168,0.40297,0.80118,0.68542
B_v8_300p100,s2,65,0.70359,0.39291,0.80885,0.67654
B_v8_300p100,s2,66,0.71365,0.40294,0.81607,0.68693
B_v8_300p100,s2,67,0.71582,0.40361,0.81737,0.67335
B_v8_300p100,s2,68,0.71212,0.39277,0.82842,0.66971
B_v8_300p100,s2,69,0.71348,0.39958,0.83915,0.67803
B_v8_300p100,s2,70,0.711,0.40845,0.80081,0.68934
B_v8_300p100,s2,71,0.71007,0.39854,0.82413,0.66129
B_v8_300p100,s2,72,0.71684,0.40144,0.82039,0.66911
B_v8_300p100,s2,73,0.71895,0.40738,0.82016,0.67967
B_v8_300p100,s2,74,0.71895,0.40884,0.81673,0.66881
B_v8_300p100,s2,75,0.71664,0.40386,0.80991,0.68732
B_v8_300p100,s2,76,0.71859,0.40559,0.84301,0.66936
B_v8_300p100,s2,77,0.72519,0.40893,0.81071,0.68043
B_v8_300p100,s2,78,0.71977,0.40613,0.81752,0.67993
B_v8_300p100,s2,79,0.72561,0.40623,0.82224,0.67626
B_v8_300p100,s2,80,0.72062,0.40545,0.77169,0.7099
B_v8_300p100,s2,81,0.72135,0.40674,0.81625,0.68447
B_v8_300p100,s2,82,0.71305,0.40361,0.81801,0.68002
B_v8_300p100,s2,83,0.71214,0.40276,0.77961,0.6954
B_v8_300p100,s2,84,0.71868,0.40531,0.81739,0.66654
B_v8_300p100,s2,85,0.7204,0.40803,0.80882,0.67489
B_v8_300p100,s2,86,0.72791,0.4094,0.78576,0.70437
B_v8_300p100,s2,87,0.72654,0.40723,0.81604,0.70099
B_v8_300p100,s2,88,0.71785,0.40252,0.80469,0.69872
B_v8_300p100,s2,89,0.71621,0.40234,0.8164,0.68639
B_v8_300p100,s2,90,0.71794,0.40604,0.79248,0.7001
B_v8_300p100,s2,91,0.71912,0.40662,0.82629,0.66553
B_v8_300p100,s2,92,0.72148,0.40569,0.79336,0.68732
B_v8_300p100,s2,93,0.71338,0.4007,0.83224,0.67326
B_v8_300p100,s2,94,0.71492,0.40589,0.80233,0.69282
B_v8_300p100,s2,95,0.71897,0.40026,0.75803,0.70856
B_v8_300p100,s2,96,0.71774,0.40497,0.83314,0.67633
B_v8_300p100,s2,97,0.71742,0.40434,0.80708,0.69467
B_v8_300p100,s2,98,0.72445,0.40735,0.86518,0.66518
B_v8_300p100,s2,99,0.72312,0.40568,0.8292,0.68033
B_v8_300p100,s2,100,0.72175,0.40235,0.80866,0.69852
Ucap1_v11_150p100,s1,1,0.01896,0.00794,0.00143,0.07942
Ucap1_v11_150p100,s1,2,0.06518,0.02955,0.00401,0.21673
Ucap1_v11_150p100,s1,3,0.08472,0.0322,0.74767,0.0515
Ucap1_v11_150p100,s1,4,0.05859,0.02086,0.37536,0.09621
Ucap1_v11_150p100,s1,5,0.02775,0.01504,0.05965,0.13681
Ucap1_v11_150p100,s1,6,0.1569,0.05863,0.25648,0.21339
Ucap1_v11_150p100,s1,7,0.1178,0.04375,0.31915,0.17801
Ucap1_v11_150p100,s1,8,0.24381,0.09974,0.38063,0.27811
Ucap1_v11_150p100,s1,9,0.20845,0.08404,0.65548,0.20592
Ucap1_v11_150p100,s1,10,0.25593,0.1056,0.41253,0.28896
Ucap1_v11_150p100,s1,11,0.35709,0.1583,0.44472,0.40402
Ucap1_v11_150p100,s1,12,0.34309,0.16649,0.48372,0.32922
Ucap1_v11_150p100,s1,13,0.39069,0.18511,0.54397,0.3798
Ucap1_v11_150p100,s1,14,0.4168,0.19174,0.57441,0.38793
Ucap1_v11_150p100,s1,15,0.37266,0.17603,0.42622,0.4019
Ucap1_v11_150p100,s1,16,0.43238,0.19864,0.58042,0.42112
Ucap1_v11_150p100,s1,17,0.41185,0.212,0.47523,0.40582
Ucap1_v11_150p100,s1,18,0.45777,0.21442,0.57605,0.42361
Ucap1_v11_150p100,s1,19,0.43869,0.20943,0.58008,0.44314
Ucap1_v11_150p100,s1,20,0.47426,0.23091,0.63952,0.4624
Ucap1_v11_150p100,s1,21,0.48917,0.24068,0.65627,0.46469
Ucap1_v11_150p100,s1,22,0.52717,0.2596,0.59943,0.52668
Ucap1_v11_150p100,s1,23,0.53381,0.2512,0.52985,0.50839
Ucap1_v11_150p100,s1,24,0.48702,0.23072,0.57268,0.46699
Ucap1_v11_150p100,s1,25,0.50588,0.25425,0.63813,0.48571
Ucap1_v11_150p100,s1,26,0.51515,0.24164,0.59885,0.53655
Ucap1_v11_150p100,s1,27,0.47763,0.23568,0.60391,0.50428
Ucap1_v11_150p100,s1,28,0.51698,0.25585,0.60803,0.49684
Ucap1_v11_150p100,s1,29,0.57456,0.28681,0.69532,0.51345
Ucap1_v11_150p100,s1,30,0.56244,0.27539,0.71003,0.54117
Ucap1_v11_150p100,s1,31,0.55843,0.2778,0.68009,0.52468
Ucap1_v11_150p100,s1,32,0.51491,0.23597,0.55028,0.52809
Ucap1_v11_150p100,s1,33,0.52429,0.26271,0.68684,0.47751
Ucap1_v11_150p100,s1,34,0.56684,0.28055,0.6071,0.5802
Ucap1_v11_150p100,s1,35,0.54201,0.27855,0.62112,0.53094
Ucap1_v11_150p100,s1,36,0.6128,0.31654,0.69574,0.5687
Ucap1_v11_150p100,s1,37,0.56461,0.29257,0.64863,0.54035
Ucap1_v11_150p100,s1,38,0.58794,0.30166,0.73423,0.54981
Ucap1_v11_150p100,s1,39,0.56511,0.28408,0.70807,0.52167
Ucap1_v11_150p100,s1,40,0.56923,0.29393,0.64491,0.55016
Ucap1_v11_150p100,s1,41,0.57575,0.2913,0.67896,0.55583
Ucap1_v11_150p100,s1,42,0.54117,0.27832,0.59978,0.53835
Ucap1_v11_150p100,s1,43,0.61255,0.31115,0.6828,0.57831
Ucap1_v11_150p100,s1,44,0.6164,0.31224,0.64192,0.61376
Ucap1_v11_150p100,s1,45,0.59135,0.30189,0.67145,0.54525
Ucap1_v11_150p100,s1,46,0.61541,0.30725,0.67404,0.59754
Ucap1_v11_150p100,s1,47,0.61235,0.31547,0.66625,0.60501
Ucap1_v11_150p100,s1,48,0.61653,0.31025,0.70827,0.59317
Ucap1_v11_150p100,s1,49,0.60503,0.30542,0.73305,0.56557
Ucap1_v11_150p100,s1,50,0.58762,0.3198,0.68696,0.53933
Ucap1_v11_150p100,s1,51,0.57297,0.3055,0.68897,0.53571
Ucap1_v11_150p100,s1,52,0.60595,0.31431,0.68438,0.57771
Ucap1_v11_150p100,s1,53,0.63179,0.32835,0.74697,0.56858
Ucap1_v11_150p100,s1,54,0.62398,0.32948,0.69181,0.60707
Ucap1_v11_150p100,s1,55,0.62298,0.3287,0.69465,0.56356
Ucap1_v11_150p100,s1,56,0.61278,0.31233,0.67615,0.5845
Ucap1_v11_150p100,s1,57,0.61992,0.32545,0.74674,0.56023
Ucap1_v11_150p100,s1,58,0.65807,0.33803,0.70736,0.62576
Ucap1_v11_150p100,s1,59,0.66394,0.33888,0.77594,0.61497
Ucap1_v11_150p100,s1,60,0.65454,0.34894,0.71431,0.63224
Ucap1_v11_150p100,s1,61,0.65809,0.35129,0.71438,0.6229
Ucap1_v11_150p100,s1,62,0.63143,0.32553,0.69479,0.61044
Ucap1_v11_150p100,s1,63,0.64874,0.33915,0.70427,0.6002
Ucap1_v11_150p100,s1,64,0.64869,0.334,0.70325,0.63613
Ucap1_v11_150p100,s1,65,0.64273,0.34276,0.71447,0.61115
Ucap1_v11_150p100,s1,66,0.64984,0.34621,0.68042,0.61204
Ucap1_v11_150p100,s1,67,0.65506,0.33377,0.77403,0.59322
Ucap1_v11_150p100,s1,68,0.6549,0.3353,0.73171,0.61286
Ucap1_v11_150p100,s1,69,0.62707,0.33864,0.66007,0.60041
Ucap1_v11_150p100,s1,70,0.67396,0.35564,0.72878,0.648
Ucap1_v11_150p100,s1,71,0.67761,0.35758,0.7603,0.59634
Ucap1_v11_150p100,s1,72,0.66562,0.36854,0.75717,0.61439
Ucap1_v11_150p100,s1,73,0.65025,0.34533,0.68177,0.62991
Ucap1_v11_150p100,s1,74,0.65465,0.34592,0.70507,0.60499
Ucap1_v11_150p100,s1,75,0.65755,0.34091,0.7281,0.62128
Ucap1_v11_150p100,s1,76,0.68267,0.35391,0.76082,0.63814
Ucap1_v11_150p100,s1,77,0.66115,0.35052,0.73129,0.61716
Ucap1_v11_150p100,s1,78,0.64578,0.34354,0.76094,0.59625
Ucap1_v11_150p100,s1,79,0.66852,0.35403,0.74602,0.61675
Ucap1_v11_150p100,s1,80,0.6965,0.36492,0.79794,0.62542
Ucap1_v11_150p100,s1,81,0.69014,0.37305,0.79478,0.63366
Ucap1_v11_150p100,s1,82,0.68752,0.36014,0.68016,0.66883
Ucap1_v11_150p100,s1,83,0.69495,0.37023,0.80084,0.625
Ucap1_v11_150p100,s1,84,0.7064,0.36909,0.76064,0.66769
Ucap1_v11_150p100,s1,85,0.68573,0.36394,0.78482,0.62441
Ucap1_v11_150p100,s1,86,0.70476,0.37567,0.78183,0.65649
Ucap1_v11_150p100,s1,87,0.6884,0.37101,0.75019,0.65626
Ucap1_v11_150p100,s1,88,0.67906,0.37593,0.72435,0.64299
Ucap1_v11_150p100,s1,89,0.70291,0.37436,0.7644,0.64254
Ucap1_v11_150p100,s1,90,0.68486,0.36585,0.7338,0.65571
Ucap1_v11_150p100,s1,91,0.70591,0.37097,0.77273,0.65931
Ucap1_v11_150p100,s1,92,0.6809,0.34227,0.75506,0.61054
Ucap1_v11_150p100,s1,93,0.65151,0.33869,0.74547,0.62402
Ucap1_v11_150p100,s1,94,0.6813,0.37467,0.77356,0.64219
Ucap1_v11_150p100,s1,95,0.67938,0.35982,0.80933,0.62092
Ucap1_v11_150p100,s1,96,0.71204,0.37402,0.8144,0.63847
Ucap1_v11_150p100,s1,97,0.68961,0.37077,0.75827,0.64595
Ucap1_v11_150p100,s1,98,0.69662,0.37604,0.72497,0.67211
Ucap1_v11_150p100,s1,99,0.68332,0.36518,0.76751,0.60235
Ucap1_v11_150p100,s1,100,0.68366,0.37099,0.72709,0.64721
Ucap1_v11_150p100,s1,101,0.69737,0.36675,0.74954,0.66003
Ucap1_v11_150p100,s1,102,0.70908,0.37698,0.73237,0.66046
Ucap1_v11_150p100,s1,103,0.69454,0.3742,0.7651,0.64202
Ucap1_v11_150p100,s1,104,0.68735,0.37929,0.70913,0.67148
Ucap1_v11_150p100,s1,105,0.69164,0.3701,0.72816,0.67706
Ucap1_v11_150p100,s1,106,0.69444,0.36597,0.70621,0.67494
Ucap1_v11_150p100,s1,107,0.68686,0.37451,0.75364,0.64773
Ucap1_v11_150p100,s1,108,0.69255,0.36435,0.72376,0.67019
Ucap1_v11_150p100,s1,109,0.68603,0.36417,0.733,0.66964
Ucap1_v11_150p100,s1,110,0.68601,0.36552,0.73329,0.65152
Ucap1_v11_150p100,s1,111,0.70301,0.378,0.76746,0.66896
Ucap1_v11_150p100,s1,112,0.70922,0.3709,0.78863,0.65084
Ucap1_v11_150p100,s1,113,0.69737,0.36839,0.74056,0.69461
Ucap1_v11_150p100,s1,114,0.71394,0.38593,0.79199,0.66531
Ucap1_v11_150p100,s1,115,0.71824,0.3928,0.77375,0.68403
Ucap1_v11_150p100,s1,116,0.70847,0.38509,0.76252,0.68151
Ucap1_v11_150p100,s1,117,0.70837,0.38274,0.77719,0.67126
Ucap1_v11_150p100,s1,118,0.72519,0.38812,0.8141,0.68193
Ucap1_v11_150p100,s1,119,0.71205,0.39194,0.78569,0.67179
Ucap1_v11_150p100,s1,120,0.69863,0.37838,0.79867,0.64656
Ucap1_v11_150p100,s1,121,0.68852,0.37168,0.71712,0.68048
Ucap1_v11_150p100,s1,122,0.70838,0.3842,0.75658,0.70106
Ucap1_v11_150p100,s1,123,0.72003,0.38848,0.80135,0.68888
Ucap1_v11_150p100,s1,124,0.72706,0.39035,0.81949,0.66513
Ucap1_v11_150p100,s1,125,0.72399,0.39069,0.78069,0.69764
Ucap1_v11_150p100,s1,126,0.71955,0.38766,0.77335,0.70841
Ucap1_v11_150p100,s1,127,0.71253,0.38734,0.7882,0.67218
Ucap1_v11_150p100,s1,128,0.71435,0.39712,0.80367,0.6801
Ucap1_v11_150p100,s1,129,0.71922,0.39366,0.78199,0.69301
Ucap1_v11_150p100,s1,130,0.73566,0.39695,0.7847,0.71016
Ucap1_v11_150p100,s1,131,0.74373,0.40077,0.80954,0.69183
Ucap1_v11_150p100,s1,132,0.72491,0.38819,0.79076,0.68407
Ucap1_v11_150p100,s1,133,0.72266,0.3915,0.79066,0.70057
Ucap1_v11_150p100,s1,134,0.72562,0.39139,0.79569,0.6831
Ucap1_v11_150p100,s1,135,0.7161,0.39039,0.80559,0.66756
Ucap1_v11_150p100,s1,136,0.72282,0.39409,0.84896,0.66611
Ucap1_v11_150p100,s1,137,0.72685,0.39019,0.78303,0.67943
Ucap1_v11_150p100,s1,138,0.73733,0.39776,0.77072,0.69317
Ucap1_v11_150p100,s1,139,0.73733,0.40339,0.77437,0.70975
Ucap1_v11_150p100,s1,140,0.7202,0.39835,0.79724,0.68374
Ucap1_v11_150p100,s1,141,0.73356,0.39934,0.77883,0.70608
Ucap1_v11_150p100,s1,142,0.71872,0.39017,0.77069,0.68187
Ucap1_v11_150p100,s1,143,0.72495,0.39337,0.77373,0.68061
Ucap1_v11_150p100,s1,144,0.73594,0.39454,0.77607,0.69887
Ucap1_v11_150p100,s1,145,0.73536,0.39446,0.79069,0.68667
Ucap1_v11_150p100,s1,146,0.7367,0.39902,0.77833,0.69444
Ucap1_v11_150p100,s1,147,0.73162,0.39515,0.79804,0.69864
Ucap1_v11_150p100,s1,148,0.73109,0.3984,0.79064,0.70317
Ucap1_v11_150p100,s1,149,0.73434,0.40007,0.79774,0.70162
Ucap1_v11_150p100,s1,150,0.73574,0.40402,0.80514,0.68927
Ucap1_v11_150p100,s2,1,0.7353,0.40434,0.79646,0.69127
Ucap1_v11_150p100,s2,2,0.73144,0.39575,0.783,0.69257
Ucap1_v11_150p100,s2,3,0.71646,0.39095,0.7704,0.68708
Ucap1_v11_150p100,s2,4,0.71111,0.38327,0.77383,0.68658
Ucap1_v11_150p100,s2,5,0.69997,0.36796,0.78428,0.65845
Ucap1_v11_150p100,s2,6,0.70148,0.37898,0.80562,0.64192
Ucap1_v11_150p100,s2,7,0.69856,0.37978,0.78446,0.63733
Ucap1_v11_150p100,s2,8,0.68423,0.37076,0.79302,0.63746
Ucap1_v11_150p100,s2,9,0.67869,0.36049,0.76846,0.62781
Ucap1_v11_150p100,s2,10,0.67993,0.3627,0.7075,0.6622
Ucap1_v11_150p100,s2,11,0.71644,0.3849,0.7516,0.67005
Ucap1_v11_150p100,s2,12,0.71275,0.38378,0.7801,0.67208
Ucap1_v11_150p100,s2,13,0.70594,0.38599,0.79313,0.64957
Ucap1_v11_150p100,s2,14,0.7079,0.3882,0.76087,0.63947
Ucap1_v11_150p100,s2,15,0.71359,0.38266,0.77984,0.65126
Ucap1_v11_150p100,s2,16,0.70297,0.37004,0.80305,0.64316
Ucap1_v11_150p100,s2,17,0.71237,0.38261,0.77011,0.6685
Ucap1_v11_150p100,s2,18,0.67614,0.35043,0.74011,0.65475
Ucap1_v11_150p100,s2,19,0.70454,0.38649,0.72635,0.69583
Ucap1_v11_150p100,s2,20,0.72023,0.38061,0.81644,0.65399
Ucap1_v11_150p100,s2,21,0.68826,0.365,0.7649,0.64802
Ucap1_v11_150p100,s2,22,0.70793,0.37326,0.77832,0.63276
Ucap1_v11_150p100,s2,23,0.70395,0.37219,0.75062,0.6658
Ucap1_v11_150p100,s2,24,0.69249,0.37703,0.78263,0.64872
Ucap1_v11_150p100,s2,25,0.69986,0.37422,0.78203,0.6523
Ucap1_v11_150p100,s2,26,0.71274,0.37842,0.80825,0.64083
Ucap1_v11_150p100,s2,27,0.70793,0.36955,0.76207,0.66562
Ucap1_v11_150p100,s2,28,0.70373,0.37595,0.77635,0.63426
Ucap1_v11_150p100,s2,29,0.7087,0.37485,0.80697,0.65294
Ucap1_v11_150p100,s2,30,0.686,0.35728,0.78183,0.63538
Ucap1_v11_150p100,s2,31,0.70074,0.37243,0.75622,0.67381
Ucap1_v11_150p100,s2,32,0.71207,0.37619,0.85258,0.63432
Ucap1_v11_150p100,s2,33,0.70841,0.38384,0.79401,0.66443
Ucap1_v11_150p100,s2,34,0.71438,0.37647,0.78156,0.65146
Ucap1_v11_150p100,s2,35,0.71961,0.38062,0.75621,0.67344
Ucap1_v11_150p100,s2,36,0.70868,0.38338,0.82862,0.62894
Ucap1_v11_150p100,s2,37,0.70665,0.36069,0.81686,0.63136
Ucap1_v11_150p100,s2,38,0.71066,0.37349,0.79026,0.64705
Ucap1_v11_150p100,s2,39,0.69828,0.37978,0.78217,0.64952
Ucap1_v11_150p100,s2,40,0.6896,0.36957,0.72363,0.66012
Ucap1_v11_150p100,s2,41,0.6946,0.37074,0.77319,0.66203
Ucap1_v11_150p100,s2,42,0.7038,0.37377,0.79941,0.65125
Ucap1_v11_150p100,s2,43,0.69659,0.37342,0.78599,0.67465
Ucap1_v11_150p100,s2,44,0.69062,0.3726,0.77875,0.64522
Ucap1_v11_150p100,s2,45,0.70663,0.37735,0.814,0.65056
Ucap1_v11_150p100,s2,46,0.70594,0.37463,0.76778,0.67318
Ucap1_v11_150p100,s2,47,0.70857,0.37578,0.7757,0.65778
Ucap1_v11_150p100,s2,48,0.70571,0.38234,0.76917,0.67731
Ucap1_v11_150p100,s2,49,0.72108,0.38802,0.78109,0.6675
Ucap1_v11_150p100,s2,50,0.70824,0.37942,0.78947,0.65146
Ucap1_v11_150p100,s2,51,0.70577,0.38587,0.7869,0.67437
Ucap1_v11_150p100,s2,52,0.7167,0.39039,0.7834,0.67372
Ucap1_v11_150p100,s2,53,0.68462,0.37959,0.75692,0.65819
Ucap1_v11_150p100,s2,54,0.70235,0.37989,0.7879,0.65145
Ucap1_v11_150p100,s2,55,0.69392,0.37226,0.74013,0.69028
Ucap1_v11_150p100,s2,56,0.71169,0.38325,0.7685,0.68076
Ucap1_v11_150p100,s2,57,0.70619,0.38389,0.79216,0.65374
Ucap1_v11_150p100,s2,58,0.72452,0.39192,0.77947,0.67956
Ucap1_v11_150p100,s2,59,0.72509,0.39097,0.76645,0.68909
Ucap1_v11_150p100,s2,60,0.69708,0.38718,0.75707,0.66595
Ucap1_v11_150p100,s2,61,0.71517,0.38947,0.77423,0.6587
Ucap1_v11_150p100,s2,62,0.71089,0.38394,0.80879,0.65569
Ucap1_v11_150p100,s2,63,0.71074,0.38356,0.74042,0.6902
Ucap1_v11_150p100,s2,64,0.71844,0.38937,0.80092,0.67253
Ucap1_v11_150p100,s2,65,0.70718,0.38748,0.78854,0.67591
Ucap1_v11_150p100,s2,66,0.70976,0.37934,0.72351,0.70045
Ucap1_v11_150p100,s2,67,0.70588,0.3819,0.75497,0.66879
Ucap1_v11_150p100,s2,68,0.71439,0.38715,0.79543,0.6617
Ucap1_v11_150p100,s2,69,0.723,0.3941,0.80591,0.67023
Ucap1_v11_150p100,s2,70,0.7224,0.39455,0.77348,0.68064
Ucap1_v11_150p100,s2,71,0.71689,0.39297,0.70183,0.71509
Ucap1_v11_150p100,s2,72,0.72078,0.3876,0.80453,0.67467
Ucap1_v11_150p100,s2,73,0.73368,0.39362,0.83011,0.67113
Ucap1_v11_150p100,s2,74,0.71126,0.37492,0.78396,0.66081
Ucap1_v11_150p100,s2,75,0.72388,0.3824,0.80884,0.65852
Ucap1_v11_150p100,s2,76,0.7228,0.39564,0.72852,0.6985
Ucap1_v11_150p100,s2,77,0.71695,0.38665,0.78912,0.65971
Ucap1_v11_150p100,s2,78,0.71389,0.38912,0.7815,0.64478
Ucap1_v11_150p100,s2,79,0.71327,0.38413,0.70822,0.71209
Ucap1_v11_150p100,s2,80,0.71988,0.39085,0.80856,0.64906
Ucap1_v11_150p100,s2,81,0.71336,0.38498,0.80555,0.67635
Ucap1_v11_150p100,s2,82,0.72224,0.39091,0.80579,0.6788
Ucap1_v11_150p100,s2,83,0.70956,0.38444,0.78277,0.65169
Ucap1_v11_150p100,s2,84,0.72564,0.38878,0.79008,0.67037
Ucap1_v11_150p100,s2,85,0.71914,0.39119,0.77104,0.70164
Ucap1_v11_150p100,s2,86,0.72684,0.39519,0.8269,0.68828
Ucap1_v11_150p100,s2,87,0.73172,0.39483,0.77207,0.71196
Ucap1_v11_150p100,s2,88,0.73875,0.39087,0.8289,0.69619
Ucap1_v11_150p100,s2,89,0.72573,0.39082,0.8284,0.6712
Ucap1_v11_150p100,s2,90,0.71871,0.38453,0.76779,0.68547
Ucap1_v11_150p100,s2,91,0.71833,0.38088,0.77782,0.67143
Ucap1_v11_150p100,s2,92,0.71957,0.38339,0.77936,0.69424
Ucap1_v11_150p100,s2,93,0.71979,0.3833,0.75549,0.71127
Ucap1_v11_150p100,s2,94,0.73851,0.38722,0.81418,0.68091
Ucap1_v11_150p100,s2,95,0.72724,0.38488,0.80652,0.66558
Ucap1_v11_150p100,s2,96,0.71703,0.38395,0.7858,0.68944
Ucap1_v11_150p100,s2,97,0.72611,0.38868,0.80247,0.68704
Ucap1_v11_150p100,s2,98,0.72219,0.38575,0.79125,0.68373
Ucap1_v11_150p100,s2,99,0.71603,0.3848,0.81206,0.67053
Ucap1_v11_150p100,s2,100,0.72289,0.39079,0.80066,0.69438
Ucap1_v8_150p100,s1,1,0.0103,0.00494,0.00178,0.10418
Ucap1_v8_150p100,s1,2,0.07769,0.03101,0.00606,0.23031
Ucap1_v8_150p100,s1,3,0.07073,0.02838,0.46735,0.02747
Ucap1_v8_150p100,s1,4,0.14017,0.04691,0.49158,0.15616
Ucap1_v8_150p100,s1,5,0.17173,0.06667,0.23476,0.22343
Ucap1_v8_150p100,s1,6,0.27349,0.12381,0.46675,0.3406
Ucap1_v8_150p100,s1,7,0.25893,0.11061,0.47937,0.26483
Ucap1_v8_150p100,s1,8,0.36464,0.16641,0.48968,0.35267
Ucap1_v8_150p100,s1,9,0.34396,0.14987,0.54359,0.33185
Ucap1_v8_150p100,s1,10,0.36716,0.17058,0.40034,0.37832
Ucap1_v8_150p100,s1,11,0.42564,0.21073,0.45016,0.43438
Ucap1_v8_150p100,s1,12,0.41096,0.1882,0.51566,0.41568
Ucap1_v8_150p100,s1,13,0.39684,0.18642,0.52974,0.40218
Ucap1_v8_150p100,s1,14,0.41894,0.19873,0.51303,0.43811
Ucap1_v8_150p100,s1,15,0.46955,0.21745,0.54541,0.48416
Ucap1_v8_150p100,s1,16,0.39457,0.19137,0.55857,0.38709
Ucap1_v8_150p100,s1,17,0.46229,0.21676,0.50787,0.49808
Ucap1_v8_150p100,s1,18,0.52,0.25055,0.57159,0.51468
Ucap1_v8_150p100,s1,19,0.50946,0.24185,0.60975,0.51276
Ucap1_v8_150p100,s1,20,0.44971,0.21287,0.58118,0.41875
Ucap1_v8_150p100,s1,21,0.51797,0.25966,0.57902,0.5047
Ucap1_v8_150p100,s1,22,0.49257,0.23611,0.57675,0.4871
Ucap1_v8_150p100,s1,23,0.53048,0.26744,0.70845,0.47211
Ucap1_v8_150p100,s1,24,0.52457,0.25575,0.62529,0.49926
Ucap1_v8_150p100,s1,25,0.56148,0.28643,0.59766,0.53507
Ucap1_v8_150p100,s1,26,0.52273,0.24611,0.60647,0.48887
Ucap1_v8_150p100,s1,27,0.54742,0.27433,0.61323,0.53301
Ucap1_v8_150p100,s1,28,0.55924,0.27621,0.75092,0.49666
Ucap1_v8_150p100,s1,29,0.54952,0.27349,0.70523,0.50674
Ucap1_v8_150p100,s1,30,0.54085,0.27683,0.65577,0.51928
Ucap1_v8_150p100,s1,31,0.53439,0.27251,0.67972,0.49323
Ucap1_v8_150p100,s1,32,0.52928,0.26908,0.60046,0.54611
Ucap1_v8_150p100,s1,33,0.54105,0.2667,0.60364,0.50719
Ucap1_v8_150p100,s1,34,0.59135,0.29912,0.68456,0.55573
Ucap1_v8_150p100,s1,35,0.55281,0.28075,0.65372,0.51192
Ucap1_v8_150p100,s1,36,0.60202,0.30456,0.71535,0.55298
Ucap1_v8_150p100,s1,37,0.58983,0.30358,0.63829,0.56481
Ucap1_v8_150p100,s1,38,0.57123,0.28873,0.64466,0.57456
Ucap1_v8_150p100,s1,39,0.59668,0.30756,0.69801,0.55604
Ucap1_v8_150p100,s1,40,0.60134,0.28956,0.69772,0.56741
Ucap1_v8_150p100,s1,41,0.54571,0.27828,0.59803,0.51897
Ucap1_v8_150p100,s1,42,0.6201,0.31795,0.70048,0.56163
Ucap1_v8_150p100,s1,43,0.62071,0.31897,0.74651,0.56056
Ucap1_v8_150p100,s1,44,0.59103,0.30358,0.66774,0.60016
Ucap1_v8_150p100,s1,45,0.59311,0.29377,0.69182,0.558
Ucap1_v8_150p100,s1,46,0.59296,0.29761,0.67504,0.56008
Ucap1_v8_150p100,s1,47,0.61319,0.30657,0.69746,0.57506
Ucap1_v8_150p100,s1,48,0.60288,0.31032,0.6754,0.56074
Ucap1_v8_150p100,s1,49,0.59294,0.31257,0.70719,0.5625
Ucap1_v8_150p100,s1,50,0.6286,0.32502,0.67867,0.58006
Ucap1_v8_150p100,s1,51,0.58649,0.30247,0.66455,0.54422
Ucap1_v8_150p100,s1,52,0.62213,0.32243,0.7251,0.55048
Ucap1_v8_150p100,s1,53,0.61261,0.32225,0.68903,0.58553
Ucap1_v8_150p100,s1,54,0.60396,0.32457,0.66444,0.59304
Ucap1_v8_150p100,s1,55,0.62844,0.32739,0.69982,0.61901
Ucap1_v8_150p100,s1,56,0.63299,0.33525,0.66077,0.61016
Ucap1_v8_150p100,s1,57,0.62255,0.31622,0.71984,0.59194
Ucap1_v8_150p100,s1,58,0.60896,0.31458,0.68932,0.5792
Ucap1_v8_150p100,s1,59,0.63244,0.31692,0.74751,0.58958
Ucap1_v8_150p100,s1,60,0.64932,0.33738,0.75331,0.61121
Ucap1_v8_150p100,s1,61,0.64426,0.32768,0.68315,0.62497
Ucap1_v8_150p100,s1,62,0.6197,0.32726,0.72396,0.6043
Ucap1_v8_150p100,s1,63,0.65191,0.3302,0.71094,0.63672
Ucap1_v8_150p100,s1,64,0.63879,0.33294,0.70677,0.61544
Ucap1_v8_150p100,s1,65,0.64216,0.33351,0.72474,0.60001
Ucap1_v8_150p100,s1,66,0.64442,0.33545,0.72746,0.60937
Ucap1_v8_150p100,s1,67,0.65209,0.34407,0.71102,0.63178
Ucap1_v8_150p100,s1,68,0.60571,0.32709,0.70711,0.54857
Ucap1_v8_150p100,s1,69,0.63211,0.33983,0.71386,0.58808
Ucap1_v8_150p100,s1,70,0.65388,0.34197,0.7421,0.63591
Ucap1_v8_150p100,s1,71,0.65807,0.34257,0.72077,0.63307
Ucap1_v8_150p100,s1,72,0.64617,0.34288,0.67919,0.64641
Ucap1_v8_150p100,s1,73,0.64363,0.34368,0.7454,0.6016
Ucap1_v8_150p100,s1,74,0.65228,0.34421,0.73148,0.6325
Ucap1_v8_150p100,s1,75,0.65871,0.33986,0.71778,0.5999
Ucap1_v8_150p100,s1,76,0.65943,0.34217,0.72272,0.62376
Ucap1_v8_150p100,s1,77,0.65331,0.34313,0.75728,0.62755
Ucap1_v8_150p100,s1,78,0.6609,0.34077,0.73218,0.62345
Ucap1_v8_150p100,s1,79,0.66035,0.34205,0.75722,0.62066
Ucap1_v8_150p100,s1,80,0.68244,0.35935,0.76227,0.62923
Ucap1_v8_150p100,s1,81,0.67887,0.36522,0.77516,0.63696
Ucap1_v8_150p100,s1,82,0.65986,0.35005,0.73604,0.62998
Ucap1_v8_150p100,s1,83,0.68004,0.36454,0.77233,0.59705
Ucap1_v8_150p100,s1,84,0.69314,0.37221,0.77305,0.63867
Ucap1_v8_150p100,s1,85,0.64406,0.34413,0.71778,0.60937
Ucap1_v8_150p100,s1,86,0.6513,0.34634,0.72347,0.61962
Ucap1_v8_150p100,s1,87,0.64484,0.34025,0.71718,0.62975
Ucap1_v8_150p100,s1,88,0.66869,0.35394,0.73255,0.6407
Ucap1_v8_150p100,s1,89,0.66099,0.35096,0.7129,0.65137
Ucap1_v8_150p100,s1,90,0.67718,0.35635,0.73973,0.64648
Ucap1_v8_150p100,s1,91,0.66446,0.34802,0.71526,0.67184
Ucap1_v8_150p100,s1,92,0.66397,0.35089,0.75492,0.65113
Ucap1_v8_150p100,s1,93,0.68191,0.35715,0.78236,0.6404
Ucap1_v8_150p100,s1,94,0.65985,0.35096,0.73682,0.62403
Ucap1_v8_150p100,s1,95,0.65792,0.3494,0.69681,0.66508
Ucap1_v8_150p100,s1,96,0.67454,0.35272,0.73884,0.63846
Ucap1_v8_150p100,s1,97,0.6802,0.36249,0.71285,0.67293
Ucap1_v8_150p100,s1,98,0.67612,0.36761,0.77733,0.6256
Ucap1_v8_150p100,s1,99,0.67603,0.37165,0.76443,0.63968
Ucap1_v8_150p100,s1,100,0.69391,0.36573,0.77347,0.65286
Ucap1_v8_150p100,s1,101,0.67619,0.35607,0.75514,0.62599
Ucap1_v8_150p100,s1,102,0.68848,0.36444,0.76432,0.65421
Ucap1_v8_150p100,s1,103,0.68633,0.36221,0.71153,0.67089
Ucap1_v8_150p100,s1,104,0.67451,0.35215,0.71943,0.67062
Ucap1_v8_150p100,s1,105,0.66779,0.35149,0.72125,0.64801
Ucap1_v8_150p100,s1,106,0.68546,0.36171,0.79173,0.65858
Ucap1_v8_150p100,s1,107,0.68526,0.37353,0.75585,0.65666
Ucap1_v8_150p100,s1,108,0.67794,0.35893,0.78115,0.63311
Ucap1_v8_150p100,s1,109,0.69078,0.36714,0.74105,0.66393
Ucap1_v8_150p100,s1,110,0.69296,0.36958,0.6986,0.70343
Ucap1_v8_150p100,s1,111,0.68414,0.36791,0.68748,0.70489
Ucap1_v8_150p100,s1,112,0.68082,0.36972,0.75793,0.64511
Ucap1_v8_150p100,s1,113,0.69973,0.37862,0.75905,0.68243
Ucap1_v8_150p100,s1,114,0.69879,0.38288,0.73693,0.68331
Ucap1_v8_150p100,s1,115,0.67768,0.36773,0.78904,0.61976
Ucap1_v8_150p100,s1,116,0.69125,0.36796,0.73754,0.65425
Ucap1_v8_150p100,s1,117,0.69229,0.37409,0.78416,0.64678
Ucap1_v8_150p100,s1,118,0.69392,0.37771,0.73578,0.67257
Ucap1_v8_150p100,s1,119,0.69435,0.37398,0.74012,0.68138
Ucap1_v8_150p100,s1,120,0.70448,0.38303,0.74724,0.68536
Ucap1_v8_150p100,s1,121,0.69925,0.37327,0.72976,0.70088
Ucap1_v8_150p100,s1,122,0.69712,0.37273,0.73824,0.69191
Ucap1_v8_150p100,s1,123,0.69386,0.37567,0.73536,0.67942
Ucap1_v8_150p100,s1,124,0.70136,0.3842,0.74163,0.66626
Ucap1_v8_150p100,s1,125,0.69618,0.38296,0.74109,0.67248
Ucap1_v8_150p100,s1,126,0.69899,0.3854,0.75644,0.65962
Ucap1_v8_150p100,s1,127,0.69403,0.3793,0.70396,0.69569
Ucap1_v8_150p100,s1,128,0.69213,0.38284,0.76862,0.64484
Ucap1_v8_150p100,s1,129,0.69825,0.38072,0.7203,0.68859
Ucap1_v8_150p100,s1,130,0.69451,0.37687,0.75347,0.6808
Ucap1_v8_150p100,s1,131,0.70453,0.3808,0.76058,0.67231
Ucap1_v8_150p100,s1,132,0.69661,0.38193,0.75676,0.67405
Ucap1_v8_150p100,s1,133,0.70603,0.38468,0.75783,0.69683
Ucap1_v8_150p100,s1,134,0.70763,0.39734,0.74503,0.70243
Ucap1_v8_150p100,s1,135,0.71164,0.3936,0.79069,0.64767
Ucap1_v8_150p100,s1,136,0.70566,0.38338,0.78088,0.66176
Ucap1_v8_150p100,s1,137,0.70598,0.38892,0.74103,0.69413
Ucap1_v8_150p100,s1,138,0.69609,0.38792,0.72249,0.68315
Ucap1_v8_150p100,s1,139,0.70489,0.38768,0.74251,0.67999
Ucap1_v8_150p100,s1,140,0.70497,0.39129,0.77003,0.6629
Ucap1_v8_150p100,s1,141,0.71333,0.38742,0.74105,0.69819
Ucap1_v8_150p100,s1,142,0.7049,0.38415,0.77792,0.66259
Ucap1_v8_150p100,s1,143,0.70204,0.38031,0.79942,0.64778
Ucap1_v8_150p100,s1,144,0.71108,0.39059,0.75251,0.68661
Ucap1_v8_150p100,s1,145,0.71672,0.39136,0.76383,0.69164
Ucap1_v8_150p100,s1,146,0.71304,0.39127,0.78565,0.67991
Ucap1_v8_150p100,s1,147,0.70674,0.39137,0.76239,0.65864
Ucap1_v8_150p100,s1,148,0.71232,0.39365,0.78264,0.6576
Ucap1_v8_150p100,s1,149,0.71334,0.39493,0.76556,0.67069
Ucap1_v8_150p100,s1,150,0.71118,0.39264,0.77273,0.66808
Ucap1_v8_150p100,s2,1,0.70713,0.39267,0.76755,0.68189
Ucap1_v8_150p100,s2,2,0.70489,0.39187,0.742,0.6945
Ucap1_v8_150p100,s2,3,0.6931,0.37724,0.7283,0.68666
Ucap1_v8_150p100,s2,4,0.69123,0.37406,0.7389,0.65386
Ucap1_v8_150p100,s2,5,0.68175,0.36782,0.69422,0.67331
Ucap1_v8_150p100,s2,6,0.67755,0.36684,0.7378,0.65834
Ucap1_v8_150p100,s2,7,0.67857,0.36394,0.74132,0.63656
Ucap1_v8_150p100,s2,8,0.6899,0.36567,0.78531,0.65431
Ucap1_v8_150p100,s2,9,0.67558,0.3683,0.69114,0.67377
Ucap1_v8_150p100,s2,10,0.68181,0.35935,0.77108,0.63662
Ucap1_v8_150p100,s2,11,0.66901,0.35726,0.74972,0.64966
Ucap1_v8_150p100,s2,12,0.66911,0.35555,0.70156,0.66363
Ucap1_v8_150p100,s2,13,0.6609,0.34458,0.7481,0.63693
Ucap1_v8_150p100,s2,14,0.68936,0.36861,0.75453,0.65088
Ucap1_v8_150p100,s2,15,0.67854,0.3652,0.69407,0.68067
Ucap1_v8_150p100,s2,16,0.68593,0.37231,0.76999,0.64943
Ucap1_v8_150p100,s2,17,0.6862,0.37363,0.76347,0.6666
Ucap1_v8_150p100,s2,18,0.68499,0.36912,0.7328,0.66453
Ucap1_v8_150p100,s2,19,0.68067,0.35799,0.73599,0.67086
Ucap1_v8_150p100,s2,20,0.68754,0.37024,0.73553,0.65392
Ucap1_v8_150p100,s2,21,0.68195,0.37398,0.78635,0.64582
Ucap1_v8_150p100,s2,22,0.69141,0.36746,0.78609,0.62465
Ucap1_v8_150p100,s2,23,0.68827,0.36798,0.73578,0.6514
Ucap1_v8_150p100,s2,24,0.69011,0.36637,0.75725,0.66042
Ucap1_v8_150p100,s2,25,0.68623,0.36612,0.72573,0.64797
Ucap1_v8_150p100,s2,26,0.7027,0.38159,0.77275,0.66528
Ucap1_v8_150p100,s2,27,0.70711,0.38928,0.74979,0.66985
Ucap1_v8_150p100,s2,28,0.69382,0.36582,0.75456,0.65775
Ucap1_v8_150p100,s2,29,0.69509,0.37078,0.79432,0.64307
Ucap1_v8_150p100,s2,30,0.68935,0.36804,0.75098,0.68276
Ucap1_v8_150p100,s2,31,0.68691,0.3744,0.68376,0.69973
Ucap1_v8_150p100,s2,32,0.6915,0.36892,0.76081,0.65545
Ucap1_v8_150p100,s2,33,0.69701,0.36915,0.75044,0.67553
Ucap1_v8_150p100,s2,34,0.70464,0.3817,0.75355,0.69246
Ucap1_v8_150p100,s2,35,0.69741,0.37772,0.73211,0.68749
Ucap1_v8_150p100,s2,36,0.69707,0.38109,0.69681,0.69621
Ucap1_v8_150p100,s2,37,0.7018,0.37748,0.77748,0.68159
Ucap1_v8_150p100,s2,38,0.70216,0.38166,0.73413,0.70806
Ucap1_v8_150p100,s2,39,0.70376,0.38991,0.7351,0.70946
Ucap1_v8_150p100,s2,40,0.69758,0.37784,0.78046,0.67291
Ucap1_v8_150p100,s2,41,0.68127,0.36678,0.73011,0.66385
Ucap1_v8_150p100,s2,42,0.69373,0.36705,0.71164,0.68448
Ucap1_v8_150p100,s2,43,0.69462,0.37508,0.75354,0.67378
Ucap1_v8_150p100,s2,44,0.70285,0.38472,0.78523,0.68102
Ucap1_v8_150p100,s2,45,0.70195,0.3744,0.75533,0.68805
Ucap1_v8_150p100,s2,46,0.70703,0.37338,0.78984,0.66146
Ucap1_v8_150p100,s2,47,0.70639,0.38656,0.7605,0.669
Ucap1_v8_150p100,s2,48,0.70074,0.38234,0.74908,0.68774
Ucap1_v8_150p100,s2,49,0.70374,0.38736,0.74584,0.68364
Ucap1_v8_150p100,s2,50,0.70066,0.38103,0.75142,0.67609
Ucap1_v8_150p100,s2,51,0.68641,0.37101,0.71182,0.66516
Ucap1_v8_150p100,s2,52,0.69868,0.38179,0.7229,0.66919
Ucap1_v8_150p100,s2,53,0.69032,0.36843,0.75819,0.66034
Ucap1_v8_150p100,s2,54,0.69814,0.37715,0.78972,0.64498
Ucap1_v8_150p100,s2,55,0.71018,0.38445,0.78697,0.66446
Ucap1_v8_150p100,s2,56,0.71435,0.38673,0.7516,0.71903
Ucap1_v8_150p100,s2,57,0.70657,0.38224,0.79333,0.6563
Ucap1_v8_150p100,s2,58,0.70081,0.38261,0.7602,0.68304
Ucap1_v8_150p100,s2,59,0.7061,0.3868,0.79657,0.65328
Ucap1_v8_150p100,s2,60,0.70713,0.39118,0.75901,0.66155
Ucap1_v8_150p100,s2,61,0.69984,0.37892,0.74903,0.67591
Ucap1_v8_150p100,s2,62,0.697,0.38709,0.80611,0.63514
Ucap1_v8_150p100,s2,63,0.69904,0.37488,0.73613,0.69129
Ucap1_v8_150p100,s2,64,0.7007,0.3804,0.77225,0.66447
Ucap1_v8_150p100,s2,65,0.69773,0.37975,0.72543,0.70545
Ucap1_v8_150p100,s2,66,0.70555,0.38961,0.7286,0.70327
Ucap1_v8_150p100,s2,67,0.69866,0.38248,0.7575,0.67002
Ucap1_v8_150p100,s2,68,0.70596,0.38375,0.75669,0.67776
Ucap1_v8_150p100,s2,69,0.70543,0.38682,0.7313,0.71276
Ucap1_v8_150p100,s2,70,0.69476,0.38814,0.75517,0.66341
Ucap1_v8_150p100,s2,71,0.70507,0.38565,0.76255,0.67808
Ucap1_v8_150p100,s2,72,0.70663,0.38885,0.73173,0.68611
Ucap1_v8_150p100,s2,73,0.70673,0.39082,0.76059,0.66937
Ucap1_v8_150p100,s2,74,0.7008,0.38074,0.75592,0.67071
Ucap1_v8_150p100,s2,75,0.70967,0.38954,0.75978,0.66357
Ucap1_v8_150p100,s2,76,0.70003,0.38701,0.73932,0.6672
Ucap1_v8_150p100,s2,77,0.69442,0.38618,0.75776,0.66262
Ucap1_v8_150p100,s2,78,0.69495,0.38204,0.76413,0.66314
Ucap1_v8_150p100,s2,79,0.706,0.38157,0.75603,0.67008
Ucap1_v8_150p100,s2,80,0.69304,0.37712,0.71767,0.67769
Ucap1_v8_150p100,s2,81,0.70133,0.3892,0.77221,0.67095
Ucap1_v8_150p100,s2,82,0.70878,0.38856,0.71743,0.70064
Ucap1_v8_150p100,s2,83,0.71108,0.3893,0.72779,0.69494
Ucap1_v8_150p100,s2,84,0.71408,0.39426,0.74115,0.71022
Ucap1_v8_150p100,s2,85,0.71143,0.39337,0.71897,0.71414
Ucap1_v8_150p100,s2,86,0.70756,0.39056,0.71426,0.70232
Ucap1_v8_150p100,s2,87,0.7038,0.38776,0.77111,0.67526
Ucap1_v8_150p100,s2,88,0.70956,0.39339,0.74109,0.69376
Ucap1_v8_150p100,s2,89,0.71744,0.39268,0.76835,0.66809
Ucap1_v8_150p100,s2,90,0.71656,0.39317,0.79611,0.66103
Ucap1_v8_150p100,s2,91,0.71088,0.38913,0.77473,0.66388
Ucap1_v8_150p100,s2,92,0.7085,0.3898,0.75321,0.66469
Ucap1_v8_150p100,s2,93,0.69725,0.38233,0.77492,0.65818
Ucap1_v8_150p100,s2,94,0.70314,0.38431,0.73923,0.71013
Ucap1_v8_150p100,s2,95,0.71397,0.38942,0.76673,0.68917
Ucap1_v8_150p100,s2,96,0.72076,0.39492,0.7546,0.71809
Ucap1_v8_150p100,s2,97,0.71216,0.38951,0.80304,0.65585
Ucap1_v8_150p100,s2,98,0.70604,0.39295,0.74247,0.6847
Ucap1_v8_150p100,s2,99,0.70853,0.3884,0.77017,0.669
Ucap1_v8_150p100,s2,100,0.70861,0.39402,0.74396,0.70058
Ucap2_v11_150p100,s1,1,0.02425,0.01085,0.00133,0.07334
Ucap2_v11_150p100,s1,2,0.05529,0.02269,0.00377,0.16653
Ucap2_v11_150p100,s1,3,0.0641,0.02462,0.72107,0.07058
Ucap2_v11_150p100,s1,4,0.10073,0.0324,0.31631,0.1579
Ucap2_v11_150p100,s1,5,0.09731,0.03397,0.18198,0.17091
Ucap2_v11_150p100,s1,6,0.15863,0.05613,0.45422,0.2325
Ucap2_v11_150p100,s1,7,0.15244,0.05436,0.17661,0.25895
Ucap2_v11_150p100,s1,8,0.28452,0.10423,0.43335,0.27148
Ucap2_v11_150p100,s1,9,0.29473,0.12652,0.40706,0.32616
Ucap2_v11_150p100,s1,10,0.26051,0.11208,0.29437,0.34656
Ucap2_v11_150p100,s1,11,0.34127,0.15594,0.49281,0.35433
Ucap2_v11_150p100,s1,12,0.31099,0.13763,0.45103,0.35988
Ucap2_v11_150p100,s1,13,0.35794,0.14559,0.51863,0.35382
Ucap2_v11_150p100,s1,14,0.36534,0.16686,0.4827,0.36713
Ucap2_v11_150p100,s1,15,0.44367,0.20193,0.55511,0.39582
Ucap2_v11_150p100,s1,16,0.4172,0.19681,0.55629,0.40762
Ucap2_v11_150p100,s1,17,0.44084,0.20479,0.57473,0.40274
Ucap2_v11_150p100,s1,18,0.43985,0.21196,0.60864,0.3859
Ucap2_v11_150p100,s1,19,0.47428,0.2291,0.49052,0.54156
Ucap2_v11_150p100,s1,20,0.46405,0.20717,0.58854,0.44645
Ucap2_v11_150p100,s1,21,0.51641,0.24656,0.5595,0.48617
Ucap2_v11_150p100,s1,22,0.42114,0.18522,0.55208,0.40312
Ucap2_v11_150p100,s1,23,0.35497,0.17583,0.53364,0.31435
Ucap2_v11_150p100,s1,24,0.53507,0.27016,0.69358,0.4984
Ucap2_v11_150p100,s1,25,0.53316,0.26342,0.6245,0.49849
Ucap2_v11_150p100,s1,26,0.54299,0.28175,0.62282,0.51911
Ucap2_v11_150p100,s1,27,0.51871,0.23636,0.7016,0.44911
Ucap2_v11_150p100,s1,28,0.51573,0.24813,0.68744,0.4588
Ucap2_v11_150p100,s1,29,0.48176,0.25575,0.67956,0.43688
Ucap2_v11_150p100,s1,30,0.5285,0.25356,0.60372,0.53093
Ucap2_v11_150p100,s1,31,0.46964,0.22446,0.5956,0.41424
Ucap2_v11_150p100,s1,32,0.59135,0.30447,0.63418,0.55813
Ucap2_v11_150p100,s1,33,0.49664,0.23709,0.59858,0.48485
Ucap2_v11_150p100,s1,34,0.58606,0.28407,0.66754,0.53539
Ucap2_v11_150p100,s1,35,0.54534,0.26715,0.62629,0.52202
Ucap2_v11_150p100,s1,36,0.56277,0.28574,0.64249,0.53703
Ucap2_v11_150p100,s1,37,0.55559,0.28329,0.68728,0.50318
Ucap2_v11_150p100,s1,38,0.53787,0.25742,0.6628,0.46389
Ucap2_v11_150p100,s1,39,0.53096,0.25839,0.65293,0.49243
Ucap2_v11_150p100,s1,40,0.57419,0.2832,0.63531,0.54203
Ucap2_v11_150p100,s1,41,0.59088,0.29237,0.69429,0.53441
Ucap2_v11_150p100,s1,42,0.57359,0.27623,0.64535,0.52319
Ucap2_v11_150p100,s1,43,0.59809,0.28962,0.68027,0.57269
Ucap2_v11_150p100,s1,44,0.57596,0.29413,0.70215,0.55519
Ucap2_v11_150p100,s1,45,0.58531,0.29993,0.71033,0.53817
Ucap2_v11_150p100,s1,46,0.61809,0.30668,0.66391,0.5703
Ucap2_v11_150p100,s1,47,0.59269,0.30202,0.71617,0.5289
Ucap2_v11_150p100,s1,48,0.61017,0.30326,0.69216,0.57399
Ucap2_v11_150p100,s1,49,0.60648,0.31153,0.62774,0.5919
Ucap2_v11_150p100,s1,50,0.62497,0.31926,0.69224,0.5997
Ucap2_v11_150p100,s1,51,0.62164,0.31407,0.70261,0.60539
Ucap2_v11_150p100,s1,52,0.63997,0.32769,0.69921,0.59106
Ucap2_v11_150p100,s1,53,0.61739,0.32335,0.69484,0.55161
Ucap2_v11_150p100,s1,54,0.63566,0.32361,0.74734,0.56936
Ucap2_v11_150p100,s1,55,0.6426,0.3283,0.69883,0.60243
Ucap2_v11_150p100,s1,56,0.66087,0.33433,0.72178,0.63122
Ucap2_v11_150p100,s1,57,0.64192,0.33044,0.76078,0.58004
Ucap2_v11_150p100,s1,58,0.64426,0.32999,0.75218,0.60555
Ucap2_v11_150p100,s1,59,0.66419,0.34781,0.81524,0.5848
Ucap2_v11_150p100,s1,60,0.61012,0.3017,0.71333,0.59136
Ucap2_v11_150p100,s1,61,0.65899,0.33943,0.72282,0.61371
Ucap2_v11_150p100,s1,62,0.62574,0.31329,0.67174,0.58359
Ucap2_v11_150p100,s1,63,0.60885,0.30634,0.72457,0.54743
Ucap2_v11_150p100,s1,64,0.64239,0.32405,0.71591,0.62538
Ucap2_v11_150p100,s1,65,0.63585,0.31315,0.76399,0.56603
Ucap2_v11_150p100,s1,66,0.66073,0.33954,0.72124,0.59794
Ucap2_v11_150p100,s1,67,0.64867,0.33168,0.73405,0.60875
Ucap2_v11_150p100,s1,68,0.66549,0.33959,0.72745,0.62692
Ucap2_v11_150p100,s1,69,0.65613,0.35182,0.70201,0.65494
Ucap2_v11_150p100,s1,70,0.6903,0.35737,0.819,0.61757
Ucap2_v11_150p100,s1,71,0.6273,0.33028,0.72546,0.59041
Ucap2_v11_150p100,s1,72,0.65894,0.32895,0.74386,0.65153
Ucap2_v11_150p100,s1,73,0.69232,0.36255,0.74097,0.64089
Ucap2_v11_150p100,s1,74,0.68479,0.36245,0.76352,0.64656
Ucap2_v11_150p100,s1,75,0.69161,0.36207,0.81802,0.62183
Ucap2_v11_150p100,s1,76,0.67745,0.35467,0.80983,0.60621
Ucap2_v11_150p100,s1,77,0.68549,0.36175,0.74753,0.64504
Ucap2_v11_150p100,s1,78,0.68279,0.35481,0.7731,0.6324
Ucap2_v11_150p100,s1,79,0.67709,0.35329,0.7244,0.6551
Ucap2_v11_150p100,s1,80,0.63997,0.33585,0.68523,0.60875
Ucap2_v11_150p100,s1,81,0.65797,0.34378,0.7299,0.60643
Ucap2_v11_150p100,s1,82,0.6985,0.37974,0.73418,0.65996
Ucap2_v11_150p100,s1,83,0.69946,0.3705,0.77337,0.64947
Ucap2_v11_150p100,s1,84,0.68715,0.36201,0.74549,0.6404
Ucap2_v11_150p100,s1,85,0.69942,0.37759,0.76223,0.6491
Ucap2_v11_150p100,s1,86,0.68266,0.35318,0.72468,0.64977
Ucap2_v11_150p100,s1,87,0.69593,0.35853,0.74964,0.6667
Ucap2_v11_150p100,s1,88,0.69022,0.36065,0.73165,0.6723
Ucap2_v11_150p100,s1,89,0.66435,0.3302,0.72163,0.61499
Ucap2_v11_150p100,s1,90,0.70098,0.37946,0.74683,0.65149
Ucap2_v11_150p100,s1,91,0.69721,0.37512,0.76229,0.65865
Ucap2_v11_150p100,s1,92,0.67008,0.35432,0.7288,0.67519
Ucap2_v11_150p100,s1,93,0.71296,0.3808,0.781,0.63451
Ucap2_v11_150p100,s1,94,0.7019,0.37557,0.79127,0.65095
Ucap2_v11_150p100,s1,95,0.72616,0.38126,0.7897,0.68804
Ucap2_v11_150p100,s1,96,0.71483,0.38769,0.81018,0.65737
Ucap2_v11_150p100,s1,97,0.7081,0.38226,0.80478,0.65245
Ucap2_v11_150p100,s1,98,0.70843,0.38422,0.81782,0.64084
Ucap2_v11_150p100,s1,99,0.71176,0.3774,0.8025,0.64964
Ucap2_v11_150p100,s1,100,0.69657,0.37289,0.79577,0.62253
Ucap2_v11_150p100,s1,101,0.68084,0.36618,0.78136,0.6123
Ucap2_v11_150p100,s1,102,0.71762,0.39164,0.75876,0.65929
Ucap2_v11_150p100,s1,103,0.71793,0.39125,0.79549,0.63798
Ucap2_v11_150p100,s1,104,0.70656,0.38289,0.76515,0.67324
Ucap2_v11_150p100,s1,105,0.72504,0.39471,0.78297,0.6883
Ucap2_v11_150p100,s1,106,0.72178,0.39398,0.81297,0.66632
Ucap2_v11_150p100,s1,107,0.69489,0.37327,0.7464,0.67029
Ucap2_v11_150p100,s1,108,0.68421,0.37362,0.74424,0.65451
Ucap2_v11_150p100,s1,109,0.70835,0.38141,0.79514,0.65129
Ucap2_v11_150p100,s1,110,0.6913,0.38571,0.7263,0.67149
Ucap2_v11_150p100,s1,111,0.71094,0.38904,0.81736,0.64423
Ucap2_v11_150p100,s1,112,0.7073,0.39145,0.7844,0.66238
Ucap2_v11_150p100,s1,113,0.72227,0.40016,0.74958,0.68142
Ucap2_v11_150p100,s1,114,0.71304,0.3915,0.77501,0.68218
Ucap2_v11_150p100,s1,115,0.73865,0.40357,0.75684,0.71096
Ucap2_v11_150p100,s1,116,0.71658,0.3938,0.80783,0.66641
Ucap2_v11_150p100,s1,117,0.72219,0.38611,0.77788,0.67275
Ucap2_v11_150p100,s1,118,0.70335,0.38316,0.79114,0.65957
Ucap2_v11_150p100,s1,119,0.73483,0.39551,0.80437,0.66241
Ucap2_v11_150p100,s1,120,0.72215,0.38173,0.78968,0.69076
Ucap2_v11_150p100,s1,121,0.72717,0.39068,0.79098,0.68543
Ucap2_v11_150p100,s1,122,0.72427,0.39315,0.77891,0.68573
Ucap2_v11_150p100,s1,123,0.71785,0.39695,0.81783,0.66805
Ucap2_v11_150p100,s1,124,0.73021,0.40487,0.77317,0.69041
Ucap2_v11_150p100,s1,125,0.72745,0.397,0.80265,0.68358
Ucap2_v11_150p100,s1,126,0.73306,0.40531,0.81988,0.6647
Ucap2_v11_150p100,s1,127,0.71843,0.39761,0.81483,0.65405
Ucap2_v11_150p100,s1,128,0.71892,0.39679,0.77797,0.68098
Ucap2_v11_150p100,s1,129,0.72688,0.39389,0.81935,0.66483
Ucap2_v11_150p100,s1,130,0.72511,0.40102,0.80073,0.68967
Ucap2_v11_150p100,s1,131,0.73551,0.40263,0.79693,0.69907
Ucap2_v11_150p100,s1,132,0.7188,0.39893,0.80866,0.65597
Ucap2_v11_150p100,s1,133,0.72479,0.40804,0.81036,0.6907
Ucap2_v11_150p100,s1,134,0.71447,0.40248,0.80195,0.67452
Ucap2_v11_150p100,s1,135,0.72976,0.40332,0.82004,0.68384
Ucap2_v11_150p100,s1,136,0.72725,0.40318,0.80866,0.68243
Ucap2_v11_150p100,s1,137,0.73081,0.4084,0.78383,0.69732
Ucap2_v11_150p100,s1,138,0.7364,0.41203,0.81067,0.6764
Ucap2_v11_150p100,s1,139,0.73332,0.41018,0.80536,0.67585
Ucap2_v11_150p100,s1,140,0.7376,0.41486,0.80891,0.68979
Ucap2_v11_150p100,s1,141,0.72649,0.40219,0.79655,0.69565
Ucap2_v11_150p100,s1,142,0.71674,0.39868,0.77964,0.67924
Ucap2_v11_150p100,s1,143,0.72681,0.40977,0.80557,0.67465
Ucap2_v11_150p100,s1,144,0.7333,0.40778,0.83302,0.68194
Ucap2_v11_150p100,s1,145,0.73251,0.40692,0.84215,0.65455
Ucap2_v11_150p100,s1,146,0.7316,0.4062,0.82826,0.65859
Ucap2_v11_150p100,s1,147,0.73545,0.40899,0.81403,0.67977
Ucap2_v11_150p100,s1,148,0.72876,0.4057,0.81406,0.65914
Ucap2_v11_150p100,s1,149,0.72795,0.40889,0.77218,0.69663
Ucap2_v11_150p100,s1,150,0.72793,0.41108,0.76725,0.69843
Ucap2_v11_150p100,s2,1,0.73362,0.40962,0.81104,0.69132
Ucap2_v11_150p100,s2,2,0.72684,0.40858,0.82211,0.68853
Ucap2_v11_150p100,s2,3,0.71318,0.387,0.81281,0.67119
Ucap2_v11_150p100,s2,4,0.67837,0.35832,0.74388,0.63977
Ucap2_v11_150p100,s2,5,0.7277,0.39382,0.77901,0.67973
Ucap2_v11_150p100,s2,6,0.70644,0.37698,0.81097,0.63397
Ucap2_v11_150p100,s2,7,0.69799,0.37902,0.75191,0.66491
Ucap2_v11_150p100,s2,8,0.71653,0.38773,0.76988,0.66947
Ucap2_v11_150p100,s2,9,0.72603,0.38991,0.76766,0.6973
Ucap2_v11_150p100,s2,10,0.7202,0.3938,0.81609,0.68198
Ucap2_v11_150p100,s2,11,0.69691,0.37454,0.81234,0.63724
Ucap2_v11_150p100,s2,12,0.70003,0.37511,0.83306,0.6188
Ucap2_v11_150p100,s2,13,0.69657,0.37661,0.77684,0.6446
Ucap2_v11_150p100,s2,14,0.73073,0.38679,0.7721,0.70064
Ucap2_v11_150p100,s2,15,0.71853,0.38673,0.79351,0.65984
Ucap2_v11_150p100,s2,16,0.69546,0.37992,0.79986,0.64264
Ucap2_v11_150p100,s2,17,0.69845,0.37615,0.78327,0.65308
Ucap2_v11_150p100,s2,18,0.71369,0.38844,0.77775,0.64495
Ucap2_v11_150p100,s2,19,0.71994,0.39557,0.78168,0.68272
Ucap2_v11_150p100,s2,20,0.72521,0.38718,0.75239,0.70348
Ucap2_v11_150p100,s2,21,0.73698,0.39483,0.83608,0.64407
Ucap2_v11_150p100,s2,22,0.7172,0.38854,0.77703,0.66993
Ucap2_v11_150p100,s2,23,0.70734,0.38273,0.78619,0.65122
Ucap2_v11_150p100,s2,24,0.71012,0.39565,0.80447,0.66363
Ucap2_v11_150p100,s2,25,0.72156,0.3861,0.79482,0.677
Ucap2_v11_150p100,s2,26,0.7301,0.39818,0.77118,0.70838
Ucap2_v11_150p100,s2,27,0.69841,0.38207,0.76281,0.66388
Ucap2_v11_150p100,s2,28,0.69904,0.38146,0.78556,0.66327
Ucap2_v11_150p100,s2,29,0.72955,0.3856,0.78238,0.68559
Ucap2_v11_150p100,s2,30,0.71422,0.38704,0.78579,0.66744
Ucap2_v11_150p100,s2,31,0.71003,0.38382,0.78559,0.65739
Ucap2_v11_150p100,s2,32,0.71323,0.39773,0.82622,0.63946
Ucap2_v11_150p100,s2,33,0.71124,0.38921,0.8085,0.67213
Ucap2_v11_150p100,s2,34,0.70752,0.38931,0.78129,0.66205
Ucap2_v11_150p100,s2,35,0.71805,0.38923,0.75563,0.68576
Ucap2_v11_150p100,s2,36,0.72878,0.39849,0.79121,0.68398
Ucap2_v11_150p100,s2,37,0.73944,0.39928,0.83151,0.66858
Ucap2_v11_150p100,s2,38,0.72143,0.38848,0.78592,0.66792
Ucap2_v11_150p100,s2,39,0.73565,0.39528,0.78804,0.7217
Ucap2_v11_150p100,s2,40,0.73746,0.39677,0.79015,0.69444
Ucap2_v11_150p100,s2,41,0.72342,0.38784,0.80889,0.6869
Ucap2_v11_150p100,s2,42,0.73321,0.40012,0.78433,0.7048
Ucap2_v11_150p100,s2,43,0.72099,0.39369,0.81168,0.6705
Ucap2_v11_150p100,s2,44,0.71497,0.38933,0.77428,0.68849
Ucap2_v11_150p100,s2,45,0.72478,0.39221,0.79688,0.69136
Ucap2_v11_150p100,s2,46,0.72247,0.39129,0.7812,0.68791
Ucap2_v11_150p100,s2,47,0.72563,0.3954,0.80323,0.68064
Ucap2_v11_150p100,s2,48,0.71374,0.39409,0.75582,0.68921
Ucap2_v11_150p100,s2,49,0.72389,0.39586,0.7831,0.68806
Ucap2_v11_150p100,s2,50,0.70335,0.37109,0.78677,0.66034
Ucap2_v11_150p100,s2,51,0.7239,0.39492,0.80641,0.66561
Ucap2_v11_150p100,s2,52,0.72665,0.40436,0.8389,0.6432
Ucap2_v11_150p100,s2,53,0.71583,0.39496,0.78686,0.66599
Ucap2_v11_150p100,s2,54,0.72077,0.38825,0.79383,0.68405
Ucap2_v11_150p100,s2,55,0.71876,0.39269,0.80775,0.65781
Ucap2_v11_150p100,s2,56,0.72896,0.39011,0.76495,0.67859
Ucap2_v11_150p100,s2,57,0.72582,0.38729,0.81799,0.66413
Ucap2_v11_150p100,s2,58,0.75056,0.39227,0.8426,0.66921
Ucap2_v11_150p100,s2,59,0.742,0.40198,0.81171,0.67032
Ucap2_v11_150p100,s2,60,0.73927,0.40396,0.82058,0.67425
Ucap2_v11_150p100,s2,61,0.73045,0.39261,0.84293,0.6599
Ucap2_v11_150p100,s2,62,0.71778,0.385,0.79327,0.66629
Ucap2_v11_150p100,s2,63,0.72988,0.39348,0.81732,0.66959
Ucap2_v11_150p100,s2,64,0.72851,0.39411,0.7834,0.69056
Ucap2_v11_150p100,s2,65,0.72186,0.4,0.80264,0.66332
Ucap2_v11_150p100,s2,66,0.71548,0.39513,0.80071,0.66825
Ucap2_v11_150p100,s2,67,0.71153,0.39746,0.8363,0.66828
Ucap2_v11_150p100,s2,68,0.73357,0.4021,0.81461,0.68255
Ucap2_v11_150p100,s2,69,0.71187,0.39418,0.81213,0.63772
Ucap2_v11_150p100,s2,70,0.74079,0.40622,0.76328,0.72652
Ucap2_v11_150p100,s2,71,0.71987,0.39981,0.79436,0.67781
Ucap2_v11_150p100,s2,72,0.70329,0.38521,0.81446,0.64865
Ucap2_v11_150p100,s2,73,0.71839,0.39741,0.78636,0.67587
Ucap2_v11_150p100,s2,74,0.7316,0.3992,0.86771,0.65999
Ucap2_v11_150p100,s2,75,0.73659,0.40813,0.82596,0.67588
Ucap2_v11_150p100,s2,76,0.72773,0.39699,0.79969,0.68155
Ucap2_v11_150p100,s2,77,0.73109,0.40211,0.82812,0.669
Ucap2_v11_150p100,s2,78,0.73212,0.40299,0.79473,0.68576
Ucap2_v11_150p100,s2,79,0.73405,0.40657,0.81787,0.66548
Ucap2_v11_150p100,s2,80,0.73587,0.40485,0.84596,0.65235
Ucap2_v11_150p100,s2,81,0.72976,0.39941,0.84229,0.66807
Ucap2_v11_150p100,s2,82,0.72189,0.39985,0.8079,0.67204
Ucap2_v11_150p100,s2,83,0.71317,0.39845,0.81923,0.64826
Ucap2_v11_150p100,s2,84,0.72245,0.40511,0.76349,0.69499
Ucap2_v11_150p100,s2,85,0.72383,0.40266,0.82863,0.65377
Ucap2_v11_150p100,s2,86,0.73294,0.39779,0.84672,0.65567
Ucap2_v11_150p100,s2,87,0.74395,0.41224,0.83455,0.64981
Ucap2_v11_150p100,s2,88,0.73661,0.41093,0.75788,0.71593
Ucap2_v11_150p100,s2,89,0.72578,0.40683,0.75689,0.70161
Ucap2_v11_150p100,s2,90,0.72902,0.40193,0.78685,0.69773
Ucap2_v11_150p100,s2,91,0.7376,0.40494,0.80736,0.68063
Ucap2_v11_150p100,s2,92,0.74068,0.40516,0.80509,0.68428
Ucap2_v11_150p100,s2,93,0.73385,0.40102,0.83316,0.65466
Ucap2_v11_150p100,s2,94,0.74144,0.40857,0.76153,0.71937
Ucap2_v11_150p100,s2,95,0.74488,0.40428,0.80157,0.68947
Ucap2_v11_150p100,s2,96,0.7293,0.40086,0.82906,0.65804
Ucap2_v11_150p100,s2,97,0.73103,0.39974,0.78929,0.68487
Ucap2_v11_150p100,s2,98,0.74568,0.40472,0.79702,0.70847
Ucap2_v11_150p100,s2,99,0.73655,0.40578,0.76519,0.69793
Ucap2_v11_150p100,s2,100,0.74671,0.41,0.78314,0.69806
Ucap2_v8_150p100,s1,1,0.00525,0.00335,0.00095,0.06005
Ucap2_v8_150p100,s1,2,0.07894,0.03197,0.00628,0.22054
Ucap2_v8_150p100,s1,3,0.08003,0.02715,0.50813,0.09917
Ucap2_v8_150p100,s1,4,0.13036,0.04897,0.47792,0.14693
Ucap2_v8_150p100,s1,5,0.08799,0.03137,0.15326,0.16253
Ucap2_v8_150p100,s1,6,0.24774,0.10339,0.37065,0.29986
Ucap2_v8_150p100,s1,7,0.31277,0.13531,0.45412,0.32833
Ucap2_v8_150p100,s1,8,0.31868,0.12771,0.51163,0.33191
Ucap2_v8_150p100,s1,9,0.33865,0.14252,0.46459,0.37307
Ucap2_v8_150p100,s1,10,0.32411,0.14672,0.41398,0.31441
Ucap2_v8_150p100,s1,11,0.33984,0.14754,0.46554,0.3826
Ucap2_v8_150p100,s1,12,0.41049,0.19429,0.47988,0.41303
Ucap2_v8_150p100,s1,13,0.40028,0.19142,0.54668,0.39029
Ucap2_v8_150p100,s1,14,0.40522,0.19896,0.53221,0.40943
Ucap2_v8_150p100,s1,15,0.46965,0.21558,0.58502,0.40932
Ucap2_v8_150p100,s1,16,0.43423,0.19681,0.57559,0.39653
Ucap2_v8_150p100,s1,17,0.4664,0.23051,0.57288,0.42885
Ucap2_v8_150p100,s1,18,0.45157,0.21155,0.56181,0.43336
Ucap2_v8_150p100,s1,19,0.53469,0.2597,0.66222,0.47311
Ucap2_v8_150p100,s1,20,0.48003,0.22633,0.54702,0.46465
Ucap2_v8_150p100,s1,21,0.51473,0.24811,0.59459,0.50524
Ucap2_v8_150p100,s1,22,0.53272,0.26906,0.70174,0.47733
Ucap2_v8_150p100,s1,23,0.53753,0.25547,0.67863,0.53194
Ucap2_v8_150p100,s1,24,0.49751,0.25501,0.66159,0.46986
Ucap2_v8_150p100,s1,25,0.49472,0.25281,0.57912,0.5015
Ucap2_v8_150p100,s1,26,0.49919,0.25146,0.64623,0.47592
Ucap2_v8_150p100,s1,27,0.55152,0.28726,0.64129,0.52855
Ucap2_v8_150p100,s1,28,0.53072,0.26456,0.73852,0.49192
Ucap2_v8_150p100,s1,29,0.52366,0.26001,0.65782,0.49247
Ucap2_v8_150p100,s1,30,0.51172,0.23375,0.62846,0.48422
Ucap2_v8_150p100,s1,31,0.54792,0.28141,0.61547,0.50552
Ucap2_v8_150p100,s1,32,0.60354,0.29938,0.7024,0.5701
Ucap2_v8_150p100,s1,33,0.58607,0.30335,0.62507,0.56685
Ucap2_v8_150p100,s1,34,0.60241,0.30529,0.67764,0.60681
Ucap2_v8_150p100,s1,35,0.5614,0.27301,0.66931,0.53185
Ucap2_v8_150p100,s1,36,0.54147,0.28711,0.59555,0.52106
Ucap2_v8_150p100,s1,37,0.57744,0.29533,0.66993,0.55586
Ucap2_v8_150p100,s1,38,0.57899,0.2952,0.6919,0.53459
Ucap2_v8_150p100,s1,39,0.59261,0.30705,0.72983,0.53753
Ucap2_v8_150p100,s1,40,0.58613,0.30813,0.64149,0.55531
Ucap2_v8_150p100,s1,41,0.61451,0.31243,0.66747,0.60693
Ucap2_v8_150p100,s1,42,0.58396,0.30816,0.63685,0.54929
Ucap2_v8_150p100,s1,43,0.59643,0.31282,0.61208,0.61191
Ucap2_v8_150p100,s1,44,0.60252,0.30994,0.70547,0.55596
Ucap2_v8_150p100,s1,45,0.59756,0.31634,0.66424,0.6089
Ucap2_v8_150p100,s1,46,0.57903,0.29702,0.65125,0.54452
Ucap2_v8_150p100,s1,47,0.64272,0.33631,0.74775,0.55326
Ucap2_v8_150p100,s1,48,0.61076,0.31776,0.70786,0.56549
Ucap2_v8_150p100,s1,49,0.62723,0.33193,0.73827,0.57204
Ucap2_v8_150p100,s1,50,0.59892,0.30792,0.61429,0.58839
Ucap2_v8_150p100,s1,51,0.61607,0.32418,0.71736,0.56005
Ucap2_v8_150p100,s1,52,0.61517,0.32796,0.65112,0.58956
Ucap2_v8_150p100,s1,53,0.629,0.32966,0.74085,0.59692
Ucap2_v8_150p100,s1,54,0.63033,0.32641,0.66235,0.58461
Ucap2_v8_150p100,s1,55,0.61007,0.31635,0.71398,0.55792
Ucap2_v8_150p100,s1,56,0.64441,0.34288,0.71435,0.61364
Ucap2_v8_150p100,s1,57,0.63598,0.31948,0.71762,0.58661
Ucap2_v8_150p100,s1,58,0.6377,0.33071,0.6689,0.62193
Ucap2_v8_150p100,s1,59,0.65648,0.33916,0.71519,0.63483
Ucap2_v8_150p100,s1,60,0.61213,0.31879,0.71253,0.56866
Ucap2_v8_150p100,s1,61,0.64455,0.33215,0.72313,0.59486
Ucap2_v8_150p100,s1,62,0.66591,0.33547,0.69638,0.65377
Ucap2_v8_150p100,s1,63,0.67614,0.35624,0.76202,0.64573
Ucap2_v8_150p100,s1,64,0.64027,0.33994,0.7232,0.60964
Ucap2_v8_150p100,s1,65,0.65219,0.34162,0.72721,0.61084
Ucap2_v8_150p100,s1,66,0.65772,0.34271,0.75005,0.62282
Ucap2_v8_150p100,s1,67,0.62592,0.32834,0.67173,0.63149
Ucap2_v8_150p100,s1,68,0.62564,0.32502,0.68818,0.60878
Ucap2_v8_150p100,s1,69,0.64473,0.3471,0.72538,0.6086
Ucap2_v8_150p100,s1,70,0.65825,0.3415,0.7305,0.65207
Ucap2_v8_150p100,s1,71,0.64992,0.35383,0.72733,0.63152
Ucap2_v8_150p100,s1,72,0.65282,0.34318,0.69955,0.66112
Ucap2_v8_150p100,s1,73,0.68682,0.35203,0.73109,0.64004
Ucap2_v8_150p100,s1,74,0.67418,0.34281,0.77429,0.63181
Ucap2_v8_150p100,s1,75,0.67333,0.34957,0.74013,0.64081
Ucap2_v8_150p100,s1,76,0.64858,0.34243,0.70203,0.64723
Ucap2_v8_150p100,s1,77,0.68063,0.35777,0.72904,0.65189
Ucap2_v8_150p100,s1,78,0.64974,0.338,0.73324,0.63527
Ucap2_v8_150p100,s1,79,0.64802,0.34711,0.69848,0.60365
Ucap2_v8_150p100,s1,80,0.64767,0.34862,0.70662,0.62743
Ucap2_v8_150p100,s1,81,0.65439,0.34303,0.79244,0.60385
Ucap2_v8_150p100,s1,82,0.66446,0.35069,0.74022,0.6286
Ucap2_v8_150p100,s1,83,0.68576,0.36404,0.78538,0.60285
Ucap2_v8_150p100,s1,84,0.68674,0.3621,0.80075,0.63331
Ucap2_v8_150p100,s1,85,0.66761,0.35561,0.73423,0.63194
Ucap2_v8_150p100,s1,86,0.67084,0.35334,0.74216,0.64691
Ucap2_v8_150p100,s1,87,0.6815,0.35796,0.72964,0.67608
Ucap2_v8_150p100,s1,88,0.67418,0.35186,0.72921,0.64821
Ucap2_v8_150p100,s1,89,0.66681,0.34352,0.71883,0.65071
Ucap2_v8_150p100,s1,90,0.66958,0.35426,0.71097,0.6405
Ucap2_v8_150p100,s1,91,0.65384,0.34915,0.74986,0.58981
Ucap2_v8_150p100,s1,92,0.65078,0.34314,0.67008,0.66454
Ucap2_v8_150p100,s1,93,0.67002,0.35161,0.76689,0.61009
Ucap2_v8_150p100,s1,94,0.68639,0.36724,0.74823,0.67823
Ucap2_v8_150p100,s1,95,0.68377,0.3624,0.73483,0.66434
Ucap2_v8_150p100,s1,96,0.68668,0.36408,0.73769,0.64461
Ucap2_v8_150p100,s1,97,0.68662,0.36188,0.71519,0.67891
Ucap2_v8_150p100,s1,98,0.68144,0.35996,0.74031,0.64045
Ucap2_v8_150p100,s1,99,0.68193,0.35936,0.72344,0.6404
Ucap2_v8_150p100,s1,100,0.67375,0.36539,0.70321,0.65186
Ucap2_v8_150p100,s1,101,0.67082,0.35413,0.75777,0.61588
Ucap2_v8_150p100,s1,102,0.68526,0.36688,0.76118,0.63206
Ucap2_v8_150p100,s1,103,0.68496,0.37474,0.71052,0.65149
Ucap2_v8_150p100,s1,104,0.66888,0.36656,0.69407,0.64486
Ucap2_v8_150p100,s1,105,0.68713,0.37656,0.77628,0.66259
Ucap2_v8_150p100,s1,106,0.69726,0.37335,0.75264,0.64213
Ucap2_v8_150p100,s1,107,0.70425,0.37003,0.7354,0.68715
Ucap2_v8_150p100,s1,108,0.70209,0.36957,0.77718,0.64801
Ucap2_v8_150p100,s1,109,0.68389,0.36187,0.71389,0.68529
Ucap2_v8_150p100,s1,110,0.69698,0.37577,0.77701,0.62715
Ucap2_v8_150p100,s1,111,0.7008,0.37487,0.73164,0.6657
Ucap2_v8_150p100,s1,112,0.69753,0.36968,0.7758,0.6446
Ucap2_v8_150p100,s1,113,0.70344,0.3812,0.76163,0.65158
Ucap2_v8_150p100,s1,114,0.69157,0.37723,0.73461,0.66122
Ucap2_v8_150p100,s1,115,0.69707,0.37509,0.73782,0.67504
Ucap2_v8_150p100,s1,116,0.71579,0.38031,0.72339,0.69559
Ucap2_v8_150p100,s1,117,0.69409,0.37703,0.78708,0.63862
Ucap2_v8_150p100,s1,118,0.67923,0.3769,0.76894,0.62292
Ucap2_v8_150p100,s1,119,0.69778,0.37869,0.79716,0.63688
Ucap2_v8_150p100,s1,120,0.69331,0.37095,0.69752,0.68227
Ucap2_v8_150p100,s1,121,0.70295,0.37753,0.74538,0.66203
Ucap2_v8_150p100,s1,122,0.69259,0.37436,0.7599,0.64716
Ucap2_v8_150p100,s1,123,0.69651,0.36848,0.80048,0.64444
Ucap2_v8_150p100,s1,124,0.68882,0.36647,0.76307,0.64098
Ucap2_v8_150p100,s1,125,0.66679,0.36307,0.70687,0.67181
Ucap2_v8_150p100,s1,126,0.6962,0.38291,0.77555,0.65479
Ucap2_v8_150p100,s1,127,0.70303,0.38201,0.75214,0.68488
Ucap2_v8_150p100,s1,128,0.70275,0.37138,0.79427,0.63276
Ucap2_v8_150p100,s1,129,0.69669,0.36922,0.72579,0.67147
Ucap2_v8_150p100,s1,130,0.69782,0.38001,0.76134,0.65658
Ucap2_v8_150p100,s1,131,0.70149,0.38202,0.77324,0.66786
Ucap2_v8_150p100,s1,132,0.70169,0.38031,0.78979,0.62278
Ucap2_v8_150p100,s1,133,0.70096,0.37579,0.76777,0.65007
Ucap2_v8_150p100,s1,134,0.72121,0.38853,0.7723,0.67304
Ucap2_v8_150p100,s1,135,0.71367,0.37551,0.80929,0.65345
Ucap2_v8_150p100,s1,136,0.71543,0.37897,0.75993,0.68397
Ucap2_v8_150p100,s1,137,0.72688,0.38628,0.79537,0.65508
Ucap2_v8_150p100,s1,138,0.71169,0.38721,0.78204,0.64733
Ucap2_v8_150p100,s1,139,0.71103,0.38345,0.7949,0.64206
Ucap2_v8_150p100,s1,140,0.70666,0.38143,0.78842,0.64159
Ucap2_v8_150p100,s1,141,0.72806,0.38392,0.76431,0.68661
Ucap2_v8_150p100,s1,142,0.69651,0.37861,0.75582,0.6588
Ucap2_v8_150p100,s1,143,0.69962,0.38176,0.76702,0.65862
Ucap2_v8_150p100,s1,144,0.70758,0.38093,0.78865,0.66589
Ucap2_v8_150p100,s1,145,0.71084,0.39007,0.77764,0.67497
Ucap2_v8_150p100,s1,146,0.71009,0.38011,0.79145,0.65872
Ucap2_v8_150p100,s1,147,0.7146,0.38263,0.8028,0.66632
Ucap2_v8_150p100,s1,148,0.70921,0.38394,0.80546,0.6599
Ucap2_v8_150p100,s1,149,0.71514,0.38381,0.78671,0.6766
Ucap2_v8_150p100,s1,150,0.71429,0.3842,0.78919,0.6769
Ucap2_v8_150p100,s2,1,0.70581,0.37313,0.75771,0.67888
Ucap2_v8_150p100,s2,2,0.70934,0.37911,0.75703,0.67349
Ucap2_v8_150p100,s2,3,0.68874,0.36833,0.76468,0.64738
Ucap2_v8_150p100,s2,4,0.68601,0.36244,0.78059,0.65012
Ucap2_v8_150p100,s2,5,0.67287,0.35954,0.73935,0.64037
Ucap2_v8_150p100,s2,6,0.67962,0.35552,0.74356,0.63334
Ucap2_v8_150p100,s2,7,0.69263,0.36934,0.73462,0.66482
Ucap2_v8_150p100,s2,8,0.69668,0.37334,0.76446,0.6499
Ucap2_v8_150p100,s2,9,0.69273,0.36617,0.76445,0.67476
Ucap2_v8_150p100,s2,10,0.68591,0.36287,0.77711,0.64713
Ucap2_v8_150p100,s2,11,0.68284,0.36244,0.7037,0.67051
Ucap2_v8_150p100,s2,12,0.65291,0.35575,0.72629,0.6234
Ucap2_v8_150p100,s2,13,0.69116,0.37259,0.80425,0.63527
Ucap2_v8_150p100,s2,14,0.69118,0.36948,0.80994,0.62762
Ucap2_v8_150p100,s2,15,0.68616,0.37374,0.744,0.6663
Ucap2_v8_150p100,s2,16,0.66073,0.35228,0.74401,0.61883
Ucap2_v8_150p100,s2,17,0.68141,0.36368,0.70393,0.66708
Ucap2_v8_150p100,s2,18,0.69926,0.37488,0.75942,0.64731
Ucap2_v8_150p100,s2,19,0.68336,0.3695,0.73556,0.65933
Ucap2_v8_150p100,s2,20,0.6791,0.36572,0.73716,0.66041
Ucap2_v8_150p100,s2,21,0.69545,0.38587,0.77374,0.65778
Ucap2_v8_150p100,s2,22,0.69617,0.36181,0.8078,0.62698
Ucap2_v8_150p100,s2,23,0.69441,0.3763,0.81562,0.64324
Ucap2_v8_150p100,s2,24,0.69565,0.37128,0.73418,0.66952
Ucap2_v8_150p100,s2,25,0.67061,0.3613,0.72658,0.65917
Ucap2_v8_150p100,s2,26,0.68619,0.36224,0.77689,0.63591
Ucap2_v8_150p100,s2,27,0.67467,0.35757,0.721,0.66256
Ucap2_v8_150p100,s2,28,0.68914,0.36808,0.75635,0.65517
Ucap2_v8_150p100,s2,29,0.6861,0.36617,0.79299,0.62357
Ucap2_v8_150p100,s2,30,0.69704,0.37384,0.78064,0.644
Ucap2_v8_150p100,s2,31,0.67735,0.3704,0.78258,0.63561
Ucap2_v8_150p100,s2,32,0.67025,0.36007,0.71031,0.65224
Ucap2_v8_150p100,s2,33,0.70124,0.37192,0.77604,0.66608
Ucap2_v8_150p100,s2,34,0.68517,0.36744,0.7628,0.63108
Ucap2_v8_150p100,s2,35,0.69908,0.36888,0.75435,0.67243
Ucap2_v8_150p100,s2,36,0.69819,0.37863,0.70927,0.67883
Ucap2_v8_150p100,s2,37,0.67672,0.36955,0.73462,0.64922
Ucap2_v8_150p100,s2,38,0.65123,0.35923,0.75795,0.60507
Ucap2_v8_150p100,s2,39,0.69698,0.37345,0.7543,0.66021
Ucap2_v8_150p100,s2,40,0.69669,0.37235,0.75961,0.66056
Ucap2_v8_150p100,s2,41,0.69161,0.37969,0.7341,0.67861
Ucap2_v8_150p100,s2,42,0.67644,0.37162,0.74138,0.66691
Ucap2_v8_150p100,s2,43,0.69254,0.37084,0.75757,0.65135
Ucap2_v8_150p100,s2,44,0.68342,0.36596,0.72799,0.66716
Ucap2_v8_150p100,s2,45,0.68226,0.3656,0.7115,0.66672
Ucap2_v8_150p100,s2,46,0.69095,0.37226,0.78328,0.65339
Ucap2_v8_150p100,s2,47,0.70519,0.38628,0.70958,0.69538
Ucap2_v8_150p100,s2,48,0.69071,0.37277,0.76886,0.657
Ucap2_v8_150p100,s2,49,0.68783,0.37165,0.77765,0.63338
Ucap2_v8_150p100,s2,50,0.69947,0.37298,0.74862,0.68733
Ucap2_v8_150p100,s2,51,0.68633,0.36702,0.78404,0.62392
Ucap2_v8_150p100,s2,52,0.6893,0.37088,0.73989,0.66203
Ucap2_v8_150p100,s2,53,0.68991,0.37759,0.7323,0.67342
Ucap2_v8_150p100,s2,54,0.69676,0.38235,0.79364,0.64275
Ucap2_v8_150p100,s2,55,0.70006,0.37812,0.77786,0.66398
Ucap2_v8_150p100,s2,56,0.70561,0.37758,0.78083,0.64662
Ucap2_v8_150p100,s2,57,0.69492,0.38266,0.77808,0.64936
Ucap2_v8_150p100,s2,58,0.69111,0.38498,0.76892,0.66272
Ucap2_v8_150p100,s2,59,0.6925,0.37437,0.78311,0.64341
Ucap2_v8_150p100,s2,60,0.68023,0.37362,0.77741,0.64697
Ucap2_v8_150p100,s2,61,0.68314,0.3786,0.77582,0.63341
Ucap2_v8_150p100,s2,62,0.68026,0.36947,0.78216,0.62411
Ucap2_v8_150p100,s2,63,0.7006,0.38078,0.73244,0.70191
Ucap2_v8_150p100,s2,64,0.70962,0.3777,0.81051,0.64147
Ucap2_v8_150p100,s2,65,0.68786,0.37588,0.73822,0.67589
Ucap2_v8_150p100,s2,66,0.69415,0.38355,0.77247,0.67022
Ucap2_v8_150p100,s2,67,0.68177,0.37805,0.78519,0.65938
Ucap2_v8_150p100,s2,68,0.68728,0.37962,0.75551,0.66424
Ucap2_v8_150p100,s2,69,0.70339,0.38121,0.80266,0.66086
Ucap2_v8_150p100,s2,70,0.71102,0.39275,0.81985,0.6538
Ucap2_v8_150p100,s2,71,0.69044,0.38244,0.79301,0.6421
Ucap2_v8_150p100,s2,72,0.6831,0.37331,0.76411,0.64575
Ucap2_v8_150p100,s2,73,0.69626,0.37491,0.80084,0.6393
Ucap2_v8_150p100,s2,74,0.69022,0.37429,0.7384,0.69088
Ucap2_v8_150p100,s2,75,0.67948,0.36552,0.79629,0.64543
Ucap2_v8_150p100,s2,76,0.693,0.38234,0.7536,0.67347
Ucap2_v8_150p100,s2,77,0.70055,0.37888,0.79783,0.64715
Ucap2_v8_150p100,s2,78,0.69585,0.37715,0.76575,0.67619
Ucap2_v8_150p100,s2,79,0.69523,0.38049,0.7887,0.65358
Ucap2_v8_150p100,s2,80,0.69225,0.38127,0.77284,0.65122
Ucap2_v8_150p100,s2,81,0.69475,0.37708,0.81257,0.6451
Ucap2_v8_150p100,s2,82,0.67706,0.37274,0.79195,0.65027
Ucap2_v8_150p100,s2,83,0.69539,0.376,0.75942,0.67064
Ucap2_v8_150p100,s2,84,0.69036,0.37597,0.74653,0.68103
Ucap2_v8_150p100,s2,85,0.67929,0.37626,0.76933,0.64807
Ucap2_v8_150p100,s2,86,0.67396,0.37626,0.76571,0.64968
Ucap2_v8_150p100,s2,87,0.69677,0.38163,0.78368,0.65118
Ucap2_v8_150p100,s2,88,0.69361,0.38227,0.76377,0.6538
Ucap2_v8_150p100,s2,89,0.68692,0.37719,0.7955,0.6387
Ucap2_v8_150p100,s2,90,0.70207,0.37844,0.72862,0.69809
Ucap2_v8_150p100,s2,91,0.6896,0.37227,0.76483,0.6377
Ucap2_v8_150p100,s2,92,0.67622,0.36703,0.76136,0.66959
Ucap2_v8_150p100,s2,93,0.68321,0.37137,0.75018,0.67089
Ucap2_v8_150p100,s2,94,0.69435,0.37419,0.79813,0.64934
Ucap2_v8_150p100,s2,95,0.69022,0.36885,0.78062,0.65922
Ucap2_v8_150p100,s2,96,0.69866,0.37835,0.78253,0.65564
Ucap2_v8_150p100,s2,97,0.69376,0.37891,0.78417,0.65682
Ucap2_v8_150p100,s2,98,0.68406,0.37276,0.81208,0.63406
Ucap2_v8_150p100,s2,99,0.69323,0.37413,0.79701,0.64831
Ucap2_v8_150p100,s2,100,0.68776,0.37749,0.81206,0.64327
Ufull_v11_150p100,s1,1,0.10024,0.05955,0.87101,0.06293
Ufull_v11_150p100,s1,2,0.19366,0.10217,0.68048,0.20182
Ufull_v11_150p100,s1,3,0.10941,0.04622,0.47552,0.17504
Ufull_v11_150p100,s1,4,0.19409,0.09775,0.38216,0.2613
Ufull_v11_150p100,s1,5,0.2313,0.09689,0.39393,0.28032
Ufull_v11_150p100,s1,6,0.2788,0.13557,0.60454,0.28328
Ufull_v11_150p100,s1,7,0.3404,0.1705,0.6897,0.34227
Ufull_v11_150p100,s1,8,0.39011,0.19942,0.67118,0.36084
Ufull_v11_150p100,s1,9,0.3649,0.17966,0.6147,0.35634
Ufull_v11_150p100,s1,10,0.35802,0.17079,0.54015,0.36786
Ufull_v11_150p100,s1,11,0.42571,0.21985,0.43424,0.42202
Ufull_v11_150p100,s1,12,0.47144,0.24714,0.51721,0.4457
Ufull_v11_150p100,s1,13,0.47388,0.24561,0.56389,0.49252
Ufull_v11_150p100,s1,14,0.47316,0.23869,0.57059,0.44068
Ufull_v11_150p100,s1,15,0.47945,0.25118,0.58298,0.46382
Ufull_v11_150p100,s1,16,0.49665,0.27114,0.62854,0.4565
Ufull_v11_150p100,s1,17,0.54992,0.28883,0.63044,0.51672
Ufull_v11_150p100,s1,18,0.50648,0.27291,0.63558,0.47904
Ufull_v11_150p100,s1,19,0.51852,0.28099,0.60021,0.49474
Ufull_v11_150p100,s1,20,0.52914,0.27795,0.6428,0.49023
Ufull_v11_150p100,s1,21,0.56517,0.30949,0.61574,0.53579
Ufull_v11_150p100,s1,22,0.51738,0.27119,0.64521,0.49312
Ufull_v11_150p100,s1,23,0.58219,0.31565,0.65262,0.52831
Ufull_v11_150p100,s1,24,0.51744,0.27856,0.66354,0.51608
Ufull_v11_150p100,s1,25,0.54051,0.28105,0.63978,0.55466
Ufull_v11_150p100,s1,26,0.57767,0.32076,0.64409,0.53278
Ufull_v11_150p100,s1,27,0.55766,0.3036,0.62953,0.53316
Ufull_v11_150p100,s1,28,0.59794,0.33129,0.71987,0.55188
Ufull_v11_150p100,s1,29,0.61509,0.34356,0.67743,0.58191
Ufull_v11_150p100,s1,30,0.6171,0.35442,0.69943,0.59986
Ufull_v11_150p100,s1,31,0.6206,0.34915,0.67256,0.61062
Ufull_v11_150p100,s1,32,0.62394,0.34275,0.79275,0.55509
Ufull_v11_150p100,s1,33,0.58437,0.32204,0.67807,0.56675
Ufull_v11_150p100,s1,34,0.60391,0.33848,0.66915,0.56884
Ufull_v11_150p100,s1,35,0.6387,0.36211,0.63672,0.62323
Ufull_v11_150p100,s1,36,0.62357,0.35136,0.69764,0.60407
Ufull_v11_150p100,s1,37,0.6373,0.3644,0.7012,0.63932
Ufull_v11_150p100,s1,38,0.62328,0.35394,0.64096,0.63386
Ufull_v11_150p100,s1,39,0.62403,0.35206,0.73999,0.58446
Ufull_v11_150p100,s1,40,0.61684,0.34984,0.71839,0.55031
Ufull_v11_150p100,s1,41,0.6491,0.37077,0.67954,0.62661
Ufull_v11_150p100,s1,42,0.65381,0.39239,0.69966,0.6191
Ufull_v11_150p100,s1,43,0.62232,0.36085,0.75359,0.56984
Ufull_v11_150p100,s1,44,0.66494,0.38917,0.70542,0.64638
Ufull_v11_150p100,s1,45,0.68904,0.40222,0.73715,0.66834
Ufull_v11_150p100,s1,46,0.6715,0.38269,0.72939,0.65646
Ufull_v11_150p100,s1,47,0.66376,0.37744,0.72004,0.61927
Ufull_v11_150p100,s1,48,0.66266,0.38348,0.72383,0.61476
Ufull_v11_150p100,s1,49,0.69788,0.40905,0.7714,0.63212
Ufull_v11_150p100,s1,50,0.67134,0.39095,0.69218,0.66478
Ufull_v11_150p100,s1,51,0.70065,0.39517,0.71135,0.67186
Ufull_v11_150p100,s1,52,0.6781,0.39264,0.73287,0.6212
Ufull_v11_150p100,s1,53,0.65345,0.37577,0.68475,0.61926
Ufull_v11_150p100,s1,54,0.67232,0.38575,0.71406,0.63301
Ufull_v11_150p100,s1,55,0.70047,0.41409,0.73659,0.67699
Ufull_v11_150p100,s1,56,0.67792,0.38357,0.7156,0.65673
Ufull_v11_150p100,s1,57,0.70251,0.3988,0.72512,0.67342
Ufull_v11_150p100,s1,58,0.65789,0.38609,0.70482,0.62322
Ufull_v11_150p100,s1,59,0.7099,0.42006,0.78704,0.6292
Ufull_v11_150p100,s1,60,0.71415,0.41887,0.77806,0.64253
Ufull_v11_150p100,s1,61,0.71138,0.4173,0.86305,0.61561
Ufull_v11_150p100,s1,62,0.70949,0.41638,0.7843,0.63832
Ufull_v11_150p100,s1,63,0.70946,0.40596,0.77506,0.66718
Ufull_v11_150p100,s1,64,0.73488,0.4316,0.82954,0.65603
Ufull_v11_150p100,s1,65,0.70359,0.411,0.76434,0.67932
Ufull_v11_150p100,s1,66,0.71705,0.42228,0.80264,0.63799
Ufull_v11_150p100,s1,67,0.72354,0.42883,0.80032,0.64793
Ufull_v11_150p100,s1,68,0.68805,0.39957,0.74356,0.65398
Ufull_v11_150p100,s1,69,0.73405,0.42762,0.84545,0.64402
Ufull_v11_150p100,s1,70,0.7259,0.43628,0.75942,0.67586
Ufull_v11_150p100,s1,71,0.72678,0.4263,0.76653,0.66427
Ufull_v11_150p100,s1,72,0.71868,0.42971,0.72402,0.7105
Ufull_v11_150p100,s1,73,0.72151,0.41892,0.76565,0.67243
Ufull_v11_150p100,s1,74,0.7222,0.43935,0.77156,0.67073
Ufull_v11_150p100,s1,75,0.72048,0.44046,0.75028,0.67623
Ufull_v11_150p100,s1,76,0.71282,0.416,0.7359,0.69139
Ufull_v11_150p100,s1,77,0.7372,0.44172,0.76696,0.68747
Ufull_v11_150p100,s1,78,0.72006,0.4387,0.80618,0.64174
Ufull_v11_150p100,s1,79,0.70824,0.43043,0.72667,0.69667
Ufull_v11_150p100,s1,80,0.72228,0.4376,0.7664,0.68517
Ufull_v11_150p100,s1,81,0.71848,0.43421,0.74428,0.68927
Ufull_v11_150p100,s1,82,0.71761,0.43422,0.79708,0.63194
Ufull_v11_150p100,s1,83,0.73228,0.43079,0.8342,0.65101
Ufull_v11_150p100,s1,84,0.72913,0.44442,0.7925,0.68482
Ufull_v11_150p100,s1,85,0.74536,0.44364,0.79488,0.6796
Ufull_v11_150p100,s1,86,0.74817,0.45442,0.78601,0.70776
Ufull_v11_150p100,s1,87,0.73455,0.44577,0.84287,0.67215
Ufull_v11_150p100,s1,88,0.73207,0.44543,0.80312,0.66425
Ufull_v11_150p100,s1,89,0.73046,0.45479,0.75759,0.69922
Ufull_v11_150p100,s1,90,0.74035,0.44774,0.77855,0.67083
Ufull_v11_150p100,s1,91,0.73712,0.44642,0.7599,0.70662
Ufull_v11_150p100,s1,92,0.73889,0.44853,0.79761,0.67367
Ufull_v11_150p100,s1,93,0.72744,0.44342,0.78091,0.66096
Ufull_v11_150p100,s1,94,0.72926,0.45136,0.74036,0.68215
Ufull_v11_150p100,s1,95,0.73781,0.44655,0.78248,0.7055
Ufull_v11_150p100,s1,96,0.72326,0.434,0.78404,0.65846
Ufull_v11_150p100,s1,97,0.73022,0.44774,0.76449,0.67464
Ufull_v11_150p100,s1,98,0.71695,0.4391,0.76,0.67074
Ufull_v11_150p100,s1,99,0.73371,0.4458,0.76407,0.70955
Ufull_v11_150p100,s1,100,0.73152,0.44479,0.81643,0.66258
Ufull_v11_150p100,s1,101,0.74233,0.46112,0.76823,0.71363
Ufull_v11_150p100,s1,102,0.74413,0.44602,0.79378,0.71032
Ufull_v11_150p100,s1,103,0.73141,0.44771,0.77773,0.68739
Ufull_v11_150p100,s1,104,0.7438,0.45575,0.81051,0.67083
Ufull_v11_150p100,s1,105,0.73077,0.44384,0.79735,0.68195
Ufull_v11_150p100,s1,106,0.75079,0.45345,0.8122,0.71085
Ufull_v11_150p100,s1,107,0.75287,0.45341,0.77509,0.73177
Ufull_v11_150p100,s1,108,0.74114,0.45391,0.77466,0.72341
Ufull_v11_150p100,s1,109,0.75248,0.45735,0.79844,0.72402
Ufull_v11_150p100,s1,110,0.74501,0.45147,0.78187,0.69722
Ufull_v11_150p100,s1,111,0.73639,0.44681,0.78937,0.70427
Ufull_v11_150p100,s1,112,0.75492,0.45648,0.83058,0.70253
Ufull_v11_150p100,s1,113,0.75931,0.45667,0.78517,0.72518
Ufull_v11_150p100,s1,114,0.74379,0.45291,0.77319,0.69878
Ufull_v11_150p100,s1,115,0.73932,0.45005,0.79726,0.67356
Ufull_v11_150p100,s1,116,0.75146,0.46321,0.79311,0.69932
Ufull_v11_150p100,s1,117,0.74656,0.4576,0.76302,0.72052
Ufull_v11_150p100,s1,118,0.7669,0.4631,0.81251,0.72
Ufull_v11_150p100,s1,119,0.7599,0.4645,0.78736,0.73827
Ufull_v11_150p100,s1,120,0.76178,0.46704,0.76803,0.73309
Ufull_v11_150p100,s1,121,0.75412,0.46115,0.78926,0.7101
Ufull_v11_150p100,s1,122,0.76648,0.47365,0.77527,0.73828
Ufull_v11_150p100,s1,123,0.76183,0.46108,0.77437,0.74874
Ufull_v11_150p100,s1,124,0.74996,0.46088,0.792,0.69534
Ufull_v11_150p100,s1,125,0.76511,0.47117,0.80945,0.72499
Ufull_v11_150p100,s1,126,0.7673,0.4631,0.80554,0.74418
Ufull_v11_150p100,s1,127,0.76609,0.47094,0.79279,0.73767
Ufull_v11_150p100,s1,128,0.75517,0.46851,0.78026,0.75296
Ufull_v11_150p100,s1,129,0.74916,0.46046,0.79815,0.72804
Ufull_v11_150p100,s1,130,0.75136,0.47204,0.7938,0.73681
Ufull_v11_150p100,s1,131,0.75474,0.4628,0.77992,0.73212
Ufull_v11_150p100,s1,132,0.75846,0.4653,0.79984,0.75138
Ufull_v11_150p100,s1,133,0.74752,0.46413,0.80407,0.71088
Ufull_v11_150p100,s1,134,0.75232,0.46241,0.76901,0.74102
Ufull_v11_150p100,s1,135,0.75359,0.46307,0.7823,0.75878
Ufull_v11_150p100,s1,136,0.74406,0.45425,0.76228,0.75061
Ufull_v11_150p100,s1,137,0.75,0.46516,0.7818,0.74938
Ufull_v11_150p100,s1,138,0.75794,0.46438,0.76041,0.76696
Ufull_v11_150p100,s1,139,0.75805,0.46552,0.78251,0.73747
Ufull_v11_150p100,s1,140,0.75298,0.46287,0.80973,0.70687
Ufull_v11_150p100,s1,141,0.7426,0.46262,0.78106,0.72567
Ufull_v11_150p100,s1,142,0.74551,0.45682,0.76257,0.72335
Ufull_v11_150p100,s1,143,0.75319,0.46918,0.7536,0.7377
Ufull_v11_150p100,s1,144,0.75334,0.46653,0.75578,0.74449
Ufull_v11_150p100,s1,145,0.75385,0.47087,0.80935,0.71146
Ufull_v11_150p100,s1,146,0.75409,0.46461,0.77384,0.73318
Ufull_v11_150p100,s1,147,0.75184,0.46583,0.79496,0.72127
Ufull_v11_150p100,s1,148,0.75632,0.46935,0.79887,0.71305
Ufull_v11_150p100,s1,149,0.75569,0.46828,0.801,0.70563
Ufull_v11_150p100,s1,150,0.75733,0.46639,0.78908,0.72933
Ufull_v11_150p100,s2,1,0.76032,0.47236,0.80361,0.7268
Ufull_v11_150p100,s2,2,0.74885,0.46464,0.79315,0.69638
Ufull_v11_150p100,s2,3,0.74542,0.45152,0.78878,0.71799
Ufull_v11_150p100,s2,4,0.71583,0.43694,0.72901,0.69064
Ufull_v11_150p100,s2,5,0.74158,0.45572,0.79473,0.70054
Ufull_v11_150p100,s2,6,0.73443,0.44819,0.75092,0.70969
Ufull_v11_150p100,s2,7,0.74255,0.44729,0.78281,0.71614
Ufull_v11_150p100,s2,8,0.72306,0.43663,0.7812,0.66463
Ufull_v11_150p100,s2,9,0.74267,0.45319,0.79008,0.69094
Ufull_v11_150p100,s2,10,0.71417,0.43366,0.73458,0.69396
Ufull_v11_150p100,s2,11,0.73728,0.4468,0.79157,0.7016
Ufull_v11_150p100,s2,12,0.75072,0.45744,0.80448,0.69985
Ufull_v11_150p100,s2,13,0.73774,0.44552,0.77674,0.70347
Ufull_v11_150p100,s2,14,0.7324,0.44237,0.78183,0.69626
Ufull_v11_150p100,s2,15,0.73639,0.44605,0.76887,0.71571
Ufull_v11_150p100,s2,16,0.74929,0.45008,0.77579,0.71923
Ufull_v11_150p100,s2,17,0.72012,0.43621,0.7409,0.71009
Ufull_v11_150p100,s2,18,0.72341,0.44665,0.80002,0.6689
Ufull_v11_150p100,s2,19,0.72832,0.43754,0.76209,0.7061
Ufull_v11_150p100,s2,20,0.71194,0.43083,0.73586,0.68142
Ufull_v11_150p100,s2,21,0.71971,0.42634,0.73836,0.6984
Ufull_v11_150p100,s2,22,0.74271,0.44912,0.81855,0.68984
Ufull_v11_150p100,s2,23,0.72223,0.44094,0.79361,0.65891
Ufull_v11_150p100,s2,24,0.75021,0.45794,0.82949,0.70012
Ufull_v11_150p100,s2,25,0.73387,0.43726,0.77913,0.70246
Ufull_v11_150p100,s2,26,0.72936,0.44653,0.70962,0.74132
Ufull_v11_150p100,s2,27,0.73322,0.44602,0.81958,0.65697
Ufull_v11_150p100,s2,28,0.74643,0.43971,0.75116,0.74539
Ufull_v11_150p100,s2,29,0.73825,0.4394,0.77444,0.70353
Ufull_v11_150p100,s2,30,0.73362,0.442,0.79857,0.68483
Ufull_v11_150p100,s2,31,0.73851,0.45062,0.76552,0.71506
Ufull_v11_150p100,s2,32,0.73069,0.44003,0.78617,0.69728
Ufull_v11_150p100,s2,33,0.71556,0.43869,0.77353,0.67359
Ufull_v11_150p100,s2,34,0.73806,0.44907,0.75347,0.73102
Ufull_v11_150p100,s2,35,0.7332,0.43282,0.82684,0.64195
Ufull_v11_150p100,s2,36,0.74079,0.44036,0.79616,0.69352
Ufull_v11_150p100,s2,37,0.74607,0.45084,0.76717,0.72672
Ufull_v11_150p100,s2,38,0.75353,0.44765,0.81159,0.70016
Ufull_v11_150p100,s2,39,0.74303,0.44306,0.79197,0.70488
Ufull_v11_150p100,s2,40,0.73375,0.44344,0.77857,0.69041
Ufull_v11_150p100,s2,41,0.74805,0.45206,0.77828,0.70154
Ufull_v11_150p100,s2,42,0.73363,0.44655,0.79781,0.6604
Ufull_v11_150p100,s2,43,0.74195,0.44687,0.77076,0.71807
Ufull_v11_150p100,s2,44,0.73505,0.44117,0.81036,0.68454
Ufull_v11_150p100,s2,45,0.72927,0.44291,0.83017,0.66295
Ufull_v11_150p100,s2,46,0.74255,0.44675,0.77039,0.69612
Ufull_v11_150p100,s2,47,0.75099,0.45005,0.79325,0.71576
Ufull_v11_150p100,s2,48,0.73984,0.45313,0.75558,0.71044
Ufull_v11_150p100,s2,49,0.7503,0.46208,0.80012,0.7117
Ufull_v11_150p100,s2,50,0.7366,0.44504,0.76502,0.72659
Ufull_v11_150p100,s2,51,0.7452,0.45993,0.80772,0.69667
Ufull_v11_150p100,s2,52,0.74995,0.45328,0.79944,0.70181
Ufull_v11_150p100,s2,53,0.74839,0.44686,0.80115,0.68645
Ufull_v11_150p100,s2,54,0.73812,0.45249,0.81158,0.68376
Ufull_v11_150p100,s2,55,0.73604,0.43735,0.76979,0.69636
Ufull_v11_150p100,s2,56,0.73781,0.4501,0.75977,0.71565
Ufull_v11_150p100,s2,57,0.74706,0.4551,0.79108,0.70802
Ufull_v11_150p100,s2,58,0.75315,0.4552,0.76776,0.73077
Ufull_v11_150p100,s2,59,0.73204,0.44344,0.87597,0.66112
Ufull_v11_150p100,s2,60,0.74976,0.456,0.76605,0.71027
Ufull_v11_150p100,s2,61,0.75543,0.46677,0.82118,0.6781
Ufull_v11_150p100,s2,62,0.75352,0.46341,0.83142,0.69675
Ufull_v11_150p100,s2,63,0.74265,0.45849,0.75987,0.71792
Ufull_v11_150p100,s2,64,0.71552,0.43958,0.74313,0.68578
Ufull_v11_150p100,s2,65,0.74236,0.44895,0.76617,0.71784
Ufull_v11_150p100,s2,66,0.72483,0.44638,0.79871,0.66586
Ufull_v11_150p100,s2,67,0.74339,0.46039,0.80204,0.70044
Ufull_v11_150p100,s2,68,0.74271,0.46036,0.81658,0.67394
Ufull_v11_150p100,s2,69,0.73243,0.45971,0.77529,0.70042
Ufull_v11_150p100,s2,70,0.75271,0.46383,0.78202,0.72525
Ufull_v11_150p100,s2,71,0.74125,0.45714,0.78136,0.69814
Ufull_v11_150p100,s2,72,0.72812,0.4491,0.76981,0.70822
Ufull_v11_150p100,s2,73,0.73301,0.445,0.78233,0.69648
Ufull_v11_150p100,s2,74,0.72723,0.45036,0.77277,0.67884
Ufull_v11_150p100,s2,75,0.72977,0.44293,0.79798,0.7017
Ufull_v11_150p100,s2,76,0.74091,0.45054,0.81873,0.68821
Ufull_v11_150p100,s2,77,0.73182,0.45358,0.81838,0.67597
Ufull_v11_150p100,s2,78,0.72859,0.44903,0.79319,0.69165
Ufull_v11_150p100,s2,79,0.72128,0.44692,0.82433,0.67223
Ufull_v11_150p100,s2,80,0.72419,0.45386,0.73643,0.70236
Ufull_v11_150p100,s2,81,0.73094,0.45058,0.80308,0.68799
Ufull_v11_150p100,s2,82,0.73518,0.44939,0.824,0.68354
Ufull_v11_150p100,s2,83,0.73815,0.44234,0.81214,0.69404
Ufull_v11_150p100,s2,84,0.7463,0.45141,0.82769,0.69198
Ufull_v11_150p100,s2,85,0.72401,0.4484,0.76531,0.69625
Ufull_v11_150p100,s2,86,0.73739,0.45384,0.80916,0.68618
Ufull_v11_150p100,s2,87,0.73984,0.45562,0.78868,0.70482
Ufull_v11_150p100,s2,88,0.74391,0.45638,0.79731,0.70744
Ufull_v11_150p100,s2,89,0.73485,0.45661,0.81001,0.67699
Ufull_v11_150p100,s2,90,0.74113,0.45563,0.79861,0.69315
Ufull_v11_150p100,s2,91,0.74265,0.45435,0.79291,0.70892
Ufull_v11_150p100,s2,92,0.73599,0.45656,0.80371,0.70951
Ufull_v11_150p100,s2,93,0.74103,0.45733,0.81998,0.70305
Ufull_v11_150p100,s2,94,0.7402,0.45427,0.80694,0.70821
Ufull_v11_150p100,s2,95,0.74147,0.45474,0.77573,0.7148
Ufull_v11_150p100,s2,96,0.7431,0.46018,0.80187,0.69852
Ufull_v11_150p100,s2,97,0.73821,0.45766,0.8183,0.70365
Ufull_v11_150p100,s2,98,0.73498,0.45059,0.75309,0.72628
Ufull_v11_150p100,s2,99,0.73425,0.45026,0.7853,0.69937
Ufull_v11_150p100,s2,100,0.73711,0.44872,0.77481,0.71755
Ufull_v11_300p100,s1,1,0.10024,0.05955,0.87101,0.06293
Ufull_v11_300p100,s1,2,0.19097,0.09971,0.72588,0.19185
Ufull_v11_300p100,s1,3,0.10917,0.04714,0.44662,0.13539
Ufull_v11_300p100,s1,4,0.20115,0.0979,0.47289,0.20623
Ufull_v11_300p100,s1,5,0.25059,0.11673,0.33827,0.30384
Ufull_v11_300p100,s1,6,0.32892,0.15601,0.66336,0.29301
Ufull_v11_300p100,s1,7,0.33032,0.15358,0.54638,0.27273
Ufull_v11_300p100,s1,8,0.40237,0.20381,0.66505,0.36205
Ufull_v11_300p100,s1,9,0.29313,0.15005,0.5825,0.30159
Ufull_v11_300p100,s1,10,0.43808,0.22421,0.5102,0.39897
Ufull_v11_300p100,s1,11,0.41119,0.20863,0.66612,0.39308
Ufull_v11_300p100,s1,12,0.47036,0.23656,0.5539,0.45052
Ufull_v11_300p100,s1,13,0.48448,0.2572,0.59788,0.49246
Ufull_v11_300p100,s1,14,0.41266,0.20686,0.53901,0.38647
Ufull_v11_300p100,s1,15,0.35395,0.18083,0.49129,0.38465
Ufull_v11_300p100,s1,16,0.50697,0.27597,0.65176,0.46263
Ufull_v11_300p100,s1,17,0.54247,0.29141,0.797,0.47406
Ufull_v11_300p100,s1,18,0.51165,0.26822,0.76957,0.45798
Ufull_v11_300p100,s1,19,0.52427,0.27123,0.62985,0.4871
Ufull_v11_300p100,s1,20,0.54823,0.29079,0.73255,0.46472
Ufull_v11_300p100,s1,21,0.54917,0.28672,0.69619,0.50937
Ufull_v11_300p100,s1,22,0.49332,0.26286,0.57556,0.47613
Ufull_v11_300p100,s1,23,0.5789,0.32148,0.71966,0.50954
Ufull_v11_300p100,s1,24,0.54462,0.29796,0.70019,0.4878
Ufull_v11_300p100,s1,25,0.53304,0.28586,0.6127,0.53746
Ufull_v11_300p100,s1,26,0.58616,0.32697,0.80237,0.50272
Ufull_v11_300p100,s1,27,0.56433,0.3153,0.6627,0.5489
Ufull_v11_300p100,s1,28,0.57724,0.32369,0.79277,0.51891
Ufull_v11_300p100,s1,29,0.59629,0.32193,0.65802,0.54861
Ufull_v11_300p100,s1,30,0.60441,0.33492,0.72006,0.52502
Ufull_v11_300p100,s1,31,0.63167,0.35739,0.68638,0.59229
Ufull_v11_300p100,s1,32,0.59289,0.3185,0.72792,0.54254
Ufull_v11_300p100,s1,33,0.58787,0.32435,0.70737,0.52644
Ufull_v11_300p100,s1,34,0.61921,0.35144,0.71369,0.56625
Ufull_v11_300p100,s1,35,0.62904,0.34173,0.70309,0.58116
Ufull_v11_300p100,s1,36,0.61676,0.33998,0.80971,0.55819
Ufull_v11_300p100,s1,37,0.59358,0.32648,0.68237,0.57337
Ufull_v11_300p100,s1,38,0.62714,0.35155,0.66908,0.59417
Ufull_v11_300p100,s1,39,0.63053,0.35982,0.74103,0.58169
Ufull_v11_300p100,s1,40,0.59562,0.32554,0.71223,0.55545
Ufull_v11_300p100,s1,41,0.64864,0.35942,0.71099,0.60757
Ufull_v11_300p100,s1,42,0.62412,0.35808,0.7146,0.57403
Ufull_v11_300p100,s1,43,0.63044,0.36742,0.69712,0.60285
Ufull_v11_300p100,s1,44,0.64961,0.36518,0.66372,0.60647
Ufull_v11_300p100,s1,45,0.6735,0.3791,0.772,0.62361
Ufull_v11_300p100,s1,46,0.60843,0.33973,0.68309,0.58671
Ufull_v11_300p100,s1,47,0.61027,0.34497,0.68573,0.59122
Ufull_v11_300p100,s1,48,0.62572,0.35364,0.7132,0.60074
Ufull_v11_300p100,s1,49,0.65547,0.36904,0.74661,0.60548
Ufull_v11_300p100,s1,50,0.59698,0.33891,0.66836,0.60174
Ufull_v11_300p100,s1,51,0.61768,0.35578,0.7058,0.57682
Ufull_v11_300p100,s1,52,0.66062,0.3834,0.75907,0.60845
Ufull_v11_300p100,s1,53,0.64506,0.35897,0.7658,0.60243
Ufull_v11_300p100,s1,54,0.62478,0.35541,0.64759,0.5898
Ufull_v11_300p100,s1,55,0.65304,0.37457,0.71172,0.61565
Ufull_v11_300p100,s1,56,0.69235,0.39634,0.75987,0.64694
Ufull_v11_300p100,s1,57,0.68562,0.39221,0.76143,0.64035
Ufull_v11_300p100,s1,58,0.6545,0.38438,0.69122,0.66413
Ufull_v11_300p100,s1,59,0.67338,0.38594,0.71995,0.63581
Ufull_v11_300p100,s1,60,0.70112,0.40262,0.75131,0.64548
Ufull_v11_300p100,s1,61,0.68373,0.39789,0.74713,0.61765
Ufull_v11_300p100,s1,62,0.68662,0.40249,0.74059,0.65065
Ufull_v11_300p100,s1,63,0.6524,0.37046,0.77612,0.60405
Ufull_v11_300p100,s1,64,0.68029,0.3837,0.76336,0.63805
Ufull_v11_300p100,s1,65,0.68568,0.39874,0.72764,0.67401
Ufull_v11_300p100,s1,66,0.71946,0.42539,0.76652,0.67067
Ufull_v11_300p100,s1,67,0.66949,0.38423,0.73335,0.66991
Ufull_v11_300p100,s1,68,0.67293,0.38401,0.78026,0.60711
Ufull_v11_300p100,s1,69,0.70167,0.41551,0.7456,0.66288
Ufull_v11_300p100,s1,70,0.69216,0.41508,0.72226,0.67185
Ufull_v11_300p100,s1,71,0.69787,0.41351,0.79996,0.61988
Ufull_v11_300p100,s1,72,0.70911,0.42203,0.77904,0.65953
Ufull_v11_300p100,s1,73,0.70195,0.40214,0.79534,0.65885
Ufull_v11_300p100,s1,74,0.70791,0.41618,0.76105,0.67352
Ufull_v11_300p100,s1,75,0.72703,0.44058,0.79356,0.66232
Ufull_v11_300p100,s1,76,0.68833,0.39063,0.73785,0.65151
Ufull_v11_300p100,s1,77,0.69715,0.42138,0.79911,0.62955
Ufull_v11_300p100,s1,78,0.70114,0.42478,0.76923,0.68402
Ufull_v11_300p100,s1,79,0.70676,0.42055,0.78235,0.669
Ufull_v11_300p100,s1,80,0.72792,0.43094,0.77887,0.65942
Ufull_v11_300p100,s1,81,0.72927,0.44428,0.74497,0.68437
Ufull_v11_300p100,s1,82,0.69901,0.40895,0.75537,0.69265
Ufull_v11_300p100,s1,83,0.71147,0.41922,0.7652,0.6726
Ufull_v11_300p100,s1,84,0.7246,0.43489,0.79225,0.67166
Ufull_v11_300p100,s1,85,0.71615,0.43711,0.74904,0.68976
Ufull_v11_300p100,s1,86,0.70715,0.42578,0.75404,0.66431
Ufull_v11_300p100,s1,87,0.71961,0.42868,0.79575,0.68487
Ufull_v11_300p100,s1,88,0.71209,0.42678,0.79335,0.65486
Ufull_v11_300p100,s1,89,0.71904,0.44554,0.78958,0.65182
Ufull_v11_300p100,s1,90,0.70203,0.41993,0.77617,0.6616
Ufull_v11_300p100,s1,91,0.72545,0.44079,0.71151,0.7326
Ufull_v11_300p100,s1,92,0.70011,0.41954,0.73538,0.66969
Ufull_v11_300p100,s1,93,0.73176,0.44611,0.7786,0.68817
Ufull_v11_300p100,s1,94,0.71658,0.43428,0.71567,0.71479
Ufull_v11_300p100,s1,95,0.69546,0.42275,0.75713,0.67918
Ufull_v11_300p100,s1,96,0.73791,0.44914,0.7989,0.69214
Ufull_v11_300p100,s1,97,0.68631,0.42965,0.74494,0.62593
Ufull_v11_300p100,s1,98,0.7175,0.43862,0.79338,0.67226
Ufull_v11_300p100,s1,99,0.72335,0.44475,0.75142,0.70717
Ufull_v11_300p100,s1,100,0.71125,0.44099,0.74603,0.66227
Ufull_v11_300p100,s1,101,0.71113,0.43768,0.70356,0.70632
Ufull_v11_300p100,s1,102,0.72075,0.42937,0.78224,0.66841
Ufull_v11_300p100,s1,103,0.73223,0.45382,0.85279,0.6516
Ufull_v11_300p100,s1,104,0.74619,0.46091,0.80868,0.68266
Ufull_v11_300p100,s1,105,0.72949,0.45425,0.75829,0.70395
Ufull_v11_300p100,s1,106,0.73727,0.4498,0.78632,0.66945
Ufull_v11_300p100,s1,107,0.72231,0.43995,0.77862,0.68762
Ufull_v11_300p100,s1,108,0.7178,0.43443,0.79552,0.65091
Ufull_v11_300p100,s1,109,0.71788,0.43402,0.77778,0.66398
Ufull_v11_300p100,s1,110,0.7298,0.43882,0.7684,0.68949
Ufull_v11_300p100,s1,111,0.7259,0.44126,0.79136,0.68535
Ufull_v11_300p100,s1,112,0.72236,0.43686,0.76715,0.70473
Ufull_v11_300p100,s1,113,0.72258,0.43728,0.79276,0.67058
Ufull_v11_300p100,s1,114,0.71605,0.44168,0.73404,0.71732
Ufull_v11_300p100,s1,115,0.74029,0.45198,0.76106,0.69551
Ufull_v11_300p100,s1,116,0.74117,0.46063,0.7923,0.68492
Ufull_v11_300p100,s1,117,0.71725,0.44281,0.82809,0.6588
Ufull_v11_300p100,s1,118,0.74799,0.45728,0.8724,0.66348
Ufull_v11_300p100,s1,119,0.74114,0.45717,0.80984,0.68268
Ufull_v11_300p100,s1,120,0.74001,0.4509,0.83014,0.66367
Ufull_v11_300p100,s1,121,0.74629,0.46483,0.81611,0.68807
Ufull_v11_300p100,s1,122,0.7435,0.46414,0.81725,0.68918
Ufull_v11_300p100,s1,123,0.73809,0.4532,0.80795,0.66184
Ufull_v11_300p100,s1,124,0.72088,0.4432,0.82087,0.64692
Ufull_v11_300p100,s1,125,0.73416,0.4583,0.78824,0.70355
Ufull_v11_300p100,s1,126,0.74958,0.46763,0.79202,0.7043
Ufull_v11_300p100,s1,127,0.74068,0.45987,0.80412,0.6912
Ufull_v11_300p100,s1,128,0.73862,0.4504,0.7877,0.70464
Ufull_v11_300p100,s1,129,0.73572,0.44853,0.78014,0.69466
Ufull_v11_300p100,s1,130,0.74752,0.45111,0.80364,0.69952
Ufull_v11_300p100,s1,131,0.73907,0.44698,0.81574,0.6948
Ufull_v11_300p100,s1,132,0.74033,0.44438,0.79798,0.68174
Ufull_v11_300p100,s1,133,0.73455,0.446,0.77857,0.7076
Ufull_v11_300p100,s1,134,0.73401,0.45348,0.82287,0.69232
Ufull_v11_300p100,s1,135,0.74386,0.46149,0.80056,0.69816
Ufull_v11_300p100,s1,136,0.73615,0.46085,0.81604,0.6974
Ufull_v11_300p100,s1,137,0.72583,0.45431,0.79843,0.65547
Ufull_v11_300p100,s1,138,0.7238,0.45296,0.77644,0.67832
Ufull_v11_300p100,s1,139,0.72915,0.44498,0.77642,0.71653
Ufull_v11_300p100,s1,140,0.747,0.46238,0.80135,0.70879
Ufull_v11_300p100,s1,141,0.74254,0.45708,0.80369,0.6984
Ufull_v11_300p100,s1,142,0.73446,0.44922,0.78614,0.72234
Ufull_v11_300p100,s1,143,0.72103,0.44246,0.77395,0.71486
Ufull_v11_300p100,s1,144,0.73669,0.45759,0.79234,0.6974
Ufull_v11_300p100,s1,145,0.74126,0.47065,0.7774,0.70517
Ufull_v11_300p100,s1,146,0.74356,0.47164,0.80603,0.70356
Ufull_v11_300p100,s1,147,0.74618,0.46339,0.80794,0.7115
Ufull_v11_300p100,s1,148,0.73367,0.4512,0.7853,0.71405
Ufull_v11_300p100,s1,149,0.75461,0.46741,0.77671,0.7169
Ufull_v11_300p100,s1,150,0.7326,0.45579,0.80342,0.68421
Ufull_v11_300p100,s1,151,0.73402,0.45899,0.81454,0.68671
Ufull_v11_300p100,s1,152,0.73224,0.44811,0.78199,0.72176
Ufull_v11_300p100,s1,153,0.73491,0.45568,0.7977,0.70505
Ufull_v11_300p100,s1,154,0.73912,0.46004,0.79328,0.7104
Ufull_v11_300p100,s1,155,0.75413,0.46751,0.81647,0.7235
Ufull_v11_300p100,s1,156,0.73713,0.45492,0.77241,0.7098
Ufull_v11_300p100,s1,157,0.74578,0.45993,0.77187,0.71339
Ufull_v11_300p100,s1,158,0.74274,0.46155,0.82247,0.6931
Ufull_v11_300p100,s1,159,0.72946,0.45028,0.76864,0.69819
Ufull_v11_300p100,s1,160,0.72852,0.44902,0.79021,0.68337
Ufull_v11_300p100,s1,161,0.73988,0.46098,0.75581,0.73128
Ufull_v11_300p100,s1,162,0.72898,0.45414,0.7535,0.73709
Ufull_v11_300p100,s1,163,0.73939,0.46239,0.80327,0.71645
Ufull_v11_300p100,s1,164,0.7381,0.45898,0.8047,0.69552
Ufull_v11_300p100,s1,165,0.72103,0.45549,0.79118,0.6925
Ufull_v11_300p100,s1,166,0.73203,0.4582,0.79803,0.67404
Ufull_v11_300p100,s1,167,0.738,0.45178,0.78232,0.6908
Ufull_v11_300p100,s1,168,0.73447,0.45286,0.76428,0.72499
Ufull_v11_300p100,s1,169,0.72349,0.45,0.75601,0.71892
Ufull_v11_300p100,s1,170,0.72034,0.44626,0.78844,0.70677
Ufull_v11_300p100,s1,171,0.73307,0.45311,0.76855,0.71911
Ufull_v11_300p100,s1,172,0.7337,0.45408,0.79541,0.69802
Ufull_v11_300p100,s1,173,0.74241,0.46124,0.79823,0.71167
Ufull_v11_300p100,s1,174,0.7548,0.46233,0.80482,0.73
Ufull_v11_300p100,s1,175,0.75566,0.46149,0.78605,0.7371
Ufull_v11_300p100,s1,176,0.74703,0.4632,0.78417,0.73612
Ufull_v11_300p100,s1,177,0.73827,0.45658,0.80101,0.70511
Ufull_v11_300p100,s1,178,0.75505,0.45389,0.78469,0.72547
Ufull_v11_300p100,s1,179,0.74748,0.45664,0.80241,0.69716
Ufull_v11_300p100,s1,180,0.74976,0.46562,0.81445,0.69794
Ufull_v11_300p100,s1,181,0.74888,0.46387,0.81385,0.717
Ufull_v11_300p100,s1,182,0.73966,0.46024,0.79592,0.70022
Ufull_v11_300p100,s1,183,0.73385,0.44852,0.77907,0.71509
Ufull_v11_300p100,s1,184,0.73101,0.4508,0.78377,0.70903
Ufull_v11_300p100,s1,185,0.73311,0.45711,0.79337,0.70313
Ufull_v11_300p100,s1,186,0.73442,0.45194,0.77914,0.68391
Ufull_v11_300p100,s1,187,0.72436,0.4498,0.80456,0.67607
Ufull_v11_300p100,s1,188,0.7405,0.45889,0.79716,0.68821
Ufull_v11_300p100,s1,189,0.73648,0.45884,0.79329,0.71274
Ufull_v11_300p100,s1,190,0.74057,0.4577,0.80744,0.70776
Ufull_v11_300p100,s1,191,0.74053,0.46059,0.80463,0.69601
Ufull_v11_300p100,s1,192,0.74999,0.46247,0.78912,0.72842
Ufull_v11_300p100,s1,193,0.74907,0.45813,0.76371,0.72108
Ufull_v11_300p100,s1,194,0.74209,0.45591,0.80913,0.68216
Ufull_v11_300p100,s1,195,0.74643,0.45294,0.78823,0.70737
Ufull_v11_300p100,s1,196,0.74967,0.46033,0.79949,0.70228
Ufull_v11_300p100,s1,197,0.75653,0.46578,0.80604,0.716
Ufull_v11_300p100,s1,198,0.74808,0.46287,0.82057,0.69511
Ufull_v11_300p100,s1,199,0.73977,0.45961,0.79425,0.70169
Ufull_v11_300p100,s1,200,0.7359,0.45697,0.79064,0.70749
Ufull_v11_300p100,s1,201,0.7308,0.45525,0.80794,0.68857
Ufull_v11_300p100,s1,202,0.7347,0.45799,0.82421,0.69802
Ufull_v11_300p100,s1,203,0.7377,0.45904,0.85793,0.67388
Ufull_v11_300p100,s1,204,0.74215,0.45908,0.83627,0.67759
Ufull_v11_300p100,s1,205,0.74204,0.45583,0.8078,0.7041
Ufull_v11_300p100,s1,206,0.74677,0.45613,0.78666,0.72469
Ufull_v11_300p100,s1,207,0.75002,0.46087,0.77965,0.72277
Ufull_v11_300p100,s1,208,0.75703,0.47008,0.80179,0.72771
Ufull_v11_300p100,s1,209,0.75731,0.46619,0.82258,0.71236
Ufull_v11_300p100,s1,210,0.74967,0.46178,0.80573,0.72338
Ufull_v11_300p100,s1,211,0.75516,0.46311,0.82526,0.70322
Ufull_v11_300p100,s1,212,0.75225,0.46327,0.81542,0.72476
Ufull_v11_300p100,s1,213,0.75527,0.46474,0.82819,0.72828
Ufull_v11_300p100,s1,214,0.75578,0.46534,0.81913,0.72669
Ufull_v11_300p100,s1,215,0.75581,0.46965,0.83808,0.70459
Ufull_v11_300p100,s1,216,0.75065,0.46779,0.80274,0.72148
Ufull_v11_300p100,s1,217,0.7471,0.46376,0.84031,0.69212
Ufull_v11_300p100,s1,218,0.74629,0.46683,0.81601,0.70807
Ufull_v11_300p100,s1,219,0.74941,0.46504,0.80724,0.71381
Ufull_v11_300p100,s1,220,0.74872,0.46629,0.80725,0.71788
Ufull_v11_300p100,s1,221,0.75446,0.47147,0.83732,0.69157
Ufull_v11_300p100,s1,222,0.75428,0.46965,0.83911,0.69204
Ufull_v11_300p100,s1,223,0.75075,0.46726,0.80378,0.70864
Ufull_v11_300p100,s1,224,0.75251,0.46461,0.81817,0.7205
Ufull_v11_300p100,s1,225,0.74909,0.46413,0.81237,0.7258
Ufull_v11_300p100,s1,226,0.74615,0.46589,0.8301,0.71147
Ufull_v11_300p100,s1,227,0.754,0.47022,0.83671,0.70499
Ufull_v11_300p100,s1,228,0.75185,0.46615,0.84281,0.69572
Ufull_v11_300p100,s1,229,0.75299,0.46922,0.79587,0.7315
Ufull_v11_300p100,s1,230,0.75317,0.47146,0.83175,0.70231
Ufull_v11_300p100,s1,231,0.75135,0.46883,0.81579,0.70796
Ufull_v11_300p100,s1,232,0.75182,0.46823,0.81332,0.70606
Ufull_v11_300p100,s1,233,0.75058,0.46456,0.81184,0.71007
Ufull_v11_300p100,s1,234,0.74433,0.46496,0.7995,0.69908
Ufull_v11_300p100,s1,235,0.75005,0.46817,0.80075,0.70775
Ufull_v11_300p100,s1,236,0.75456,0.46965,0.81964,0.7009
Ufull_v11_300p100,s1,237,0.74916,0.46906,0.82442,0.70412
Ufull_v11_300p100,s1,238,0.74829,0.4671,0.81413,0.72299
Ufull_v11_300p100,s1,239,0.74441,0.46208,0.8274,0.71142
Ufull_v11_300p100,s1,240,0.73982,0.46019,0.80716,0.7109
Ufull_v11_300p100,s1,241,0.7408,0.46358,0.80421,0.70673
Ufull_v11_300p100,s1,242,0.74516,0.46257,0.80202,0.70939
Ufull_v11_300p100,s1,243,0.74427,0.46427,0.80417,0.71088
Ufull_v11_300p100,s1,244,0.74554,0.46171,0.7995,0.69872
Ufull_v11_300p100,s1,245,0.74628,0.46359,0.82075,0.68082
Ufull_v11_300p100,s1,246,0.74706,0.46441,0.7378,0.75011
Ufull_v11_300p100,s2,1,0.74399,0.46743,0.77877,0.70551
Ufull_v11_300p100,s2,2,0.74762,0.47021,0.77226,0.71797
Ufull_v11_300p100,s2,3,0.74134,0.46266,0.79227,0.70999
Ufull_v11_300p100,s2,4,0.72319,0.4498,0.75734,0.71408
Ufull_v11_300p100,s2,5,0.7354,0.45406,0.77597,0.70918
Ufull_v11_300p100,s2,6,0.7295,0.45815,0.77406,0.71006
Ufull_v11_300p100,s2,7,0.74256,0.46337,0.77125,0.73685
Ufull_v11_300p100,s2,8,0.73681,0.45228,0.78608,0.71401
Ufull_v11_300p100,s2,9,0.74056,0.46185,0.82401,0.67845
Ufull_v11_300p100,s2,10,0.74206,0.45246,0.81087,0.70894
Ufull_v11_300p100,s2,11,0.74386,0.45861,0.78738,0.71288
Ufull_v11_300p100,s2,12,0.73737,0.4553,0.80606,0.70111
Ufull_v11_300p100,s2,13,0.75131,0.45823,0.75737,0.73418
Ufull_v11_300p100,s2,14,0.72762,0.44178,0.78085,0.67401
Ufull_v11_300p100,s2,15,0.73438,0.44696,0.78285,0.69137
Ufull_v11_300p100,s2,16,0.7246,0.44912,0.75279,0.72684
Ufull_v11_300p100,s2,17,0.73494,0.44689,0.78338,0.71696
Ufull_v11_300p100,s2,18,0.73792,0.457,0.80937,0.70401
Ufull_v11_300p100,s2,19,0.74154,0.45791,0.81742,0.70027
Ufull_v11_300p100,s2,20,0.70839,0.43454,0.78172,0.67177
Ufull_v11_300p100,s2,21,0.72805,0.44858,0.80088,0.69049
Ufull_v11_300p100,s2,22,0.76009,0.46663,0.77723,0.73394
Ufull_v11_300p100,s2,23,0.73402,0.45388,0.82787,0.68445
Ufull_v11_300p100,s2,24,0.72611,0.44006,0.81121,0.68683
Ufull_v11_300p100,s2,25,0.73358,0.45755,0.78453,0.70141
Ufull_v11_300p100,s2,26,0.74342,0.46132,0.78473,0.72129
Ufull_v11_300p100,s2,27,0.74293,0.45361,0.78743,0.70563
Ufull_v11_300p100,s2,28,0.7594,0.46719,0.83528,0.71125
Ufull_v11_300p100,s2,29,0.73829,0.45036,0.80541,0.69096
Ufull_v11_300p100,s2,30,0.72847,0.44892,0.76524,0.69981
Ufull_v11_300p100,s2,31,0.73921,0.4529,0.84566,0.67758
Ufull_v11_300p100,s2,32,0.72511,0.44736,0.79005,0.68984
Ufull_v11_300p100,s2,33,0.73252,0.44712,0.80887,0.70243
Ufull_v11_300p100,s2,34,0.73283,0.44927,0.79614,0.69531
Ufull_v11_300p100,s2,35,0.7221,0.43774,0.76671,0.71154
Ufull_v11_300p100,s2,36,0.7264,0.4484,0.82496,0.66994
Ufull_v11_300p100,s2,37,0.73385,0.44955,0.78766,0.7147
Ufull_v11_300p100,s2,38,0.73331,0.4507,0.78192,0.71264
Ufull_v11_300p100,s2,39,0.7174,0.44731,0.77272,0.69294
Ufull_v11_300p100,s2,40,0.72606,0.44571,0.77119,0.72086
Ufull_v11_300p100,s2,41,0.73381,0.4578,0.77884,0.72602
Ufull_v11_300p100,s2,42,0.72881,0.44807,0.74524,0.71681
Ufull_v11_300p100,s2,43,0.72904,0.45039,0.78496,0.718
Ufull_v11_300p100,s2,44,0.73785,0.45136,0.78391,0.71142
Ufull_v11_300p100,s2,45,0.73817,0.45091,0.77215,0.72943
Ufull_v11_300p100,s2,46,0.74517,0.45385,0.7885,0.73586
Ufull_v11_300p100,s2,47,0.73917,0.45673,0.74733,0.73531
Ufull_v11_300p100,s2,48,0.73926,0.45518,0.77918,0.71757
Ufull_v11_300p100,s2,49,0.73016,0.45136,0.77405,0.72706
Ufull_v11_300p100,s2,50,0.73007,0.45129,0.76551,0.73946
Ufull_v11_300p100,s2,51,0.74616,0.46302,0.77877,0.73735
Ufull_v11_300p100,s2,52,0.74298,0.4576,0.8016,0.7119
Ufull_v11_300p100,s2,53,0.7373,0.45037,0.77211,0.74851
Ufull_v11_300p100,s2,54,0.73077,0.4517,0.76249,0.73551
Ufull_v11_300p100,s2,55,0.72673,0.44259,0.74701,0.73204
Ufull_v11_300p100,s2,56,0.73236,0.44895,0.78733,0.69197
Ufull_v11_300p100,s2,57,0.73747,0.44608,0.81029,0.71658
Ufull_v11_300p100,s2,58,0.73277,0.45002,0.75257,0.7397
Ufull_v11_300p100,s2,59,0.7244,0.44444,0.78379,0.71175
Ufull_v11_300p100,s2,60,0.72873,0.44937,0.77395,0.70402
Ufull_v11_300p100,s2,61,0.73348,0.45184,0.75466,0.74197
Ufull_v11_300p100,s2,62,0.74366,0.46379,0.80501,0.71535
Ufull_v11_300p100,s2,63,0.74387,0.45427,0.77963,0.74723
Ufull_v11_300p100,s2,64,0.75034,0.46488,0.77418,0.73918
Ufull_v11_300p100,s2,65,0.74736,0.46055,0.78302,0.73599
Ufull_v11_300p100,s2,66,0.7355,0.44751,0.80228,0.70609
Ufull_v11_300p100,s2,67,0.74136,0.45427,0.80762,0.72022
Ufull_v11_300p100,s2,68,0.73189,0.45281,0.80351,0.69867
Ufull_v11_300p100,s2,69,0.75415,0.46813,0.78367,0.76077
Ufull_v11_300p100,s2,70,0.74258,0.45414,0.779,0.73257
Ufull_v11_300p100,s2,71,0.74006,0.45685,0.79872,0.73221
Ufull_v11_300p100,s2,72,0.73842,0.45287,0.78189,0.73685
Ufull_v11_300p100,s2,73,0.73228,0.45127,0.79303,0.72594
Ufull_v11_300p100,s2,74,0.73366,0.4479,0.76744,0.7422
Ufull_v11_300p100,s2,75,0.73552,0.45376,0.78779,0.70863
Ufull_v11_300p100,s2,76,0.7276,0.44943,0.79015,0.70452
Ufull_v11_300p100,s2,77,0.73902,0.45448,0.7899,0.71009
Ufull_v11_300p100,s2,78,0.74392,0.45861,0.77137,0.73329
Ufull_v11_300p100,s2,79,0.72315,0.4488,0.79527,0.69854
Ufull_v11_300p100,s2,80,0.71927,0.43906,0.76838,0.70449
Ufull_v11_300p100,s2,81,0.74484,0.45882,0.79844,0.7093
Ufull_v11_300p100,s2,82,0.72447,0.44479,0.80214,0.6857
Ufull_v11_300p100,s2,83,0.73329,0.44524,0.80631,0.70223
Ufull_v11_300p100,s2,84,0.73312,0.45505,0.74952,0.73279
Ufull_v11_300p100,s2,85,0.74636,0.45301,0.79525,0.71091
Ufull_v11_300p100,s2,86,0.73367,0.44884,0.74358,0.75434
Ufull_v11_300p100,s2,87,0.74642,0.45621,0.79547,0.71486
Ufull_v11_300p100,s2,88,0.74175,0.45548,0.80158,0.71067
Ufull_v11_300p100,s2,89,0.74908,0.45749,0.7699,0.73439
Ufull_v11_300p100,s2,90,0.73837,0.45357,0.80004,0.70439
Ufull_v11_300p100,s2,91,0.74482,0.45517,0.75416,0.7175
Ufull_v11_300p100,s2,92,0.73888,0.44994,0.78086,0.71975
Ufull_v11_300p100,s2,93,0.73998,0.45171,0.77009,0.71906
Ufull_v11_300p100,s2,94,0.74829,0.4545,0.78034,0.72775
Ufull_v11_300p100,s2,95,0.74518,0.4569,0.77301,0.72123
Ufull_v11_300p100,s2,96,0.73883,0.45001,0.77126,0.72025
Ufull_v11_300p100,s2,97,0.7257,0.43958,0.76104,0.72947
Ufull_v11_300p100,s2,98,0.73908,0.44693,0.76864,0.72661
Ufull_v11_300p100,s2,99,0.73492,0.44534,0.77116,0.72081
Ufull_v11_300p100,s2,100,0.73509,0.44816,0.77462,0.71836
Ufull_v8_150p100,s1,1,0.10875,0.0644,0.87282,0.06062
Ufull_v8_150p100,s1,2,0.18797,0.10451,0.64069,0.20039
Ufull_v8_150p100,s1,3,0.21341,0.10181,0.37935,0.26945
Ufull_v8_150p100,s1,4,0.21249,0.09639,0.43606,0.2465
Ufull_v8_150p100,s1,5,0.27129,0.12955,0.42614,0.27377
Ufull_v8_150p100,s1,6,0.28563,0.13872,0.62362,0.29488
Ufull_v8_150p100,s1,7,0.38178,0.17189,0.60891,0.34762
Ufull_v8_150p100,s1,8,0.38332,0.18032,0.65993,0.34525
Ufull_v8_150p100,s1,9,0.35793,0.18199,0.68086,0.31808
Ufull_v8_150p100,s1,10,0.48682,0.25502,0.56473,0.46768
Ufull_v8_150p100,s1,11,0.47849,0.25261,0.5738,0.43673
Ufull_v8_150p100,s1,12,0.48758,0.2433,0.62604,0.45998
Ufull_v8_150p100,s1,13,0.54073,0.28597,0.61792,0.50362
Ufull_v8_150p100,s1,14,0.43311,0.22435,0.61002,0.39713
Ufull_v8_150p100,s1,15,0.54888,0.3087,0.6112,0.5368
Ufull_v8_150p100,s1,16,0.54117,0.28755,0.62961,0.52044
Ufull_v8_150p100,s1,17,0.55239,0.288,0.68675,0.48853
Ufull_v8_150p100,s1,18,0.55073,0.29471,0.70762,0.48495
Ufull_v8_150p100,s1,19,0.57593,0.31305,0.61609,0.52337
Ufull_v8_150p100,s1,20,0.50664,0.27389,0.59524,0.45141
Ufull_v8_150p100,s1,21,0.55338,0.29159,0.59738,0.52513
Ufull_v8_150p100,s1,22,0.50358,0.26763,0.61943,0.47219
Ufull_v8_150p100,s1,23,0.59212,0.32597,0.68144,0.55856
Ufull_v8_150p100,s1,24,0.6123,0.33597,0.65143,0.58636
Ufull_v8_150p100,s1,25,0.56767,0.3079,0.63418,0.57431
Ufull_v8_150p100,s1,26,0.58601,0.3244,0.60626,0.57994
Ufull_v8_150p100,s1,27,0.61711,0.34653,0.6852,0.60224
Ufull_v8_150p100,s1,28,0.61647,0.3341,0.68775,0.5927
Ufull_v8_150p100,s1,29,0.59688,0.33767,0.6813,0.55294
Ufull_v8_150p100,s1,30,0.61051,0.35051,0.63986,0.58054
Ufull_v8_150p100,s1,31,0.65525,0.36929,0.72737,0.60833
Ufull_v8_150p100,s1,32,0.6369,0.36564,0.70089,0.60874
Ufull_v8_150p100,s1,33,0.63445,0.36459,0.72653,0.59629
Ufull_v8_150p100,s1,34,0.61835,0.3497,0.70325,0.58591
Ufull_v8_150p100,s1,35,0.64008,0.35669,0.76633,0.56967
Ufull_v8_150p100,s1,36,0.64663,0.36514,0.74592,0.56763
Ufull_v8_150p100,s1,37,0.65731,0.37315,0.7477,0.60059
Ufull_v8_150p100,s1,38,0.66464,0.37683,0.6873,0.62192
Ufull_v8_150p100,s1,39,0.65801,0.37139,0.72599,0.63927
Ufull_v8_150p100,s1,40,0.64922,0.37586,0.72796,0.62114
Ufull_v8_150p100,s1,41,0.6843,0.39433,0.68845,0.65644
Ufull_v8_150p100,s1,42,0.66794,0.38153,0.73196,0.63604
Ufull_v8_150p100,s1,43,0.6461,0.3764,0.69545,0.59727
Ufull_v8_150p100,s1,44,0.67288,0.39019,0.73509,0.65037
Ufull_v8_150p100,s1,45,0.67401,0.38908,0.82661,0.5966
Ufull_v8_150p100,s1,46,0.63939,0.37256,0.6918,0.61244
Ufull_v8_150p100,s1,47,0.65805,0.37161,0.68995,0.61282
Ufull_v8_150p100,s1,48,0.6478,0.3811,0.69809,0.65156
Ufull_v8_150p100,s1,49,0.66016,0.38661,0.71616,0.60337
Ufull_v8_150p100,s1,50,0.63437,0.37545,0.66162,0.62366
Ufull_v8_150p100,s1,51,0.66214,0.39616,0.71124,0.62408
Ufull_v8_150p100,s1,52,0.67282,0.39597,0.76627,0.61075
Ufull_v8_150p100,s1,53,0.65657,0.38333,0.71833,0.61795
Ufull_v8_150p100,s1,54,0.6571,0.38371,0.7056,0.62008
Ufull_v8_150p100,s1,55,0.68784,0.40064,0.72784,0.6466
Ufull_v8_150p100,s1,56,0.68327,0.39284,0.7369,0.65458
Ufull_v8_150p100,s1,57,0.7011,0.41717,0.73384,0.67793
Ufull_v8_150p100,s1,58,0.68447,0.40248,0.71244,0.66643
Ufull_v8_150p100,s1,59,0.70249,0.42273,0.73504,0.68372
Ufull_v8_150p100,s1,60,0.7076,0.41087,0.75041,0.66762
Ufull_v8_150p100,s1,61,0.68632,0.4056,0.73513,0.65212
Ufull_v8_150p100,s1,62,0.67395,0.38811,0.72769,0.62883
Ufull_v8_150p100,s1,63,0.67669,0.39789,0.71342,0.67843
Ufull_v8_150p100,s1,64,0.70425,0.41787,0.73135,0.68226
Ufull_v8_150p100,s1,65,0.68883,0.40962,0.74592,0.66199
Ufull_v8_150p100,s1,66,0.71279,0.41718,0.77364,0.67664
Ufull_v8_150p100,s1,67,0.69894,0.41869,0.76404,0.64544
Ufull_v8_150p100,s1,68,0.70678,0.42736,0.79786,0.65125
Ufull_v8_150p100,s1,69,0.72518,0.44675,0.77744,0.68697
Ufull_v8_150p100,s1,70,0.71096,0.42807,0.74124,0.70654
Ufull_v8_150p100,s1,71,0.71389,0.42086,0.71397,0.70557
Ufull_v8_150p100,s1,72,0.73107,0.4325,0.79389,0.6784
Ufull_v8_150p100,s1,73,0.72627,0.43446,0.79893,0.70586
Ufull_v8_150p100,s1,74,0.71828,0.44257,0.75884,0.67446
Ufull_v8_150p100,s1,75,0.71557,0.42635,0.7727,0.6598
Ufull_v8_150p100,s1,76,0.7126,0.42269,0.75131,0.69404
Ufull_v8_150p100,s1,77,0.73366,0.43174,0.74804,0.70753
Ufull_v8_150p100,s1,78,0.73867,0.44072,0.7599,0.72752
Ufull_v8_150p100,s1,79,0.72118,0.43165,0.74723,0.70411
Ufull_v8_150p100,s1,80,0.71953,0.41945,0.7693,0.65703
Ufull_v8_150p100,s1,81,0.73313,0.44298,0.74541,0.69671
Ufull_v8_150p100,s1,82,0.71827,0.43602,0.71333,0.694
Ufull_v8_150p100,s1,83,0.73669,0.43297,0.78944,0.7108
Ufull_v8_150p100,s1,84,0.72938,0.43783,0.74801,0.68642
Ufull_v8_150p100,s1,85,0.74622,0.44267,0.8008,0.70255
Ufull_v8_150p100,s1,86,0.75983,0.45125,0.80263,0.72104
Ufull_v8_150p100,s1,87,0.74568,0.44402,0.80161,0.71093
Ufull_v8_150p100,s1,88,0.74394,0.45102,0.76974,0.69743
Ufull_v8_150p100,s1,89,0.7478,0.4492,0.81337,0.67957
Ufull_v8_150p100,s1,90,0.75061,0.45198,0.84672,0.65706
Ufull_v8_150p100,s1,91,0.74096,0.44714,0.77517,0.7079
Ufull_v8_150p100,s1,92,0.74432,0.45052,0.82068,0.68958
Ufull_v8_150p100,s1,93,0.74478,0.44592,0.77882,0.71352
Ufull_v8_150p100,s1,94,0.74616,0.45272,0.78147,0.71057
Ufull_v8_150p100,s1,95,0.73428,0.45348,0.76352,0.70978
Ufull_v8_150p100,s1,96,0.75326,0.4502,0.74667,0.73782
Ufull_v8_150p100,s1,97,0.74705,0.44945,0.81832,0.65999
Ufull_v8_150p100,s1,98,0.73274,0.44231,0.78584,0.69161
Ufull_v8_150p100,s1,99,0.74963,0.44894,0.79521,0.68829
Ufull_v8_150p100,s1,100,0.72728,0.43741,0.75848,0.6774
Ufull_v8_150p100,s1,101,0.75606,0.44809,0.7978,0.71661
Ufull_v8_150p100,s1,102,0.75213,0.44591,0.75229,0.71835
Ufull_v8_150p100,s1,103,0.73543,0.44086,0.73607,0.72163
Ufull_v8_150p100,s1,104,0.74514,0.45211,0.83367,0.67071
Ufull_v8_150p100,s1,105,0.75952,0.44914,0.75805,0.73902
Ufull_v8_150p100,s1,106,0.74891,0.44091,0.76357,0.72952
Ufull_v8_150p100,s1,107,0.7351,0.42779,0.765,0.73093
Ufull_v8_150p100,s1,108,0.75489,0.4515,0.77836,0.71677
Ufull_v8_150p100,s1,109,0.75882,0.44653,0.80502,0.72602
Ufull_v8_150p100,s1,110,0.73731,0.43445,0.80089,0.69889
Ufull_v8_150p100,s1,111,0.74578,0.44236,0.81789,0.70597
Ufull_v8_150p100,s1,112,0.73201,0.43827,0.74805,0.73132
Ufull_v8_150p100,s1,113,0.74989,0.44685,0.811,0.71488
Ufull_v8_150p100,s1,114,0.73017,0.44747,0.78099,0.7051
Ufull_v8_150p100,s1,115,0.74405,0.45332,0.76593,0.72218
Ufull_v8_150p100,s1,116,0.7579,0.46054,0.78393,0.72059
Ufull_v8_150p100,s1,117,0.74838,0.45462,0.78773,0.71746
Ufull_v8_150p100,s1,118,0.75806,0.46149,0.76554,0.72626
Ufull_v8_150p100,s1,119,0.76587,0.46493,0.81424,0.71387
Ufull_v8_150p100,s1,120,0.78096,0.47197,0.80978,0.74001
Ufull_v8_150p100,s1,121,0.7709,0.46367,0.75593,0.74494
Ufull_v8_150p100,s1,122,0.75398,0.45971,0.76459,0.74199
Ufull_v8_150p100,s1,123,0.7553,0.45851,0.80208,0.70946
Ufull_v8_150p100,s1,124,0.76198,0.46248,0.75596,0.75704
Ufull_v8_150p100,s1,125,0.76094,0.4604,0.75688,0.75161
Ufull_v8_150p100,s1,126,0.75826,0.45777,0.7784,0.72558
Ufull_v8_150p100,s1,127,0.75562,0.45577,0.77184,0.7169
Ufull_v8_150p100,s1,128,0.75907,0.46029,0.7704,0.72993
Ufull_v8_150p100,s1,129,0.77286,0.46989,0.78622,0.75374
Ufull_v8_150p100,s1,130,0.76685,0.47208,0.7721,0.74696
Ufull_v8_150p100,s1,131,0.75246,0.45604,0.77893,0.6984
Ufull_v8_150p100,s1,132,0.7614,0.45922,0.76713,0.72715
Ufull_v8_150p100,s1,133,0.7573,0.46145,0.76116,0.74896
Ufull_v8_150p100,s1,134,0.75478,0.45508,0.78118,0.74183
Ufull_v8_150p100,s1,135,0.75033,0.45685,0.72509,0.74563
Ufull_v8_150p100,s1,136,0.75683,0.45987,0.75996,0.73538
Ufull_v8_150p100,s1,137,0.75995,0.46348,0.77664,0.73574
Ufull_v8_150p100,s1,138,0.75796,0.4638,0.78471,0.7342
Ufull_v8_150p100,s1,139,0.7554,0.45684,0.78772,0.72263
Ufull_v8_150p100,s1,140,0.75839,0.46091,0.78493,0.70201
Ufull_v8_150p100,s1,141,0.7536,0.45606,0.79411,0.70014
Ufull_v8_150p100,s1,142,0.75422,0.45726,0.76068,0.72844
Ufull_v8_150p100,s1,143,0.76102,0.45921,0.82563,0.69345
Ufull_v8_150p100,s1,144,0.76023,0.46046,0.75123,0.75227
Ufull_v8_150p100,s1,145,0.75949,0.45607,0.79248,0.72212
Ufull_v8_150p100,s1,146,0.76396,0.46176,0.78679,0.74971
Ufull_v8_150p100,s1,147,0.76878,0.46288,0.81095,0.73581
Ufull_v8_150p100,s1,148,0.76422,0.46086,0.82752,0.70476
Ufull_v8_150p100,s1,149,0.7688,0.46452,0.76273,0.75773
Ufull_v8_150p100,s1,150,0.77153,0.46553,0.79846,0.72767
Ufull_v8_150p100,s2,1,0.76297,0.46562,0.76941,0.72855
Ufull_v8_150p100,s2,2,0.76116,0.46369,0.79044,0.72554
Ufull_v8_150p100,s2,3,0.75138,0.44912,0.81171,0.69218
Ufull_v8_150p100,s2,4,0.73838,0.44086,0.76431,0.7219
Ufull_v8_150p100,s2,5,0.74201,0.44209,0.77027,0.68079
Ufull_v8_150p100,s2,6,0.75798,0.44595,0.74601,0.75029
Ufull_v8_150p100,s2,7,0.73969,0.44638,0.77879,0.71444
Ufull_v8_150p100,s2,8,0.7501,0.438,0.76495,0.72731
Ufull_v8_150p100,s2,9,0.73938,0.43814,0.76988,0.70939
Ufull_v8_150p100,s2,10,0.72808,0.43667,0.78935,0.67776
Ufull_v8_150p100,s2,11,0.74605,0.45038,0.79725,0.70435
Ufull_v8_150p100,s2,12,0.72669,0.44027,0.76574,0.68093
Ufull_v8_150p100,s2,13,0.75603,0.44804,0.81311,0.68874
Ufull_v8_150p100,s2,14,0.74446,0.45376,0.7954,0.71616
Ufull_v8_150p100,s2,15,0.72187,0.43056,0.72144,0.70097
Ufull_v8_150p100,s2,16,0.73897,0.43643,0.72511,0.72624
Ufull_v8_150p100,s2,17,0.73289,0.44226,0.76052,0.71515
Ufull_v8_150p100,s2,18,0.75106,0.45135,0.79278,0.72378
Ufull_v8_150p100,s2,19,0.73794,0.43029,0.79831,0.69169
Ufull_v8_150p100,s2,20,0.76024,0.45066,0.72699,0.75289
Ufull_v8_150p100,s2,21,0.72564,0.43116,0.77274,0.6882
Ufull_v8_150p100,s2,22,0.75123,0.44833,0.77404,0.71916
Ufull_v8_150p100,s2,23,0.73986,0.44011,0.7926,0.69978
Ufull_v8_150p100,s2,24,0.74553,0.434,0.77842,0.71641
Ufull_v8_150p100,s2,25,0.73636,0.44135,0.79506,0.69296
Ufull_v8_150p100,s2,26,0.75774,0.44654,0.78488,0.7306
Ufull_v8_150p100,s2,27,0.75202,0.44833,0.7856,0.73539
Ufull_v8_150p100,s2,28,0.76383,0.462,0.80647,0.72887
Ufull_v8_150p100,s2,29,0.73082,0.44509,0.77606,0.70804
Ufull_v8_150p100,s2,30,0.74811,0.45078,0.76655,0.7409
Ufull_v8_150p100,s2,31,0.76054,0.4594,0.83364,0.71384
Ufull_v8_150p100,s2,32,0.75723,0.45621,0.75251,0.71967
Ufull_v8_150p100,s2,33,0.75508,0.44876,0.81707,0.7107
Ufull_v8_150p100,s2,34,0.74999,0.4436,0.75151,0.73847
Ufull_v8_150p100,s2,35,0.76336,0.45674,0.82919,0.71602
Ufull_v8_150p100,s2,36,0.75665,0.46535,0.76335,0.75702
Ufull_v8_150p100,s2,37,0.76106,0.44705,0.79429,0.75092
Ufull_v8_150p100,s2,38,0.75302,0.46232,0.78905,0.72239
Ufull_v8_150p100,s2,39,0.76803,0.46499,0.8206,0.73689
Ufull_v8_150p100,s2,40,0.77489,0.46305,0.82187,0.73212
Ufull_v8_150p100,s2,41,0.77288,0.46299,0.81307,0.74633
Ufull_v8_150p100,s2,42,0.75476,0.45945,0.77428,0.72936
Ufull_v8_150p100,s2,43,0.76444,0.46152,0.80917,0.71152
Ufull_v8_150p100,s2,44,0.76345,0.4531,0.80335,0.72853
Ufull_v8_150p100,s2,45,0.7709,0.46751,0.80922,0.73208
Ufull_v8_150p100,s2,46,0.77062,0.46151,0.81386,0.73127
Ufull_v8_150p100,s2,47,0.74669,0.45172,0.78787,0.74661
Ufull_v8_150p100,s2,48,0.75496,0.44959,0.79268,0.72773
Ufull_v8_150p100,s2,49,0.7561,0.44711,0.8001,0.74191
Ufull_v8_150p100,s2,50,0.76215,0.45139,0.83055,0.72489
Ufull_v8_150p100,s2,51,0.76827,0.46165,0.8033,0.74526
Ufull_v8_150p100,s2,52,0.78617,0.47086,0.82702,0.73926
Ufull_v8_150p100,s2,53,0.764,0.46586,0.79118,0.74914
Ufull_v8_150p100,s2,54,0.76877,0.46174,0.80042,0.73249
Ufull_v8_150p100,s2,55,0.75679,0.46072,0.80062,0.75333
Ufull_v8_150p100,s2,56,0.75827,0.46535,0.81548,0.72053
Ufull_v8_150p100,s2,57,0.77009,0.46741,0.81233,0.74075
Ufull_v8_150p100,s2,58,0.78071,0.47289,0.83665,0.74331
Ufull_v8_150p100,s2,59,0.76946,0.46326,0.7773,0.74989
Ufull_v8_150p100,s2,60,0.76998,0.47185,0.82578,0.73988
Ufull_v8_150p100,s2,61,0.7588,0.45208,0.77861,0.72578
Ufull_v8_150p100,s2,62,0.77381,0.45636,0.83865,0.72724
Ufull_v8_150p100,s2,63,0.75164,0.44577,0.77364,0.73109
Ufull_v8_150p100,s2,64,0.75983,0.45653,0.79037,0.75306
Ufull_v8_150p100,s2,65,0.76385,0.45878,0.82389,0.71134
Ufull_v8_150p100,s2,66,0.76367,0.45752,0.81419,0.74952
Ufull_v8_150p100,s2,67,0.7547,0.45101,0.79863,0.72171
Ufull_v8_150p100,s2,68,0.77279,0.46379,0.82263,0.74947
Ufull_v8_150p100,s2,69,0.76649,0.46436,0.8069,0.73831
Ufull_v8_150p100,s2,70,0.76916,0.46142,0.84776,0.7181
Ufull_v8_150p100,s2,71,0.76552,0.45897,0.80135,0.72329
Ufull_v8_150p100,s2,72,0.76417,0.46131,0.79524,0.74749
Ufull_v8_150p100,s2,73,0.75954,0.46454,0.7885,0.75346
Ufull_v8_150p100,s2,74,0.76072,0.46352,0.80254,0.73961
Ufull_v8_150p100,s2,75,0.75811,0.45719,0.83072,0.72512
Ufull_v8_150p100,s2,76,0.75212,0.45753,0.76016,0.75007
Ufull_v8_150p100,s2,77,0.75479,0.45446,0.78946,0.73992
Ufull_v8_150p100,s2,78,0.76021,0.45423,0.77776,0.76443
Ufull_v8_150p100,s2,79,0.75776,0.45804,0.80893,0.74359
Ufull_v8_150p100,s2,80,0.7583,0.45648,0.78262,0.73991
Ufull_v8_150p100,s2,81,0.75444,0.45342,0.79232,0.74099
Ufull_v8_150p100,s2,82,0.76231,0.4629,0.78554,0.74876
Ufull_v8_150p100,s2,83,0.76664,0.46785,0.78114,0.75934
Ufull_v8_150p100,s2,84,0.76923,0.46684,0.79721,0.74532
Ufull_v8_150p100,s2,85,0.77464,0.46359,0.82575,0.74256
Ufull_v8_150p100,s2,86,0.76792,0.46771,0.80767,0.74341
Ufull_v8_150p100,s2,87,0.77078,0.46656,0.79707,0.75259
Ufull_v8_150p100,s2,88,0.77056,0.46548,0.82918,0.73369
Ufull_v8_150p100,s2,89,0.77491,0.46723,0.82678,0.74775
Ufull_v8_150p100,s2,90,0.75773,0.46476,0.79984,0.7409
Ufull_v8_150p100,s2,91,0.76525,0.46252,0.80948,0.72082
Ufull_v8_150p100,s2,92,0.769,0.46135,0.7881,0.75256
Ufull_v8_150p100,s2,93,0.7745,0.46793,0.81266,0.75014
Ufull_v8_150p100,s2,94,0.76087,0.46879,0.80955,0.73696
Ufull_v8_150p100,s2,95,0.77808,0.47978,0.80528,0.75771
Ufull_v8_150p100,s2,96,0.7668,0.47279,0.8093,0.74503
Ufull_v8_150p100,s2,97,0.76779,0.47051,0.8229,0.72773
Ufull_v8_150p100,s2,98,0.76597,0.47134,0.77706,0.74888
Ufull_v8_150p100,s2,99,0.76616,0.46753,0.81109,0.74409
Ufull_v8_150p100,s2,100,0.77514,0.47004,0.81363,0.74237
Ufull_v8_300p100,s1,1,0.10875,0.0644,0.87282,0.06062
Ufull_v8_300p100,s1,2,0.2075,0.10775,0.67544,0.21211
Ufull_v8_300p100,s1,3,0.15575,0.07439,0.39231,0.27129
Ufull_v8_300p100,s1,4,0.14102,0.06865,0.18946,0.2584
Ufull_v8_300p100,s1,5,0.31583,0.15216,0.37974,0.37535
Ufull_v8_300p100,s1,6,0.35174,0.17773,0.56837,0.33999
Ufull_v8_300p100,s1,7,0.38181,0.18256,0.44684,0.3951
Ufull_v8_300p100,s1,8,0.41372,0.21135,0.52731,0.39362
Ufull_v8_300p100,s1,9,0.41771,0.21137,0.55833,0.40687
Ufull_v8_300p100,s1,10,0.4407,0.22521,0.67447,0.43368
Ufull_v8_300p100,s1,11,0.48834,0.24658,0.69702,0.45375
Ufull_v8_300p100,s1,12,0.47329,0.24503,0.56276,0.4517
Ufull_v8_300p100,s1,13,0.44224,0.23395,0.56334,0.41977
Ufull_v8_300p100,s1,14,0.51103,0.26142,0.57535,0.46407
Ufull_v8_300p100,s1,15,0.52441,0.28401,0.59142,0.54156
Ufull_v8_300p100,s1,16,0.52568,0.28177,0.61901,0.48865
Ufull_v8_300p100,s1,17,0.54857,0.29919,0.60546,0.49717
Ufull_v8_300p100,s1,18,0.5222,0.28032,0.61957,0.49702
Ufull_v8_300p100,s1,19,0.59203,0.30325,0.74334,0.52715
Ufull_v8_300p100,s1,20,0.55611,0.29441,0.686,0.50842
Ufull_v8_300p100,s1,21,0.58933,0.31626,0.66458,0.55826
Ufull_v8_300p100,s1,22,0.58489,0.33108,0.64856,0.538
Ufull_v8_300p100,s1,23,0.58038,0.3147,0.65586,0.54372
Ufull_v8_300p100,s1,24,0.61058,0.33509,0.64465,0.56007
Ufull_v8_300p100,s1,25,0.56399,0.31131,0.62579,0.5321
Ufull_v8_300p100,s1,26,0.60519,0.34066,0.64539,0.59296
Ufull_v8_300p100,s1,27,0.61132,0.34618,0.6661,0.58513
Ufull_v8_300p100,s1,28,0.62179,0.33673,0.72743,0.58073
Ufull_v8_300p100,s1,29,0.62551,0.34909,0.68879,0.58522
Ufull_v8_300p100,s1,30,0.61844,0.33624,0.64827,0.61861
Ufull_v8_300p100,s1,31,0.59468,0.32704,0.66641,0.56198
Ufull_v8_300p100,s1,32,0.60771,0.32737,0.65599,0.58102
Ufull_v8_300p100,s1,33,0.602,0.33136,0.73712,0.55336
Ufull_v8_300p100,s1,34,0.59911,0.34035,0.69611,0.54122
Ufull_v8_300p100,s1,35,0.63001,0.3568,0.70605,0.60035
Ufull_v8_300p100,s1,36,0.63,0.35924,0.78545,0.56436
Ufull_v8_300p100,s1,37,0.65592,0.3735,0.75655,0.61286
Ufull_v8_300p100,s1,38,0.65932,0.37941,0.71606,0.63524
Ufull_v8_300p100,s1,39,0.65184,0.37251,0.82343,0.59133
Ufull_v8_300p100,s1,40,0.64948,0.36492,0.76907,0.59276
Ufull_v8_300p100,s1,41,0.64983,0.37155,0.69171,0.62895
Ufull_v8_300p100,s1,42,0.6477,0.37019,0.73172,0.6198
Ufull_v8_300p100,s1,43,0.65224,0.37507,0.69147,0.63113
Ufull_v8_300p100,s1,44,0.66958,0.38323,0.72373,0.65515
Ufull_v8_300p100,s1,45,0.65187,0.37886,0.67983,0.64293
Ufull_v8_300p100,s1,46,0.68044,0.39604,0.73185,0.62794
Ufull_v8_300p100,s1,47,0.67916,0.38302,0.78371,0.62076
Ufull_v8_300p100,s1,48,0.66906,0.39566,0.70456,0.639
Ufull_v8_300p100,s1,49,0.60518,0.33661,0.71938,0.55845
Ufull_v8_300p100,s1,50,0.65199,0.36991,0.72267,0.60818
Ufull_v8_300p100,s1,51,0.65567,0.37663,0.76449,0.58454
Ufull_v8_300p100,s1,52,0.67738,0.39795,0.79006,0.60498
Ufull_v8_300p100,s1,53,0.66813,0.39528,0.72916,0.62685
Ufull_v8_300p100,s1,54,0.69381,0.38712,0.75235,0.65099
Ufull_v8_300p100,s1,55,0.67296,0.3968,0.72572,0.65927
Ufull_v8_300p100,s1,56,0.70445,0.40212,0.76216,0.66418
Ufull_v8_300p100,s1,57,0.7107,0.411,0.75479,0.6544
Ufull_v8_300p100,s1,58,0.69294,0.39947,0.74331,0.68118
Ufull_v8_300p100,s1,59,0.66943,0.39449,0.75992,0.58368
Ufull_v8_300p100,s1,60,0.70872,0.40957,0.78266,0.66291
Ufull_v8_300p100,s1,61,0.7037,0.40125,0.79008,0.65586
Ufull_v8_300p100,s1,62,0.66061,0.37692,0.75916,0.61872
Ufull_v8_300p100,s1,63,0.71319,0.42074,0.77046,0.68568
Ufull_v8_300p100,s1,64,0.70631,0.41124,0.78924,0.62075
Ufull_v8_300p100,s1,65,0.70283,0.40325,0.76674,0.66058
Ufull_v8_300p100,s1,66,0.67876,0.39281,0.68005,0.6839
Ufull_v8_300p100,s1,67,0.64722,0.38153,0.65386,0.66361
Ufull_v8_300p100,s1,68,0.66512,0.38053,0.73175,0.65363
Ufull_v8_300p100,s1,69,0.69448,0.41349,0.73322,0.67748
Ufull_v8_300p100,s1,70,0.6915,0.42576,0.75993,0.64278
Ufull_v8_300p100,s1,71,0.72434,0.43297,0.75687,0.7083
Ufull_v8_300p100,s1,72,0.74101,0.43407,0.77783,0.67928
Ufull_v8_300p100,s1,73,0.70138,0.41369,0.76662,0.66165
Ufull_v8_300p100,s1,74,0.73686,0.43949,0.79938,0.69236
Ufull_v8_300p100,s1,75,0.72128,0.43628,0.80326,0.6588
Ufull_v8_300p100,s1,76,0.70587,0.41576,0.77147,0.67273
Ufull_v8_300p100,s1,77,0.69087,0.39844,0.69723,0.66891
Ufull_v8_300p100,s1,78,0.68852,0.41246,0.74104,0.6602
Ufull_v8_300p100,s1,79,0.71545,0.41092,0.74635,0.67563
Ufull_v8_300p100,s1,80,0.6871,0.40875,0.77378,0.6345
Ufull_v8_300p100,s1,81,0.73324,0.44034,0.77362,0.68541
Ufull_v8_300p100,s1,82,0.67531,0.40229,0.67229,0.66653
Ufull_v8_300p100,s1,83,0.73164,0.4367,0.78204,0.71213
Ufull_v8_300p100,s1,84,0.71749,0.43768,0.73241,0.69522
Ufull_v8_300p100,s1,85,0.7324,0.43606,0.76542,0.69016
Ufull_v8_300p100,s1,86,0.69373,0.41432,0.70783,0.67882
Ufull_v8_300p100,s1,87,0.7239,0.43156,0.7848,0.67281
Ufull_v8_300p100,s1,88,0.73947,0.4389,0.80499,0.66441
Ufull_v8_300p100,s1,89,0.73153,0.44385,0.78707,0.69107
Ufull_v8_300p100,s1,90,0.74494,0.44901,0.78139,0.71554
Ufull_v8_300p100,s1,91,0.74797,0.45722,0.85665,0.66578
Ufull_v8_300p100,s1,92,0.70347,0.42632,0.74805,0.6836
Ufull_v8_300p100,s1,93,0.71484,0.4313,0.79558,0.66579
Ufull_v8_300p100,s1,94,0.73372,0.44364,0.81722,0.67785
Ufull_v8_300p100,s1,95,0.72461,0.44154,0.77059,0.69038
Ufull_v8_300p100,s1,96,0.74395,0.4483,0.80469,0.69024
Ufull_v8_300p100,s1,97,0.72294,0.43787,0.74001,0.72912
Ufull_v8_300p100,s1,98,0.74778,0.45486,0.75313,0.73502
Ufull_v8_300p100,s1,99,0.73582,0.45024,0.77542,0.69357
Ufull_v8_300p100,s1,100,0.71572,0.43594,0.77317,0.6996
Ufull_v8_300p100,s1,101,0.7215,0.43584,0.7816,0.68489
Ufull_v8_300p100,s1,102,0.70646,0.42397,0.70104,0.71612
Ufull_v8_300p100,s1,103,0.7424,0.45918,0.79208,0.68443
Ufull_v8_300p100,s1,104,0.71946,0.44568,0.78551,0.66449
Ufull_v8_300p100,s1,105,0.73642,0.44525,0.83645,0.67186
Ufull_v8_300p100,s1,106,0.72877,0.43983,0.81068,0.66665
Ufull_v8_300p100,s1,107,0.73257,0.43668,0.80405,0.67538
Ufull_v8_300p100,s1,108,0.73649,0.45444,0.77922,0.69316
Ufull_v8_300p100,s1,109,0.7338,0.44733,0.78985,0.68351
Ufull_v8_300p100,s1,110,0.72495,0.44936,0.73509,0.73015
Ufull_v8_300p100,s1,111,0.73454,0.44375,0.75163,0.71335
Ufull_v8_300p100,s1,112,0.71963,0.43271,0.77785,0.67841
Ufull_v8_300p100,s1,113,0.74624,0.45442,0.78456,0.71531
Ufull_v8_300p100,s1,114,0.73744,0.45463,0.80564,0.69317
Ufull_v8_300p100,s1,115,0.73944,0.4548,0.77172,0.71044
Ufull_v8_300p100,s1,116,0.73527,0.45781,0.76846,0.71126
Ufull_v8_300p100,s1,117,0.73278,0.44792,0.71947,0.73622
Ufull_v8_300p100,s1,118,0.74213,0.45702,0.84633,0.68587
Ufull_v8_300p100,s1,119,0.74049,0.44765,0.77814,0.72032
Ufull_v8_300p100,s1,120,0.73849,0.45369,0.80609,0.70242
Ufull_v8_300p100,s1,121,0.74475,0.46155,0.82179,0.7012
Ufull_v8_300p100,s1,122,0.73191,0.44329,0.7684,0.69657
Ufull_v8_300p100,s1,123,0.72756,0.44348,0.8017,0.71315
Ufull_v8_300p100,s1,124,0.72508,0.43956,0.77678,0.70704
Ufull_v8_300p100,s1,125,0.73348,0.44378,0.78978,0.70267
Ufull_v8_300p100,s1,126,0.74552,0.46077,0.79453,0.7145
Ufull_v8_300p100,s1,127,0.75727,0.46278,0.80815,0.70964
Ufull_v8_300p100,s1,128,0.75241,0.4585,0.80835,0.70916
Ufull_v8_300p100,s1,129,0.76477,0.46516,0.80347,0.74703
Ufull_v8_300p100,s1,130,0.77691,0.48783,0.84078,0.73389
Ufull_v8_300p100,s1,131,0.75064,0.4581,0.79956,0.71243
Ufull_v8_300p100,s1,132,0.76653,0.47999,0.81431,0.7373
Ufull_v8_300p100,s1,133,0.7651,0.48229,0.81189,0.73923
Ufull_v8_300p100,s1,134,0.75557,0.46128,0.79,0.71993
Ufull_v8_300p100,s1,135,0.75255,0.46422,0.83052,0.69711
Ufull_v8_300p100,s1,136,0.76427,0.47334,0.81455,0.73285
Ufull_v8_300p100,s1,137,0.77196,0.48571,0.81453,0.74623
Ufull_v8_300p100,s1,138,0.76196,0.47589,0.8013,0.70984
Ufull_v8_300p100,s1,139,0.75642,0.47562,0.79436,0.72897
Ufull_v8_300p100,s1,140,0.77772,0.49092,0.80069,0.74069
Ufull_v8_300p100,s1,141,0.76149,0.46812,0.85503,0.70285
Ufull_v8_300p100,s1,142,0.7568,0.47388,0.77336,0.74162
Ufull_v8_300p100,s1,143,0.7444,0.45946,0.77185,0.73435
Ufull_v8_300p100,s1,144,0.7492,0.47109,0.80932,0.72315
Ufull_v8_300p100,s1,145,0.75679,0.47627,0.82813,0.71676
Ufull_v8_300p100,s1,146,0.76751,0.47358,0.78828,0.7328
Ufull_v8_300p100,s1,147,0.76605,0.4714,0.81313,0.73016
Ufull_v8_300p100,s1,148,0.75462,0.47544,0.79426,0.75486
Ufull_v8_300p100,s1,149,0.75303,0.46043,0.8024,0.71682
Ufull_v8_300p100,s1,150,0.76705,0.47677,0.84057,0.72508
Ufull_v8_300p100,s1,151,0.76665,0.4807,0.80428,0.7452
Ufull_v8_300p100,s1,152,0.75515,0.46571,0.83534,0.72401
Ufull_v8_300p100,s1,153,0.74498,0.45884,0.82894,0.70095
Ufull_v8_300p100,s1,154,0.75049,0.45988,0.77606,0.7455
Ufull_v8_300p100,s1,155,0.75448,0.46962,0.77352,0.75514
Ufull_v8_300p100,s1,156,0.74883,0.4619,0.81237,0.71775
Ufull_v8_300p100,s1,157,0.76223,0.47441,0.80534,0.7408
Ufull_v8_300p100,s1,158,0.76032,0.46745,0.8138,0.73051
Ufull_v8_300p100,s1,159,0.75335,0.46505,0.80016,0.73301
Ufull_v8_300p100,s1,160,0.75029,0.46809,0.8111,0.72915
Ufull_v8_300p100,s1,161,0.75025,0.47545,0.83206,0.6779
Ufull_v8_300p100,s1,162,0.76577,0.47795,0.83028,0.70975
Ufull_v8_300p100,s1,163,0.76261,0.48092,0.79368,0.75556
Ufull_v8_300p100,s1,164,0.7491,0.47262,0.79432,0.7337
Ufull_v8_300p100,s1,165,0.76924,0.4806,0.8104,0.74186
Ufull_v8_300p100,s1,166,0.75603,0.47266,0.79777,0.73556
Ufull_v8_300p100,s1,167,0.75103,0.47177,0.79455,0.71918
Ufull_v8_300p100,s1,168,0.75528,0.46563,0.80847,0.73703
Ufull_v8_300p100,s1,169,0.7474,0.45879,0.81369,0.7106
Ufull_v8_300p100,s1,170,0.76007,0.47047,0.80509,0.74257
Ufull_v8_300p100,s1,171,0.76289,0.4801,0.83076,0.72422
Ufull_v8_300p100,s1,172,0.76806,0.47585,0.82634,0.71136
Ufull_v8_300p100,s1,173,0.76164,0.4791,0.80731,0.73954
Ufull_v8_300p100,s1,174,0.77198,0.47546,0.80704,0.73855
Ufull_v8_300p100,s1,175,0.76798,0.47342,0.85059,0.71012
Ufull_v8_300p100,s1,176,0.77254,0.47819,0.82963,0.72822
Ufull_v8_300p100,s1,177,0.77278,0.48752,0.83047,0.70617
Ufull_v8_300p100,s1,178,0.78272,0.49289,0.8246,0.72364
Ufull_v8_300p100,s1,179,0.77893,0.48586,0.82909,0.73316
Ufull_v8_300p100,s1,180,0.77347,0.48275,0.8241,0.73159
Ufull_v8_300p100,s1,181,0.77411,0.47814,0.83591,0.7365
Ufull_v8_300p100,s1,182,0.7652,0.4757,0.79015,0.75824
Ufull_v8_300p100,s1,183,0.76413,0.47619,0.82586,0.72917
Ufull_v8_300p100,s1,184,0.7579,0.47136,0.78129,0.75624
Ufull_v8_300p100,s1,185,0.76592,0.47502,0.82081,0.74207
Ufull_v8_300p100,s1,186,0.7509,0.47294,0.82346,0.73323
Ufull_v8_300p100,s1,187,0.75656,0.47856,0.81617,0.71836
Ufull_v8_300p100,s1,188,0.77134,0.48123,0.81088,0.73638
Ufull_v8_300p100,s1,189,0.76561,0.48085,0.85706,0.69178
Ufull_v8_300p100,s1,190,0.75546,0.47281,0.80074,0.70845
Ufull_v8_300p100,s1,191,0.76485,0.48387,0.80205,0.73312
Ufull_v8_300p100,s1,192,0.75547,0.48127,0.83725,0.71884
Ufull_v8_300p100,s1,193,0.75734,0.47713,0.82308,0.7247
Ufull_v8_300p100,s1,194,0.75595,0.47672,0.81501,0.72639
Ufull_v8_300p100,s1,195,0.7626,0.4774,0.81802,0.73794
Ufull_v8_300p100,s1,196,0.75435,0.47748,0.82475,0.7238
Ufull_v8_300p100,s1,197,0.75502,0.47231,0.80204,0.7264
Ufull_v8_300p100,s1,198,0.75542,0.47815,0.82848,0.69984
Ufull_v8_300p100,s1,199,0.762,0.48477,0.82111,0.72771
Ufull_v8_300p100,s1,200,0.76554,0.4872,0.84308,0.73222
Ufull_v8_300p100,s1,201,0.76826,0.48765,0.82918,0.7323
Ufull_v8_300p100,s1,202,0.76245,0.48296,0.84677,0.711
Ufull_v8_300p100,s1,203,0.76627,0.4852,0.85632,0.72565
Ufull_v8_300p100,s1,204,0.76962,0.48312,0.84025,0.72813
Ufull_v8_300p100,s1,205,0.77923,0.49537,0.83407,0.74031
Ufull_v8_300p100,s1,206,0.77266,0.48763,0.8175,0.73068
Ufull_v8_300p100,s1,207,0.76567,0.48322,0.82721,0.73539
Ufull_v8_300p100,s1,208,0.7701,0.48063,0.82399,0.73816
Ufull_v8_300p100,s1,209,0.77192,0.48488,0.82478,0.74886
Ufull_v8_300p100,s1,210,0.77035,0.48566,0.82759,0.75143
Ufull_v8_300p100,s1,211,0.77264,0.48653,0.83794,0.75419
Ufull_v8_300p100,s1,212,0.76381,0.48227,0.83705,0.73318
Ufull_v8_300p100,s1,213,0.77217,0.48441,0.80711,0.75068
Ufull_v8_300p100,s1,214,0.77319,0.48914,0.80492,0.7483
Ufull_v8_300p100,s1,215,0.76321,0.48115,0.83048,0.71243
Ufull_v8_300p100,s1,216,0.7655,0.47599,0.81372,0.72525
Ufull_v8_300p100,s1,217,0.76885,0.4773,0.81602,0.72239
Ufull_v8_300p100,s1,218,0.76598,0.47319,0.79387,0.74816
Ufull_v8_300p100,s1,219,0.76833,0.47485,0.79236,0.75784
Ufull_v8_300p100,s1,220,0.76906,0.48341,0.81938,0.74079
Ufull_v8_300p100,s1,221,0.7651,0.47823,0.79648,0.73873
Ufull_v8_300p100,s1,222,0.76759,0.48141,0.80367,0.7336
Ufull_v8_300p100,s1,223,0.76798,0.48541,0.80325,0.73465
Ufull_v8_300p100,s1,224,0.77146,0.48512,0.80045,0.74142
Ufull_v8_300p100,s1,225,0.77434,0.48087,0.83878,0.72352
Ufull_v8_300p100,s1,226,0.7706,0.47567,0.82966,0.73052
Ufull_v8_300p100,s1,227,0.76753,0.47335,0.83773,0.71146
Ufull_v8_300p100,s1,228,0.77015,0.47596,0.85788,0.7023
Ufull_v8_300p100,s1,229,0.77293,0.47796,0.86566,0.69976
Ufull_v8_300p100,s1,230,0.77181,0.47696,0.8038,0.72809
Ufull_v8_300p100,s1,231,0.77102,0.47658,0.77335,0.75303
Ufull_v8_300p100,s1,232,0.76892,0.4744,0.80285,0.73503
Ufull_v8_300p100,s1,233,0.76914,0.47115,0.79581,0.74624
Ufull_v8_300p100,s1,234,0.76939,0.46961,0.79493,0.73966
Ufull_v8_300p100,s1,235,0.76877,0.46929,0.81183,0.7326
Ufull_v8_300p100,s1,236,0.76885,0.47006,0.80574,0.7498
Ufull_v8_300p100,s1,237,0.76173,0.46427,0.77043,0.75615
Ufull_v8_300p100,s1,238,0.76486,0.46667,0.79613,0.73801
Ufull_v8_300p100,s1,239,0.76954,0.46908,0.81274,0.72238
Ufull_v8_300p100,s1,240,0.76915,0.46862,0.7616,0.77833
Ufull_v8_300p100,s1,241,0.76526,0.46892,0.83186,0.71862
Ufull_v8_300p100,s1,242,0.76685,0.47199,0.82915,0.71699
Ufull_v8_300p100,s1,243,0.76258,0.4728,0.76303,0.76894
Ufull_v8_300p100,s1,244,0.76531,0.47376,0.7784,0.7692
Ufull_v8_300p100,s1,245,0.75932,0.46793,0.76616,0.76341
Ufull_v8_300p100,s1,246,0.75966,0.46825,0.77771,0.75235
Ufull_v8_300p100,s1,247,0.76598,0.46978,0.78682,0.75922
Ufull_v8_300p100,s1,248,0.76665,0.47209,0.81359,0.73882
Ufull_v8_300p100,s1,249,0.7673,0.47471,0.81393,0.73248
Ufull_v8_300p100,s1,250,0.76045,0.47517,0.81904,0.72128
Ufull_v8_300p100,s1,251,0.76387,0.47418,0.82654,0.72015
Ufull_v8_300p100,s1,252,0.76549,0.47473,0.82087,0.72398
Ufull_v8_300p100,s1,253,0.76515,0.47574,0.82807,0.72898
Ufull_v8_300p100,s1,254,0.76412,0.47499,0.82437,0.71362
Ufull_v8_300p100,s1,255,0.75985,0.47503,0.76384,0.7509
Ufull_v8_300p100,s1,256,0.76118,0.47687,0.82174,0.70852
Ufull_v8_300p100,s1,257,0.76106,0.47923,0.81228,0.71477
Ufull_v8_300p100,s1,258,0.76249,0.47432,0.81328,0.7183
Ufull_v8_300p100,s1,259,0.7624,0.47686,0.81981,0.71364
Ufull_v8_300p100,s1,260,0.75858,0.47553,0.80128,0.73135
Ufull_v8_300p100,s1,261,0.75763,0.47606,0.80025,0.73022
Ufull_v8_300p100,s1,262,0.75873,0.47964,0.79725,0.74106
Ufull_v8_300p100,s1,263,0.76042,0.48139,0.80657,0.72917
Ufull_v8_300p100,s1,264,0.76434,0.47857,0.82477,0.73751
Ufull_v8_300p100,s1,265,0.75851,0.477,0.81738,0.73498
Ufull_v8_300p100,s1,266,0.76125,0.47372,0.81809,0.7362
Ufull_v8_300p100,s1,267,0.76009,0.47518,0.81153,0.73559
Ufull_v8_300p100,s1,268,0.76308,0.47722,0.81829,0.73254
Ufull_v8_300p100,s1,269,0.76305,0.47602,0.81967,0.73701
Ufull_v8_300p100,s1,270,0.76537,0.47761,0.8256,0.73148
Ufull_v8_300p100,s1,271,0.7691,0.47926,0.82314,0.73048
Ufull_v8_300p100,s1,272,0.76854,0.4819,0.82171,0.73441
Ufull_v8_300p100,s1,273,0.76963,0.48215,0.81913,0.73674
Ufull_v8_300p100,s1,274,0.7716,0.48291,0.82118,0.73735
Ufull_v8_300p100,s1,275,0.76996,0.48263,0.83866,0.7265
Ufull_v8_300p100,s1,276,0.77319,0.48242,0.84962,0.72462
Ufull_v8_300p100,s1,277,0.77415,0.48264,0.84265,0.73201
Ufull_v8_300p100,s1,278,0.77276,0.47966,0.83998,0.72796
Ufull_v8_300p100,s1,279,0.77321,0.47964,0.8314,0.72261
Ufull_v8_300p100,s1,280,0.77508,0.4795,0.8079,0.74872
Ufull_v8_300p100,s1,281,0.77711,0.4802,0.8252,0.73342
Ufull_v8_300p100,s1,282,0.77462,0.48153,0.83975,0.72127
Ufull_v8_300p100,s1,283,0.77082,0.4798,0.83726,0.71943
Ufull_v8_300p100,s1,284,0.76924,0.48143,0.83772,0.71976
Ufull_v8_300p100,s1,285,0.76921,0.48152,0.84147,0.7148
Ufull_v8_300p100,s1,286,0.77235,0.48317,0.82874,0.72902
Ufull_v8_300p100,s1,287,0.77332,0.48437,0.8239,0.73048
Ufull_v8_300p100,s1,288,0.77087,0.48412,0.82658,0.73036
Ufull_v8_300p100,s1,289,0.77007,0.48384,0.81926,0.73306
Ufull_v8_300p100,s1,290,0.77298,0.48287,0.81568,0.74808
Ufull_v8_300p100,s1,291,0.77183,0.48013,0.82213,0.73999
Ufull_v8_300p100,s1,292,0.77019,0.4793,0.81017,0.75198
Ufull_v8_300p100,s1,293,0.76979,0.47766,0.81035,0.74673
Ufull_v8_300p100,s1,294,0.76869,0.47752,0.8032,0.7473
Ufull_v8_300p100,s1,295,0.76502,0.47795,0.80302,0.74336
Ufull_v8_300p100,s1,296,0.76492,0.47772,0.81011,0.74879
Ufull_v8_300p100,s1,297,0.76382,0.47633,0.80474,0.75028
Ufull_v8_300p100,s1,298,0.76365,0.47581,0.80101,0.74871
Ufull_v8_300p100,s1,299,0.76081,0.47374,0.79663,0.74743
Ufull_v8_300p100,s1,300,0.75553,0.47228,0.79318,0.74276
Ufull_v8_300p100,s2,1,0.77269,0.48727,0.83842,0.73699
Ufull_v8_300p100,s2,2,0.77003,0.48526,0.80513,0.74293
Ufull_v8_300p100,s2,3,0.77055,0.47725,0.84064,0.70529
Ufull_v8_300p100,s2,4,0.74892,0.45765,0.84048,0.67864
Ufull_v8_300p100,s2,5,0.76382,0.46971,0.85934,0.70151
Ufull_v8_300p100,s2,6,0.77864,0.47706,0.82945,0.74764
Ufull_v8_300p100,s2,7,0.749,0.45543,0.8303,0.70132
Ufull_v8_300p100,s2,8,0.75084,0.45929,0.79209,0.71843
Ufull_v8_300p100,s2,9,0.76395,0.46426,0.857,0.72478
Ufull_v8_300p100,s2,10,0.76121,0.46813,0.82773,0.71517
Ufull_v8_300p100,s2,11,0.75568,0.46367,0.82321,0.72853
Ufull_v8_300p100,s2,12,0.75528,0.47162,0.82145,0.72798
Ufull_v8_300p100,s2,13,0.76032,0.46876,0.79202,0.74001
Ufull_v8_300p100,s2,14,0.74527,0.46015,0.83944,0.69675
Ufull_v8_300p100,s2,15,0.76004,0.46915,0.84759,0.69549
Ufull_v8_300p100,s2,16,0.76592,0.4703,0.8465,0.71436
Ufull_v8_300p100,s2,17,0.7529,0.46868,0.80386,0.73516
Ufull_v8_300p100,s2,18,0.75642,0.45903,0.83496,0.69342
Ufull_v8_300p100,s2,19,0.75829,0.475,0.84934,0.702
Ufull_v8_300p100,s2,20,0.75286,0.45799,0.82514,0.70981
Ufull_v8_300p100,s2,21,0.76326,0.47307,0.80239,0.72666
Ufull_v8_300p100,s2,22,0.76703,0.46699,0.84448,0.72899
Ufull_v8_300p100,s2,23,0.7663,0.46834,0.81546,0.73712
Ufull_v8_300p100,s2,24,0.76239,0.46388,0.8234,0.72367
Ufull_v8_300p100,s2,25,0.77174,0.46166,0.82551,0.71832
Ufull_v8_300p100,s2,26,0.76459,0.46755,0.8473,0.71937
Ufull_v8_300p100,s2,27,0.76236,0.46742,0.76742,0.76315
Ufull_v8_300p100,s2,28,0.76799,0.47813,0.78849,0.7493
Ufull_v8_300p100,s2,29,0.76158,0.46794,0.76431,0.75047
Ufull_v8_300p100,s2,30,0.76204,0.45686,0.82892,0.71214
Ufull_v8_300p100,s2,31,0.753,0.45455,0.80323,0.71236
Ufull_v8_300p100,s2,32,0.75732,0.4677,0.83775,0.71233
Ufull_v8_300p100,s2,33,0.75071,0.45333,0.75743,0.74852
Ufull_v8_300p100,s2,34,0.74443,0.4541,0.78998,0.73509
Ufull_v8_300p100,s2,35,0.75841,0.4572,0.80482,0.7448
Ufull_v8_300p100,s2,36,0.75495,0.45797,0.83692,0.71637
Ufull_v8_300p100,s2,37,0.77092,0.47319,0.85729,0.71958
Ufull_v8_300p100,s2,38,0.7755,0.4748,0.82356,0.72073
Ufull_v8_300p100,s2,39,0.75647,0.46593,0.79572,0.71956
Ufull_v8_300p100,s2,40,0.76627,0.47228,0.76422,0.77179
Ufull_v8_300p100,s2,41,0.76199,0.47969,0.82764,0.73764
Ufull_v8_300p100,s2,42,0.75941,0.4693,0.84521,0.73126
Ufull_v8_300p100,s2,43,0.75998,0.47563,0.79905,0.75355
Ufull_v8_300p100,s2,44,0.7719,0.47534,0.81219,0.75685
Ufull_v8_300p100,s2,45,0.75203,0.46988,0.87354,0.68517
Ufull_v8_300p100,s2,46,0.77415,0.48182,0.85758,0.72189
Ufull_v8_300p100,s2,47,0.77115,0.4825,0.84939,0.72046
Ufull_v8_300p100,s2,48,0.76424,0.47304,0.86434,0.72853
Ufull_v8_300p100,s2,49,0.7692,0.47588,0.82134,0.72853
Ufull_v8_300p100,s2,50,0.76298,0.47654,0.81873,0.73519
Ufull_v8_300p100,s2,51,0.757,0.47319,0.80314,0.74713
Ufull_v8_300p100,s2,52,0.76832,0.47371,0.86399,0.70224
Ufull_v8_300p100,s2,53,0.77227,0.47505,0.86885,0.70223
Ufull_v8_300p100,s2,54,0.75572,0.46046,0.83303,0.70781
Ufull_v8_300p100,s2,55,0.764,0.47382,0.84419,0.71177
Ufull_v8_300p100,s2,56,0.76285,0.46985,0.80585,0.73299
Ufull_v8_300p100,s2,57,0.76063,0.46803,0.84038,0.72073
Ufull_v8_300p100,s2,58,0.77017,0.47505,0.84084,0.74414
Ufull_v8_300p100,s2,59,0.76069,0.47638,0.79762,0.74452
Ufull_v8_300p100,s2,60,0.76832,0.47118,0.824,0.74823
Ufull_v8_300p100,s2,61,0.76636,0.48138,0.80238,0.74609
Ufull_v8_300p100,s2,62,0.76127,0.47576,0.82458,0.73313
Ufull_v8_300p100,s2,63,0.76378,0.47544,0.81482,0.73422
Ufull_v8_300p100,s2,64,0.77683,0.47529,0.83697,0.73824
Ufull_v8_300p100,s2,65,0.76939,0.47561,0.84511,0.72128
Ufull_v8_300p100,s2,66,0.76068,0.46867,0.83998,0.70669
Ufull_v8_300p100,s2,67,0.75237,0.46704,0.83088,0.71028
Ufull_v8_300p100,s2,68,0.76122,0.4674,0.85722,0.72035
Ufull_v8_300p100,s2,69,0.77517,0.47674,0.81158,0.75511
Ufull_v8_300p100,s2,70,0.76255,0.47622,0.85559,0.71098
Ufull_v8_300p100,s2,71,0.76441,0.47835,0.84749,0.71852
Ufull_v8_300p100,s2,72,0.77472,0.47696,0.85864,0.74296
Ufull_v8_300p100,s2,73,0.75992,0.47411,0.81438,0.73856
Ufull_v8_300p100,s2,74,0.76421,0.46677,0.81786,0.73601
Ufull_v8_300p100,s2,75,0.7629,0.47041,0.82353,0.73144
Ufull_v8_300p100,s2,76,0.77094,0.47965,0.87771,0.70583
Ufull_v8_300p100,s2,77,0.76937,0.47435,0.82057,0.74572
Ufull_v8_300p100,s2,78,0.7687,0.47389,0.81373,0.75903
Ufull_v8_300p100,s2,79,0.76421,0.47069,0.79902,0.74963
Ufull_v8_300p100,s2,80,0.77237,0.47322,0.82092,0.73491
Ufull_v8_300p100,s2,81,0.76388,0.46803,0.8066,0.74292
Ufull_v8_300p100,s2,82,0.76733,0.46939,0.85754,0.71836
Ufull_v8_300p100,s2,83,0.76253,0.4671,0.8149,0.74016
Ufull_v8_300p100,s2,84,0.75684,0.47196,0.8347,0.72698
Ufull_v8_300p100,s2,85,0.76183,0.46994,0.81255,0.74421
Ufull_v8_300p100,s2,86,0.75927,0.474,0.81388,0.72656
Ufull_v8_300p100,s2,87,0.76317,0.47241,0.83483,0.71961
Ufull_v8_300p100,s2,88,0.77243,0.47635,0.81656,0.7465
Ufull_v8_300p100,s2,89,0.77328,0.47554,0.86496,0.7074
Ufull_v8_300p100,s2,90,0.76694,0.47867,0.86353,0.71395
Ufull_v8_300p100,s2,91,0.76924,0.47336,0.83691,0.72488
Ufull_v8_300p100,s2,92,0.76408,0.46976,0.85447,0.70177
Ufull_v8_300p100,s2,93,0.76908,0.46852,0.80233,0.75589
Ufull_v8_300p100,s2,94,0.7617,0.46973,0.80564,0.73168
Ufull_v8_300p100,s2,95,0.77037,0.47562,0.83589,0.7318
Ufull_v8_300p100,s2,96,0.76272,0.466,0.7907,0.74918
Ufull_v8_300p100,s2,97,0.76566,0.47514,0.83172,0.73671
Ufull_v8_300p100,s2,98,0.76491,0.47495,0.81049,0.74252
Ufull_v8_300p100,s2,99,0.76421,0.47147,0.81888,0.74036
Ufull_v8_300p100,s2,100,0.76404,0.47106,0.8197,0.74917
Uto_v11_150p100,s1,1,0.0259,0.00931,0.00382,0.18793
Uto_v11_150p100,s1,2,0.09316,0.03617,0.62301,0.11871
Uto_v11_150p100,s1,3,0.05433,0.02124,0.37656,0.11807
Uto_v11_150p100,s1,4,0.11765,0.04067,0.18725,0.19014
Uto_v11_150p100,s1,5,0.19366,0.07845,0.53109,0.22953
Uto_v11_150p100,s1,6,0.22496,0.08649,0.34034,0.22654
Uto_v11_150p100,s1,7,0.26369,0.11011,0.37319,0.31185
Uto_v11_150p100,s1,8,0.2598,0.10885,0.44797,0.30372
Uto_v11_150p100,s1,9,0.27239,0.1187,0.41759,0.29061
Uto_v11_150p100,s1,10,0.28262,0.12453,0.47584,0.25704
Uto_v11_150p100,s1,11,0.29958,0.13189,0.43205,0.35735
Uto_v11_150p100,s1,12,0.30723,0.14499,0.40421,0.30428
Uto_v11_150p100,s1,13,0.35318,0.1647,0.50229,0.3858
Uto_v11_150p100,s1,14,0.38486,0.1695,0.49218,0.37939
Uto_v11_150p100,s1,15,0.38323,0.17515,0.46986,0.39221
Uto_v11_150p100,s1,16,0.42746,0.20512,0.64608,0.3713
Uto_v11_150p100,s1,17,0.39192,0.18816,0.51378,0.41558
Uto_v11_150p100,s1,18,0.42938,0.20808,0.64227,0.38568
Uto_v11_150p100,s1,19,0.41301,0.19087,0.55495,0.40127
Uto_v11_150p100,s1,20,0.43253,0.20585,0.46497,0.43633
Uto_v11_150p100,s1,21,0.43491,0.20539,0.46155,0.45258
Uto_v11_150p100,s1,22,0.38191,0.18189,0.53165,0.36504
Uto_v11_150p100,s1,23,0.49807,0.24198,0.62768,0.45694
Uto_v11_150p100,s1,24,0.42667,0.20516,0.55793,0.4314
Uto_v11_150p100,s1,25,0.49439,0.24202,0.6097,0.48817
Uto_v11_150p100,s1,26,0.49399,0.24578,0.54638,0.4932
Uto_v11_150p100,s1,27,0.4931,0.24738,0.6326,0.46697
Uto_v11_150p100,s1,28,0.49561,0.23642,0.60755,0.4814
Uto_v11_150p100,s1,29,0.5108,0.2471,0.63165,0.4721
Uto_v11_150p100,s1,30,0.51502,0.26335,0.67994,0.47983
Uto_v11_150p100,s1,31,0.51602,0.25879,0.54445,0.50962
Uto_v11_150p100,s1,32,0.52554,0.27419,0.63421,0.489
Uto_v11_150p100,s1,33,0.51983,0.24727,0.65945,0.47735
Uto_v11_150p100,s1,34,0.53024,0.2679,0.6556,0.49186
Uto_v11_150p100,s1,35,0.521,0.26773,0.66646,0.50153
Uto_v11_150p100,s1,36,0.53144,0.26619,0.64005,0.48475
Uto_v11_150p100,s1,37,0.53606,0.25737,0.64087,0.51963
Uto_v11_150p100,s1,38,0.54241,0.26293,0.64991,0.4993
Uto_v11_150p100,s1,39,0.54555,0.26413,0.61471,0.52225
Uto_v11_150p100,s1,40,0.5634,0.27964,0.65532,0.52927
Uto_v11_150p100,s1,41,0.572,0.29204,0.63617,0.52794
Uto_v11_150p100,s1,42,0.57178,0.29707,0.72017,0.51375
Uto_v11_150p100,s1,43,0.5449,0.26896,0.58989,0.53579
Uto_v11_150p100,s1,44,0.58513,0.29564,0.72352,0.52657
Uto_v11_150p100,s1,45,0.55833,0.291,0.65656,0.51824
Uto_v11_150p100,s1,46,0.60097,0.31606,0.70248,0.51452
Uto_v11_150p100,s1,47,0.58149,0.2959,0.70152,0.55836
Uto_v11_150p100,s1,48,0.57349,0.29022,0.64567,0.54174
Uto_v11_150p100,s1,49,0.56504,0.27765,0.68929,0.53107
Uto_v11_150p100,s1,50,0.57957,0.29945,0.68484,0.5376
Uto_v11_150p100,s1,51,0.58229,0.29832,0.6645,0.54365
Uto_v11_150p100,s1,52,0.57865,0.29794,0.66256,0.55775
Uto_v11_150p100,s1,53,0.54035,0.27402,0.62831,0.50028
Uto_v11_150p100,s1,54,0.57289,0.30474,0.72538,0.5218
Uto_v11_150p100,s1,55,0.5988,0.29718,0.64477,0.57297
Uto_v11_150p100,s1,56,0.59426,0.30652,0.67836,0.55689
Uto_v11_150p100,s1,57,0.59904,0.31398,0.64662,0.59043
Uto_v11_150p100,s1,58,0.60785,0.31575,0.76407,0.53144
Uto_v11_150p100,s1,59,0.61375,0.3172,0.63039,0.59485
Uto_v11_150p100,s1,60,0.60315,0.31507,0.74731,0.52814
Uto_v11_150p100,s1,61,0.63455,0.32345,0.73338,0.56754
Uto_v11_150p100,s1,62,0.63456,0.33554,0.6743,0.61076
Uto_v11_150p100,s1,63,0.62422,0.32614,0.71859,0.58828
Uto_v11_150p100,s1,64,0.64115,0.33622,0.7563,0.57259
Uto_v11_150p100,s1,65,0.62794,0.32125,0.72346,0.57359
Uto_v11_150p100,s1,66,0.58938,0.31291,0.66484,0.58014
Uto_v11_150p100,s1,67,0.60907,0.32473,0.69156,0.57561
Uto_v11_150p100,s1,68,0.60926,0.32193,0.70145,0.55134
Uto_v11_150p100,s1,69,0.63325,0.33865,0.72565,0.58775
Uto_v11_150p100,s1,70,0.62841,0.33315,0.72437,0.57523
Uto_v11_150p100,s1,71,0.63302,0.32786,0.68485,0.59417
Uto_v11_150p100,s1,72,0.63258,0.34122,0.67616,0.58845
Uto_v11_150p100,s1,73,0.6441,0.33918,0.73032,0.59091
Uto_v11_150p100,s1,74,0.62571,0.33837,0.74134,0.584
Uto_v11_150p100,s1,75,0.62108,0.34494,0.68983,0.58401
Uto_v11_150p100,s1,76,0.64795,0.34331,0.76092,0.59268
Uto_v11_150p100,s1,77,0.63648,0.32985,0.71047,0.58962
Uto_v11_150p100,s1,78,0.6502,0.34747,0.72603,0.60516
Uto_v11_150p100,s1,79,0.63591,0.33276,0.75377,0.5913
Uto_v11_150p100,s1,80,0.66041,0.35092,0.72768,0.60117
Uto_v11_150p100,s1,81,0.66936,0.35136,0.72346,0.63909
Uto_v11_150p100,s1,82,0.63331,0.34665,0.69906,0.60269
Uto_v11_150p100,s1,83,0.63573,0.34899,0.71708,0.58898
Uto_v11_150p100,s1,84,0.6535,0.35527,0.71572,0.6075
Uto_v11_150p100,s1,85,0.645,0.337,0.78425,0.55941
Uto_v11_150p100,s1,86,0.67553,0.35962,0.74759,0.63084
Uto_v11_150p100,s1,87,0.67861,0.36316,0.77281,0.61265
Uto_v11_150p100,s1,88,0.64644,0.34784,0.70744,0.59531
Uto_v11_150p100,s1,89,0.66132,0.35429,0.71433,0.62085
Uto_v11_150p100,s1,90,0.66174,0.35668,0.68395,0.63183
Uto_v11_150p100,s1,91,0.65747,0.35958,0.6961,0.63397
Uto_v11_150p100,s1,92,0.66238,0.35604,0.71302,0.62874
Uto_v11_150p100,s1,93,0.64458,0.35428,0.72054,0.60794
Uto_v11_150p100,s1,94,0.66274,0.36098,0.7751,0.61431
Uto_v11_150p100,s1,95,0.65949,0.36149,0.73563,0.61599
Uto_v11_150p100,s1,96,0.65511,0.35771,0.75109,0.61866
Uto_v11_150p100,s1,97,0.66134,0.35917,0.72618,0.60552
Uto_v11_150p100,s1,98,0.67035,0.35087,0.7275,0.638
Uto_v11_150p100,s1,99,0.66608,0.36584,0.76778,0.61409
Uto_v11_150p100,s1,100,0.67939,0.36758,0.73577,0.63751
Uto_v11_150p100,s1,101,0.67081,0.36726,0.75415,0.62392
Uto_v11_150p100,s1,102,0.67177,0.36814,0.74673,0.62561
Uto_v11_150p100,s1,103,0.66588,0.36002,0.68271,0.66277
Uto_v11_150p100,s1,104,0.68529,0.371,0.76114,0.6472
Uto_v11_150p100,s1,105,0.68043,0.36467,0.74967,0.62562
Uto_v11_150p100,s1,106,0.66119,0.36632,0.75352,0.60463
Uto_v11_150p100,s1,107,0.67395,0.37131,0.76358,0.62386
Uto_v11_150p100,s1,108,0.67382,0.3734,0.72772,0.64847
Uto_v11_150p100,s1,109,0.66664,0.36355,0.71128,0.66094
Uto_v11_150p100,s1,110,0.66718,0.36318,0.74146,0.65717
Uto_v11_150p100,s1,111,0.6694,0.3703,0.71587,0.64799
Uto_v11_150p100,s1,112,0.66928,0.37153,0.7111,0.66072
Uto_v11_150p100,s1,113,0.67698,0.36299,0.73147,0.66285
Uto_v11_150p100,s1,114,0.66168,0.3584,0.73805,0.63359
Uto_v11_150p100,s1,115,0.66745,0.36605,0.72222,0.63615
Uto_v11_150p100,s1,116,0.68798,0.37515,0.76201,0.64093
Uto_v11_150p100,s1,117,0.68175,0.36417,0.72774,0.65925
Uto_v11_150p100,s1,118,0.6908,0.37226,0.71268,0.64954
Uto_v11_150p100,s1,119,0.66935,0.36387,0.70946,0.65007
Uto_v11_150p100,s1,120,0.66908,0.36356,0.73527,0.64109
Uto_v11_150p100,s1,121,0.67394,0.37016,0.76869,0.63059
Uto_v11_150p100,s1,122,0.68993,0.38207,0.72491,0.66618
Uto_v11_150p100,s1,123,0.69296,0.38502,0.73282,0.66997
Uto_v11_150p100,s1,124,0.67895,0.36712,0.76141,0.62957
Uto_v11_150p100,s1,125,0.69808,0.37327,0.78774,0.63514
Uto_v11_150p100,s1,126,0.68396,0.37291,0.75213,0.64356
Uto_v11_150p100,s1,127,0.69831,0.37786,0.78568,0.6389
Uto_v11_150p100,s1,128,0.68371,0.37034,0.79085,0.62256
Uto_v11_150p100,s1,129,0.68076,0.37409,0.76257,0.64069
Uto_v11_150p100,s1,130,0.68962,0.37622,0.75746,0.65784
Uto_v11_150p100,s1,131,0.68101,0.3767,0.76828,0.63483
Uto_v11_150p100,s1,132,0.67946,0.37715,0.79522,0.63326
Uto_v11_150p100,s1,133,0.67973,0.38133,0.76415,0.63535
Uto_v11_150p100,s1,134,0.68287,0.37789,0.76884,0.62434
Uto_v11_150p100,s1,135,0.68701,0.38049,0.76415,0.65009
Uto_v11_150p100,s1,136,0.67956,0.37887,0.74716,0.63553
Uto_v11_150p100,s1,137,0.67855,0.37319,0.76973,0.62821
Uto_v11_150p100,s1,138,0.67066,0.37231,0.74638,0.64521
Uto_v11_150p100,s1,139,0.68392,0.3696,0.77934,0.63338
Uto_v11_150p100,s1,140,0.6825,0.37378,0.7538,0.63925
Uto_v11_150p100,s1,141,0.68868,0.37042,0.76345,0.64561
Uto_v11_150p100,s1,142,0.68429,0.37355,0.78204,0.63662
Uto_v11_150p100,s1,143,0.68336,0.37441,0.77155,0.64079
Uto_v11_150p100,s1,144,0.67701,0.37655,0.73731,0.64563
Uto_v11_150p100,s1,145,0.68476,0.3762,0.7247,0.65676
Uto_v11_150p100,s1,146,0.68282,0.3762,0.77144,0.62827
Uto_v11_150p100,s1,147,0.67969,0.37757,0.73252,0.66092
Uto_v11_150p100,s1,148,0.68123,0.37578,0.75542,0.64584
Uto_v11_150p100,s1,149,0.67919,0.37281,0.74655,0.65055
Uto_v11_150p100,s1,150,0.68076,0.37478,0.7353,0.66104
Uto_v11_150p100,s2,1,0.68716,0.38044,0.79791,0.62679
Uto_v11_150p100,s2,2,0.67467,0.36951,0.70254,0.67135
Uto_v11_150p100,s2,3,0.67693,0.36703,0.74027,0.63372
Uto_v11_150p100,s2,4,0.65984,0.35499,0.71497,0.63669
Uto_v11_150p100,s2,5,0.67912,0.35492,0.76269,0.64475
Uto_v11_150p100,s2,6,0.64539,0.35305,0.75905,0.61278
Uto_v11_150p100,s2,7,0.6656,0.35619,0.7791,0.60583
Uto_v11_150p100,s2,8,0.66652,0.35894,0.77755,0.61452
Uto_v11_150p100,s2,9,0.66826,0.35384,0.72558,0.63581
Uto_v11_150p100,s2,10,0.67068,0.36014,0.72112,0.67167
Uto_v11_150p100,s2,11,0.67261,0.34899,0.73874,0.62823
Uto_v11_150p100,s2,12,0.66661,0.34908,0.78012,0.62091
Uto_v11_150p100,s2,13,0.66274,0.36078,0.7523,0.62812
Uto_v11_150p100,s2,14,0.66213,0.34973,0.78139,0.62015
Uto_v11_150p100,s2,15,0.67775,0.3674,0.72935,0.66023
Uto_v11_150p100,s2,16,0.66616,0.35215,0.74512,0.60886
Uto_v11_150p100,s2,17,0.6595,0.35966,0.66838,0.64324
Uto_v11_150p100,s2,18,0.66277,0.34976,0.77295,0.61753
Uto_v11_150p100,s2,19,0.64469,0.35101,0.78582,0.58449
Uto_v11_150p100,s2,20,0.65366,0.34942,0.74799,0.62842
Uto_v11_150p100,s2,21,0.67096,0.35991,0.74352,0.63811
Uto_v11_150p100,s2,22,0.67298,0.36202,0.78343,0.62192
Uto_v11_150p100,s2,23,0.68647,0.37182,0.72912,0.65747
Uto_v11_150p100,s2,24,0.65144,0.35128,0.75418,0.60603
Uto_v11_150p100,s2,25,0.67404,0.36323,0.75658,0.61133
Uto_v11_150p100,s2,26,0.67601,0.35976,0.76697,0.61372
Uto_v11_150p100,s2,27,0.65563,0.36037,0.78184,0.60101
Uto_v11_150p100,s2,28,0.67149,0.35997,0.75782,0.61826
Uto_v11_150p100,s2,29,0.66291,0.34867,0.76317,0.61161
Uto_v11_150p100,s2,30,0.67306,0.36869,0.7983,0.60142
Uto_v11_150p100,s2,31,0.67423,0.37385,0.71743,0.66612
Uto_v11_150p100,s2,32,0.66041,0.36316,0.72181,0.62449
Uto_v11_150p100,s2,33,0.68569,0.36699,0.78961,0.62587
Uto_v11_150p100,s2,34,0.67379,0.36759,0.75084,0.62069
Uto_v11_150p100,s2,35,0.67947,0.36705,0.68031,0.66101
Uto_v11_150p100,s2,36,0.66503,0.35951,0.76497,0.60302
Uto_v11_150p100,s2,37,0.67208,0.36438,0.76821,0.63281
Uto_v11_150p100,s2,38,0.67383,0.36807,0.71488,0.63522
Uto_v11_150p100,s2,39,0.68135,0.371,0.79005,0.61535
Uto_v11_150p100,s2,40,0.66807,0.35746,0.744,0.63013
Uto_v11_150p100,s2,41,0.68812,0.37096,0.74859,0.66121
Uto_v11_150p100,s2,42,0.68164,0.37026,0.76383,0.66034
Uto_v11_150p100,s2,43,0.69968,0.36703,0.77946,0.64915
Uto_v11_150p100,s2,44,0.68917,0.38348,0.80322,0.62044
Uto_v11_150p100,s2,45,0.69062,0.37368,0.77657,0.64525
Uto_v11_150p100,s2,46,0.69528,0.37857,0.77648,0.62495
Uto_v11_150p100,s2,47,0.6924,0.38025,0.7592,0.64975
Uto_v11_150p100,s2,48,0.68194,0.36836,0.76385,0.63655
Uto_v11_150p100,s2,49,0.69355,0.36547,0.77924,0.64374
Uto_v11_150p100,s2,50,0.68222,0.37322,0.76379,0.64151
Uto_v11_150p100,s2,51,0.67768,0.36888,0.72375,0.66733
Uto_v11_150p100,s2,52,0.68012,0.36781,0.73871,0.65451
Uto_v11_150p100,s2,53,0.69354,0.37026,0.7457,0.66335
Uto_v11_150p100,s2,54,0.67824,0.36969,0.78987,0.61377
Uto_v11_150p100,s2,55,0.68345,0.36266,0.73047,0.66767
Uto_v11_150p100,s2,56,0.6799,0.37443,0.73883,0.64768
Uto_v11_150p100,s2,57,0.67745,0.37681,0.76508,0.64155
Uto_v11_150p100,s2,58,0.69561,0.38492,0.78343,0.64618
Uto_v11_150p100,s2,59,0.6918,0.37411,0.77623,0.64402
Uto_v11_150p100,s2,60,0.68652,0.3722,0.78018,0.6122
Uto_v11_150p100,s2,61,0.6863,0.36728,0.75634,0.6487
Uto_v11_150p100,s2,62,0.69071,0.37705,0.73388,0.65945
Uto_v11_150p100,s2,63,0.70213,0.38279,0.75445,0.67736
Uto_v11_150p100,s2,64,0.70285,0.38304,0.75677,0.65385
Uto_v11_150p100,s2,65,0.68784,0.37581,0.75135,0.66189
Uto_v11_150p100,s2,66,0.70093,0.38013,0.78438,0.66317
Uto_v11_150p100,s2,67,0.69968,0.38321,0.81075,0.62676
Uto_v11_150p100,s2,68,0.69268,0.37954,0.76913,0.64598
Uto_v11_150p100,s2,69,0.68908,0.37754,0.80236,0.60727
Uto_v11_150p100,s2,70,0.70301,0.39037,0.79908,0.63048
Uto_v11_150p100,s2,71,0.70682,0.38398,0.79244,0.66803
Uto_v11_150p100,s2,72,0.69499,0.37651,0.79591,0.63888
Uto_v11_150p100,s2,73,0.69583,0.38402,0.80352,0.64199
Uto_v11_150p100,s2,74,0.70209,0.38672,0.79511,0.66952
Uto_v11_150p100,s2,75,0.68587,0.37004,0.77561,0.65225
Uto_v11_150p100,s2,76,0.71168,0.38923,0.82774,0.65923
Uto_v11_150p100,s2,77,0.68737,0.38622,0.78208,0.64523
Uto_v11_150p100,s2,78,0.70465,0.38343,0.79346,0.66502
Uto_v11_150p100,s2,79,0.69473,0.3801,0.82843,0.61974
Uto_v11_150p100,s2,80,0.6938,0.37985,0.80995,0.64562
Uto_v11_150p100,s2,81,0.70112,0.38581,0.76732,0.66081
Uto_v11_150p100,s2,82,0.69444,0.37779,0.78705,0.66069
Uto_v11_150p100,s2,83,0.70166,0.3921,0.77347,0.6668
Uto_v11_150p100,s2,84,0.71138,0.38534,0.80764,0.65301
Uto_v11_150p100,s2,85,0.70846,0.38176,0.76238,0.65232
Uto_v11_150p100,s2,86,0.7001,0.38718,0.79502,0.65756
Uto_v11_150p100,s2,87,0.7146,0.39023,0.79636,0.63967
Uto_v11_150p100,s2,88,0.72189,0.39366,0.77472,0.68452
Uto_v11_150p100,s2,89,0.71441,0.39073,0.74135,0.65926
Uto_v11_150p100,s2,90,0.70598,0.38642,0.78308,0.6246
Uto_v11_150p100,s2,91,0.69188,0.37349,0.73894,0.64908
Uto_v11_150p100,s2,92,0.6856,0.37611,0.77466,0.64552
Uto_v11_150p100,s2,93,0.70181,0.3799,0.83213,0.61524
Uto_v11_150p100,s2,94,0.69884,0.3784,0.77205,0.65653
Uto_v11_150p100,s2,95,0.68155,0.3735,0.79629,0.60458
Uto_v11_150p100,s2,96,0.69245,0.3818,0.76587,0.62916
Uto_v11_150p100,s2,97,0.70493,0.38627,0.76979,0.64599
Uto_v11_150p100,s2,98,0.69889,0.38275,0.77675,0.63575
Uto_v11_150p100,s2,99,0.70649,0.38516,0.82369,0.61669
Uto_v11_150p100,s2,100,0.70247,0.38629,0.8177,0.63276
Uto_v11_300p100,s1,1,0.0259,0.00931,0.00382,0.18793
Uto_v11_300p100,s1,2,0.07631,0.03163,0.64926,0.09713
Uto_v11_300p100,s1,3,0.08184,0.0289,0.57043,0.07973
Uto_v11_300p100,s1,4,0.11211,0.03731,0.17255,0.1839
Uto_v11_300p100,s1,5,0.1471,0.05444,0.35194,0.26473
Uto_v11_300p100,s1,6,0.24909,0.09248,0.42359,0.26285
Uto_v11_300p100,s1,7,0.20055,0.08626,0.38135,0.22726
Uto_v11_300p100,s1,8,0.26733,0.10274,0.31941,0.37604
Uto_v11_300p100,s1,9,0.28526,0.12674,0.35145,0.33592
Uto_v11_300p100,s1,10,0.2631,0.11339,0.33746,0.30398
Uto_v11_300p100,s1,11,0.2764,0.11618,0.42277,0.31148
Uto_v11_300p100,s1,12,0.3647,0.17485,0.53606,0.38407
Uto_v11_300p100,s1,13,0.33425,0.15605,0.55148,0.30118
Uto_v11_300p100,s1,14,0.36785,0.17319,0.55811,0.33592
Uto_v11_300p100,s1,15,0.27414,0.12336,0.48237,0.2963
Uto_v11_300p100,s1,16,0.36778,0.16386,0.58002,0.37491
Uto_v11_300p100,s1,17,0.37047,0.16658,0.46488,0.409
Uto_v11_300p100,s1,18,0.40749,0.19834,0.57594,0.41235
Uto_v11_300p100,s1,19,0.40496,0.19053,0.62012,0.36378
Uto_v11_300p100,s1,20,0.39967,0.16963,0.51554,0.38813
Uto_v11_300p100,s1,21,0.40252,0.1929,0.44755,0.41908
Uto_v11_300p100,s1,22,0.45051,0.21141,0.60582,0.43997
Uto_v11_300p100,s1,23,0.45014,0.22288,0.7407,0.40495
Uto_v11_300p100,s1,24,0.44232,0.21055,0.62257,0.44723
Uto_v11_300p100,s1,25,0.46811,0.23838,0.58441,0.42791
Uto_v11_300p100,s1,26,0.48438,0.23933,0.65679,0.46887
Uto_v11_300p100,s1,27,0.46742,0.22482,0.60245,0.44579
Uto_v11_300p100,s1,28,0.46041,0.23228,0.57046,0.44271
Uto_v11_300p100,s1,29,0.53788,0.26761,0.67399,0.52313
Uto_v11_300p100,s1,30,0.49609,0.24931,0.62916,0.44665
Uto_v11_300p100,s1,31,0.5097,0.25716,0.61528,0.49784
Uto_v11_300p100,s1,32,0.51603,0.26449,0.62873,0.51237
Uto_v11_300p100,s1,33,0.50949,0.25096,0.5948,0.52328
Uto_v11_300p100,s1,34,0.53999,0.26325,0.64605,0.50492
Uto_v11_300p100,s1,35,0.49146,0.24442,0.59875,0.48825
Uto_v11_300p100,s1,36,0.54413,0.26609,0.63692,0.54773
Uto_v11_300p100,s1,37,0.53076,0.25231,0.66058,0.51343
Uto_v11_300p100,s1,38,0.57376,0.26726,0.62473,0.56731
Uto_v11_300p100,s1,39,0.53796,0.25915,0.61337,0.52532
Uto_v11_300p100,s1,40,0.54584,0.28114,0.67764,0.50381
Uto_v11_300p100,s1,41,0.56863,0.27833,0.70204,0.50933
Uto_v11_300p100,s1,42,0.54399,0.27017,0.70484,0.48715
Uto_v11_300p100,s1,43,0.54086,0.26256,0.62945,0.52261
Uto_v11_300p100,s1,44,0.57048,0.28806,0.67907,0.51194
Uto_v11_300p100,s1,45,0.54615,0.27382,0.58026,0.55306
Uto_v11_300p100,s1,46,0.55742,0.2805,0.65343,0.52091
Uto_v11_300p100,s1,47,0.5279,0.26034,0.68534,0.49242
Uto_v11_300p100,s1,48,0.54685,0.26898,0.58214,0.55428
Uto_v11_300p100,s1,49,0.56367,0.29069,0.68568,0.52414
Uto_v11_300p100,s1,50,0.52173,0.25457,0.65172,0.49708
Uto_v11_300p100,s1,51,0.55407,0.28421,0.67041,0.52615
Uto_v11_300p100,s1,52,0.58743,0.30634,0.71955,0.52019
Uto_v11_300p100,s1,53,0.58459,0.30083,0.66769,0.56707
Uto_v11_300p100,s1,54,0.55342,0.27989,0.69807,0.51641
Uto_v11_300p100,s1,55,0.60119,0.30169,0.73298,0.52238
Uto_v11_300p100,s1,56,0.61157,0.31057,0.63386,0.59898
Uto_v11_300p100,s1,57,0.59385,0.31696,0.646,0.57635
Uto_v11_300p100,s1,58,0.59736,0.30695,0.71083,0.54606
Uto_v11_300p100,s1,59,0.59142,0.30236,0.62382,0.5898
Uto_v11_300p100,s1,60,0.60505,0.31746,0.69246,0.57011
Uto_v11_300p100,s1,61,0.60021,0.3154,0.67199,0.56054
Uto_v11_300p100,s1,62,0.6501,0.32877,0.72683,0.58524
Uto_v11_300p100,s1,63,0.62079,0.32916,0.68111,0.58381
Uto_v11_300p100,s1,64,0.60813,0.31228,0.6569,0.54846
Uto_v11_300p100,s1,65,0.58209,0.30502,0.65667,0.54466
Uto_v11_300p100,s1,66,0.5742,0.30333,0.66282,0.53739
Uto_v11_300p100,s1,67,0.58392,0.31178,0.63714,0.53349
Uto_v11_300p100,s1,68,0.59361,0.31239,0.65841,0.58072
Uto_v11_300p100,s1,69,0.62408,0.32542,0.67515,0.58876
Uto_v11_300p100,s1,70,0.62913,0.32151,0.70198,0.58298
Uto_v11_300p100,s1,71,0.64181,0.32285,0.69821,0.61462
Uto_v11_300p100,s1,72,0.61976,0.34309,0.69477,0.59727
Uto_v11_300p100,s1,73,0.65711,0.33694,0.70335,0.61763
Uto_v11_300p100,s1,74,0.64696,0.34346,0.71722,0.61473
Uto_v11_300p100,s1,75,0.65895,0.35594,0.77554,0.56933
Uto_v11_300p100,s1,76,0.64009,0.33505,0.74745,0.58507
Uto_v11_300p100,s1,77,0.62797,0.31835,0.79309,0.54095
Uto_v11_300p100,s1,78,0.59861,0.31691,0.67574,0.59868
Uto_v11_300p100,s1,79,0.62408,0.32965,0.68664,0.58621
Uto_v11_300p100,s1,80,0.63588,0.32488,0.70511,0.61669
Uto_v11_300p100,s1,81,0.62807,0.32422,0.69461,0.61072
Uto_v11_300p100,s1,82,0.6099,0.31773,0.71992,0.54384
Uto_v11_300p100,s1,83,0.65224,0.3318,0.68938,0.63359
Uto_v11_300p100,s1,84,0.64549,0.33855,0.68262,0.61641
Uto_v11_300p100,s1,85,0.64752,0.33806,0.74478,0.60344
Uto_v11_300p100,s1,86,0.62887,0.32603,0.6914,0.58896
Uto_v11_300p100,s1,87,0.66156,0.32816,0.78083,0.57828
Uto_v11_300p100,s1,88,0.62968,0.3318,0.68815,0.6009
Uto_v11_300p100,s1,89,0.63807,0.3373,0.74719,0.5695
Uto_v11_300p100,s1,90,0.63916,0.33867,0.7537,0.59152
Uto_v11_300p100,s1,91,0.65372,0.34237,0.69285,0.61421
Uto_v11_300p100,s1,92,0.66732,0.34458,0.70976,0.64113
Uto_v11_300p100,s1,93,0.63948,0.33214,0.68086,0.62487
Uto_v11_300p100,s1,94,0.65128,0.33815,0.70203,0.62206
Uto_v11_300p100,s1,95,0.64578,0.34516,0.72702,0.60075
Uto_v11_300p100,s1,96,0.64883,0.33861,0.70076,0.59547
Uto_v11_300p100,s1,97,0.63581,0.35145,0.68656,0.61553
Uto_v11_300p100,s1,98,0.65943,0.34929,0.67624,0.65043
Uto_v11_300p100,s1,99,0.64214,0.34274,0.73232,0.60989
Uto_v11_300p100,s1,100,0.65843,0.35206,0.75758,0.57993
Uto_v11_300p100,s1,101,0.66019,0.355,0.7068,0.6404
Uto_v11_300p100,s1,102,0.65074,0.34047,0.71466,0.6226
Uto_v11_300p100,s1,103,0.66299,0.36378,0.75432,0.61159
Uto_v11_300p100,s1,104,0.6444,0.35379,0.68423,0.61073
Uto_v11_300p100,s1,105,0.65292,0.35571,0.72666,0.61184
Uto_v11_300p100,s1,106,0.66529,0.36172,0.71282,0.62333
Uto_v11_300p100,s1,107,0.65398,0.34844,0.72231,0.61866
Uto_v11_300p100,s1,108,0.65067,0.35424,0.70674,0.59483
Uto_v11_300p100,s1,109,0.65485,0.34589,0.7094,0.61952
Uto_v11_300p100,s1,110,0.66054,0.35304,0.76475,0.61647
Uto_v11_300p100,s1,111,0.6471,0.35407,0.73122,0.5899
Uto_v11_300p100,s1,112,0.6503,0.34834,0.74565,0.59405
Uto_v11_300p100,s1,113,0.6691,0.35802,0.76644,0.6196
Uto_v11_300p100,s1,114,0.65245,0.34773,0.72837,0.5945
Uto_v11_300p100,s1,115,0.67483,0.36171,0.74352,0.63953
Uto_v11_300p100,s1,116,0.64974,0.34819,0.69684,0.62677
Uto_v11_300p100,s1,117,0.64793,0.34137,0.71427,0.6156
Uto_v11_300p100,s1,118,0.66056,0.35838,0.74962,0.61482
Uto_v11_300p100,s1,119,0.66413,0.35631,0.73512,0.60557
Uto_v11_300p100,s1,120,0.63781,0.34798,0.70448,0.6213
Uto_v11_300p100,s1,121,0.64806,0.34913,0.67868,0.62869
Uto_v11_300p100,s1,122,0.65814,0.36255,0.75519,0.62113
Uto_v11_300p100,s1,123,0.67501,0.37152,0.72616,0.6448
Uto_v11_300p100,s1,124,0.66398,0.35504,0.74358,0.61054
Uto_v11_300p100,s1,125,0.66062,0.35199,0.73653,0.59702
Uto_v11_300p100,s1,126,0.66269,0.35715,0.76835,0.60149
Uto_v11_300p100,s1,127,0.66912,0.36099,0.74386,0.62834
Uto_v11_300p100,s1,128,0.67031,0.36507,0.732,0.62619
Uto_v11_300p100,s1,129,0.67561,0.36341,0.72938,0.63841
Uto_v11_300p100,s1,130,0.68379,0.37231,0.71585,0.64717
Uto_v11_300p100,s1,131,0.67319,0.37342,0.77695,0.60399
Uto_v11_300p100,s1,132,0.65625,0.36317,0.75159,0.61687
Uto_v11_300p100,s1,133,0.656,0.35838,0.73721,0.63268
Uto_v11_300p100,s1,134,0.6725,0.36334,0.7834,0.60644
Uto_v11_300p100,s1,135,0.68156,0.37369,0.77716,0.63235
Uto_v11_300p100,s1,136,0.67439,0.3692,0.75074,0.64519
Uto_v11_300p100,s1,137,0.67767,0.36748,0.74051,0.63535
Uto_v11_300p100,s1,138,0.65391,0.35475,0.73089,0.62107
Uto_v11_300p100,s1,139,0.67151,0.36552,0.72882,0.6302
Uto_v11_300p100,s1,140,0.6699,0.36167,0.72929,0.6252
Uto_v11_300p100,s1,141,0.65644,0.3605,0.76028,0.60335
Uto_v11_300p100,s1,142,0.66912,0.36253,0.73526,0.64217
Uto_v11_300p100,s1,143,0.67951,0.36417,0.75751,0.63346
Uto_v11_300p100,s1,144,0.67889,0.36484,0.72207,0.64262
Uto_v11_300p100,s1,145,0.67397,0.36713,0.73186,0.64997
Uto_v11_300p100,s1,146,0.66188,0.35511,0.77877,0.60896
Uto_v11_300p100,s1,147,0.67671,0.36172,0.74574,0.62786
Uto_v11_300p100,s1,148,0.66973,0.36418,0.75195,0.62465
Uto_v11_300p100,s1,149,0.66487,0.36201,0.76669,0.59619
Uto_v11_300p100,s1,150,0.67249,0.36781,0.74145,0.64977
Uto_v11_300p100,s1,151,0.67144,0.37037,0.75706,0.64433
Uto_v11_300p100,s1,152,0.67084,0.36932,0.75851,0.63537
Uto_v11_300p100,s1,153,0.67244,0.36724,0.7536,0.64082
Uto_v11_300p100,s1,154,0.68898,0.37357,0.7805,0.63599
Uto_v11_300p100,s1,155,0.69235,0.38069,0.82128,0.61717
Uto_v11_300p100,s1,156,0.67857,0.37291,0.75798,0.63314
Uto_v11_300p100,s1,157,0.68256,0.37547,0.7728,0.63637
Uto_v11_300p100,s1,158,0.68765,0.37898,0.7579,0.64563
Uto_v11_300p100,s1,159,0.68276,0.37374,0.76662,0.64625
Uto_v11_300p100,s1,160,0.68904,0.37875,0.76138,0.65284
Uto_v11_300p100,s1,161,0.68332,0.37958,0.80491,0.61576
Uto_v11_300p100,s1,162,0.69114,0.38011,0.78228,0.61492
Uto_v11_300p100,s1,163,0.67428,0.37611,0.73087,0.64138
Uto_v11_300p100,s1,164,0.67184,0.37533,0.75292,0.63782
Uto_v11_300p100,s1,165,0.68693,0.37987,0.80419,0.62571
Uto_v11_300p100,s1,166,0.68434,0.3828,0.77678,0.62243
Uto_v11_300p100,s1,167,0.69274,0.38405,0.79676,0.63176
Uto_v11_300p100,s1,168,0.68501,0.37836,0.73306,0.6639
Uto_v11_300p100,s1,169,0.68875,0.38148,0.76859,0.64792
Uto_v11_300p100,s1,170,0.68307,0.37677,0.75367,0.64954
Uto_v11_300p100,s1,171,0.69723,0.38259,0.75683,0.65808
Uto_v11_300p100,s1,172,0.69362,0.38471,0.76029,0.64648
Uto_v11_300p100,s1,173,0.69732,0.38518,0.76356,0.65
Uto_v11_300p100,s1,174,0.69298,0.38711,0.75876,0.65053
Uto_v11_300p100,s1,175,0.69379,0.38401,0.75073,0.64612
Uto_v11_300p100,s1,176,0.69631,0.39153,0.77634,0.64414
Uto_v11_300p100,s1,177,0.6981,0.38268,0.76015,0.66029
Uto_v11_300p100,s1,178,0.70342,0.39139,0.73908,0.66646
Uto_v11_300p100,s1,179,0.70957,0.39584,0.77981,0.65832
Uto_v11_300p100,s1,180,0.7049,0.39716,0.79661,0.64374
Uto_v11_300p100,s1,181,0.70623,0.39532,0.78009,0.66325
Uto_v11_300p100,s1,182,0.70935,0.39626,0.80056,0.66543
Uto_v11_300p100,s1,183,0.70727,0.39853,0.77289,0.68269
Uto_v11_300p100,s1,184,0.70775,0.39934,0.78196,0.66453
Uto_v11_300p100,s1,185,0.70893,0.39757,0.81019,0.64616
Uto_v11_300p100,s1,186,0.69975,0.39012,0.79222,0.65361
Uto_v11_300p100,s1,187,0.70096,0.38964,0.76727,0.6717
Uto_v11_300p100,s1,188,0.69609,0.38668,0.77127,0.67093
Uto_v11_300p100,s1,189,0.70033,0.3893,0.7809,0.65116
Uto_v11_300p100,s1,190,0.7035,0.39049,0.79316,0.65912
Uto_v11_300p100,s1,191,0.70388,0.39297,0.79181,0.66832
Uto_v11_300p100,s1,192,0.70971,0.3959,0.77247,0.67777
Uto_v11_300p100,s1,193,0.70611,0.39553,0.78141,0.68155
Uto_v11_300p100,s1,194,0.70691,0.39446,0.79752,0.66966
Uto_v11_300p100,s1,195,0.70526,0.39323,0.77972,0.67508
Uto_v11_300p100,s1,196,0.71011,0.39263,0.77883,0.68631
Uto_v11_300p100,s1,197,0.70523,0.38804,0.78024,0.6655
Uto_v11_300p100,s1,198,0.709,0.39186,0.80946,0.65022
Uto_v11_300p100,s1,199,0.71228,0.39119,0.81143,0.65324
Uto_v11_300p100,s1,200,0.70967,0.3907,0.77587,0.67247
Uto_v11_300p100,s1,201,0.71026,0.39022,0.80658,0.65745
Uto_v11_300p100,s1,202,0.71128,0.38416,0.79505,0.65352
Uto_v11_300p100,s1,203,0.71908,0.3852,0.81238,0.65905
Uto_v11_300p100,s1,204,0.71699,0.38675,0.82434,0.65429
Uto_v11_300p100,s1,205,0.72262,0.38887,0.81132,0.66409
Uto_v11_300p100,s1,206,0.71398,0.38717,0.80529,0.66294
Uto_v11_300p100,s1,207,0.71204,0.38697,0.78547,0.67461
Uto_v11_300p100,s1,208,0.70702,0.38775,0.77457,0.66455
Uto_v11_300p100,s1,209,0.70813,0.38651,0.79176,0.66493
Uto_v11_300p100,s1,210,0.71214,0.38667,0.82315,0.65365
Uto_v11_300p100,s1,211,0.70326,0.38668,0.80279,0.64532
Uto_v11_300p100,s1,212,0.70397,0.38566,0.78645,0.658
Uto_v11_300p100,s1,213,0.70509,0.38629,0.80274,0.65282
Uto_v11_300p100,s1,214,0.7055,0.38635,0.823,0.63846
Uto_v11_300p100,s1,215,0.70908,0.38442,0.78842,0.66804
Uto_v11_300p100,s1,216,0.70941,0.38686,0.80983,0.64432
Uto_v11_300p100,s1,217,0.70325,0.38782,0.76122,0.67471
Uto_v11_300p100,s1,218,0.7121,0.38801,0.80416,0.65754
Uto_v11_300p100,s1,219,0.71139,0.38869,0.79136,0.66514
Uto_v11_300p100,s1,220,0.71026,0.38869,0.79513,0.65785
Uto_v11_300p100,s1,221,0.70159,0.38595,0.7903,0.65313
Uto_v11_300p100,s1,222,0.71089,0.39119,0.79279,0.66437
Uto_v11_300p100,s1,223,0.70944,0.38779,0.77545,0.67043
Uto_v11_300p100,s1,224,0.71426,0.38939,0.80363,0.65146
Uto_v11_300p100,s1,225,0.70734,0.38977,0.77816,0.66268
Uto_v11_300p100,s1,226,0.70404,0.38821,0.82689,0.63193
Uto_v11_300p100,s1,227,0.71076,0.38854,0.77975,0.66295
Uto_v11_300p100,s1,228,0.70614,0.38947,0.83271,0.63339
Uto_v11_300p100,s1,229,0.70371,0.3888,0.8124,0.63761
Uto_v11_300p100,s1,230,0.71124,0.38862,0.79792,0.65272
Uto_v11_300p100,s1,231,0.70482,0.38519,0.82946,0.63869
Uto_v11_300p100,s1,232,0.71637,0.38732,0.83882,0.64385
Uto_v11_300p100,s1,233,0.71181,0.38753,0.83405,0.64625
Uto_v11_300p100,s1,234,0.71105,0.38849,0.81717,0.65213
Uto_v11_300p100,s1,235,0.71322,0.38668,0.8201,0.65109
Uto_v11_300p100,s1,236,0.70659,0.38872,0.80983,0.644
Uto_v11_300p100,s1,237,0.70674,0.38532,0.81957,0.63689
Uto_v11_300p100,s1,238,0.71004,0.38728,0.81536,0.64449
Uto_v11_300p100,s1,239,0.7098,0.38775,0.79983,0.65248
Uto_v11_300p100,s1,240,0.70821,0.38896,0.79141,0.65122
Uto_v11_300p100,s1,241,0.71474,0.39036,0.78837,0.66135
Uto_v11_300p100,s1,242,0.71578,0.39407,0.82308,0.64264
Uto_v11_300p100,s1,243,0.71638,0.3936,0.82145,0.64591
Uto_v11_300p100,s1,244,0.7147,0.39424,0.83471,0.63936
Uto_v11_300p100,s1,245,0.71539,0.39266,0.82859,0.6425
Uto_v11_300p100,s1,246,0.71345,0.39165,0.8145,0.64789
Uto_v11_300p100,s1,247,0.71629,0.39019,0.82514,0.65222
Uto_v11_300p100,s1,248,0.71664,0.39244,0.83115,0.65162
Uto_v11_300p100,s1,249,0.71342,0.39114,0.83082,0.64792
Uto_v11_300p100,s1,250,0.71173,0.39041,0.82691,0.64792
Uto_v11_300p100,s1,251,0.71326,0.38966,0.82758,0.64766
Uto_v11_300p100,s1,252,0.71818,0.39165,0.83825,0.65144
Uto_v11_300p100,s1,253,0.71759,0.39208,0.83746,0.65193
Uto_v11_300p100,s1,254,0.71489,0.39142,0.83305,0.64581
Uto_v11_300p100,s1,255,0.71578,0.39013,0.83814,0.64501
Uto_v11_300p100,s1,256,0.71151,0.39204,0.83709,0.64014
Uto_v11_300p100,s1,257,0.71469,0.39353,0.80758,0.64996
Uto_v11_300p100,s1,258,0.71549,0.39237,0.81393,0.65434
Uto_v11_300p100,s1,259,0.71915,0.39239,0.80503,0.65245
Uto_v11_300p100,s1,260,0.7201,0.39247,0.79321,0.66411
Uto_v11_300p100,s1,261,0.72055,0.39233,0.79531,0.66332
Uto_v11_300p100,s1,262,0.72135,0.39304,0.8146,0.65911
Uto_v11_300p100,s1,263,0.72295,0.39242,0.80132,0.66975
Uto_v11_300p100,s1,264,0.7188,0.39128,0.80052,0.6568
Uto_v11_300p100,s1,265,0.71623,0.3896,0.79397,0.65638
Uto_v11_300p100,s1,266,0.71621,0.38928,0.82428,0.64218
Uto_v11_300p100,s1,267,0.71553,0.38957,0.8111,0.65911
Uto_v11_300p100,s1,268,0.71631,0.38899,0.814,0.65804
Uto_v11_300p100,s1,269,0.71628,0.38942,0.82585,0.64687
Uto_v11_300p100,s1,270,0.71626,0.38962,0.81759,0.65264
Uto_v11_300p100,s1,271,0.7162,0.38927,0.7911,0.65931
Uto_v11_300p100,s1,272,0.72037,0.3898,0.81657,0.65326
Uto_v11_300p100,s1,273,0.71871,0.38985,0.82471,0.64609
Uto_v11_300p100,s1,274,0.71848,0.39116,0.82539,0.64533
Uto_v11_300p100,s1,275,0.71792,0.39215,0.83213,0.63761
Uto_v11_300p100,s1,276,0.71952,0.39207,0.83208,0.63759
Uto_v11_300p100,s1,277,0.717,0.39247,0.83549,0.63749
Uto_v11_300p100,s1,278,0.71635,0.39155,0.8365,0.63561
Uto_v11_300p100,s1,279,0.71657,0.39255,0.83988,0.63604
Uto_v11_300p100,s1,280,0.71727,0.39146,0.83012,0.64315
Uto_v11_300p100,s1,281,0.71846,0.39281,0.83549,0.64748
Uto_v11_300p100,s1,282,0.71803,0.39046,0.83429,0.64648
Uto_v11_300p100,s1,283,0.71856,0.38963,0.83363,0.64611
Uto_v11_300p100,s1,284,0.71795,0.39078,0.83505,0.64627
Uto_v11_300p100,s2,1,0.71371,0.40033,0.80812,0.65828
Uto_v11_300p100,s2,2,0.70036,0.38317,0.78877,0.65342
Uto_v11_300p100,s2,3,0.68983,0.38121,0.78723,0.64199
Uto_v11_300p100,s2,4,0.68363,0.3722,0.74581,0.6514
Uto_v11_300p100,s2,5,0.70103,0.37961,0.76017,0.64406
Uto_v11_300p100,s2,6,0.67367,0.36384,0.75167,0.64516
Uto_v11_300p100,s2,7,0.68212,0.35931,0.7581,0.64317
Uto_v11_300p100,s2,8,0.70307,0.37884,0.76234,0.67892
Uto_v11_300p100,s2,9,0.68556,0.36654,0.74295,0.65966
Uto_v11_300p100,s2,10,0.69503,0.37178,0.7525,0.64927
Uto_v11_300p100,s2,11,0.70482,0.3769,0.79635,0.66655
Uto_v11_300p100,s2,12,0.67586,0.36259,0.7509,0.64187
Uto_v11_300p100,s2,13,0.69097,0.3742,0.78453,0.64791
Uto_v11_300p100,s2,14,0.68439,0.36144,0.77511,0.63716
Uto_v11_300p100,s2,15,0.70911,0.37629,0.77355,0.65601
Uto_v11_300p100,s2,16,0.69535,0.37354,0.75146,0.67317
Uto_v11_300p100,s2,17,0.67971,0.35801,0.78327,0.62972
Uto_v11_300p100,s2,18,0.66917,0.35434,0.77429,0.61455
Uto_v11_300p100,s2,19,0.67408,0.35606,0.78386,0.61292
Uto_v11_300p100,s2,20,0.67686,0.36667,0.78308,0.61739
Uto_v11_300p100,s2,21,0.67339,0.36431,0.79298,0.64131
Uto_v11_300p100,s2,22,0.66264,0.36214,0.74504,0.63663
Uto_v11_300p100,s2,23,0.70385,0.3812,0.77785,0.65038
Uto_v11_300p100,s2,24,0.67426,0.3667,0.76581,0.61192
Uto_v11_300p100,s2,25,0.6949,0.38415,0.75878,0.66233
Uto_v11_300p100,s2,26,0.67811,0.37153,0.75005,0.65796
Uto_v11_300p100,s2,27,0.69505,0.3764,0.78156,0.65763
Uto_v11_300p100,s2,28,0.70389,0.37674,0.82296,0.63263
Uto_v11_300p100,s2,29,0.6871,0.36852,0.79555,0.63206
Uto_v11_300p100,s2,30,0.69621,0.37932,0.7649,0.66997
Uto_v11_300p100,s2,31,0.70051,0.38034,0.77811,0.66467
Uto_v11_300p100,s2,32,0.6803,0.37137,0.78636,0.64269
Uto_v11_300p100,s2,33,0.69502,0.38288,0.79204,0.65328
Uto_v11_300p100,s2,34,0.69953,0.37571,0.8246,0.60969
Uto_v11_300p100,s2,35,0.69016,0.37495,0.80926,0.62643
Uto_v11_300p100,s2,36,0.69573,0.3801,0.79569,0.65137
Uto_v11_300p100,s2,37,0.68914,0.36838,0.75994,0.65058
Uto_v11_300p100,s2,38,0.68565,0.36647,0.73706,0.65524
Uto_v11_300p100,s2,39,0.68726,0.3675,0.74752,0.67129
Uto_v11_300p100,s2,40,0.69529,0.37555,0.78866,0.64669
Uto_v11_300p100,s2,41,0.69905,0.37884,0.8273,0.64005
Uto_v11_300p100,s2,42,0.69827,0.38291,0.79575,0.64476
Uto_v11_300p100,s2,43,0.70593,0.37799,0.81455,0.6533
Uto_v11_300p100,s2,44,0.68833,0.37311,0.77968,0.65364
Uto_v11_300p100,s2,45,0.6916,0.37812,0.8218,0.64961
Uto_v11_300p100,s2,46,0.69392,0.36832,0.78178,0.64791
Uto_v11_300p100,s2,47,0.70367,0.3806,0.79186,0.64052
Uto_v11_300p100,s2,48,0.70504,0.38564,0.80611,0.64382
Uto_v11_300p100,s2,49,0.69604,0.3816,0.7858,0.6466
Uto_v11_300p100,s2,50,0.71212,0.38603,0.79894,0.6462
Uto_v11_300p100,s2,51,0.70888,0.37766,0.80628,0.65052
Uto_v11_300p100,s2,52,0.70401,0.38246,0.82351,0.62381
Uto_v11_300p100,s2,53,0.71052,0.38556,0.81915,0.64655
Uto_v11_300p100,s2,54,0.69169,0.38021,0.7649,0.67225
Uto_v11_300p100,s2,55,0.70464,0.38019,0.79355,0.66005
Uto_v11_300p100,s2,56,0.70644,0.39037,0.77805,0.66163
Uto_v11_300p100,s2,57,0.69804,0.38448,0.79283,0.64961
Uto_v11_300p100,s2,58,0.70096,0.38783,0.77065,0.65723
Uto_v11_300p100,s2,59,0.69647,0.38125,0.79235,0.64904
Uto_v11_300p100,s2,60,0.69181,0.38016,0.80561,0.64088
Uto_v11_300p100,s2,61,0.70421,0.38822,0.83179,0.63734
Uto_v11_300p100,s2,62,0.71004,0.38799,0.75732,0.68158
Uto_v11_300p100,s2,63,0.71069,0.38908,0.79888,0.64014
Uto_v11_300p100,s2,64,0.70771,0.38541,0.78101,0.65103
Uto_v11_300p100,s2,65,0.7106,0.39,0.78039,0.65528
Uto_v11_300p100,s2,66,0.69396,0.38248,0.80985,0.63932
Uto_v11_300p100,s2,67,0.70278,0.38482,0.79438,0.65503
Uto_v11_300p100,s2,68,0.70086,0.39012,0.78534,0.65225
Uto_v11_300p100,s2,69,0.69887,0.38618,0.80586,0.63745
Uto_v11_300p100,s2,70,0.69653,0.38439,0.79809,0.61355
Uto_v11_300p100,s2,71,0.70068,0.38865,0.79296,0.6456
Uto_v11_300p100,s2,72,0.70294,0.38516,0.80283,0.63718
Uto_v11_300p100,s2,73,0.70165,0.38973,0.79014,0.64493
Uto_v11_300p100,s2,74,0.70402,0.38476,0.78898,0.63539
Uto_v11_300p100,s2,75,0.6912,0.37701,0.78958,0.63293
Uto_v11_300p100,s2,76,0.68836,0.37471,0.75994,0.64961
Uto_v11_300p100,s2,77,0.69784,0.38296,0.78958,0.6173
Uto_v11_300p100,s2,78,0.69147,0.38792,0.7654,0.6399
Uto_v11_300p100,s2,79,0.70636,0.38745,0.80451,0.63224
Uto_v11_300p100,s2,80,0.70226,0.38918,0.79119,0.65085
Uto_v11_300p100,s2,81,0.7049,0.38109,0.81897,0.63405
Uto_v11_300p100,s2,82,0.69923,0.38077,0.80431,0.64014
Uto_v11_300p100,s2,83,0.70511,0.38544,0.80886,0.64111
Uto_v11_300p100,s2,84,0.7109,0.38544,0.80245,0.64139
Uto_v11_300p100,s2,85,0.71907,0.39099,0.81827,0.65672
Uto_v11_300p100,s2,86,0.71617,0.39111,0.78845,0.66229
Uto_v11_300p100,s2,87,0.7149,0.38799,0.78569,0.67365
Uto_v11_300p100,s2,88,0.70909,0.38406,0.79581,0.65825
Uto_v11_300p100,s2,89,0.71145,0.38879,0.79017,0.65574
Uto_v11_300p100,s2,90,0.71359,0.38587,0.79074,0.66939
Uto_v11_300p100,s2,91,0.70433,0.38522,0.77976,0.66091
Uto_v11_300p100,s2,92,0.70529,0.38076,0.76566,0.66165
Uto_v11_300p100,s2,93,0.69022,0.37665,0.75406,0.66074
Uto_v11_300p100,s2,94,0.71134,0.38387,0.8122,0.64364
Uto_v11_300p100,s2,95,0.71167,0.38645,0.82214,0.65108
Uto_v11_300p100,s2,96,0.70944,0.38613,0.78328,0.66128
Uto_v11_300p100,s2,97,0.71034,0.3837,0.78467,0.67117
Uto_v11_300p100,s2,98,0.70562,0.38241,0.78219,0.6558
Uto_v11_300p100,s2,99,0.70258,0.38197,0.80684,0.65643
Uto_v11_300p100,s2,100,0.69777,0.37958,0.78885,0.65147
Uto_v8_150p100,s1,1,0.04185,0.01723,0.00498,0.21968
Uto_v8_150p100,s1,2,0.08893,0.03946,0.7798,0.09026
Uto_v8_150p100,s1,3,0.07622,0.02656,0.27856,0.13993
Uto_v8_150p100,s1,4,0.1705,0.06142,0.33228,0.22031
Uto_v8_150p100,s1,5,0.16744,0.06123,0.34647,0.29967
Uto_v8_150p100,s1,6,0.26571,0.09951,0.38928,0.32423
Uto_v8_150p100,s1,7,0.24217,0.10282,0.51106,0.25526
Uto_v8_150p100,s1,8,0.33529,0.13672,0.49474,0.32878
Uto_v8_150p100,s1,9,0.31483,0.14083,0.38081,0.33469
Uto_v8_150p100,s1,10,0.30588,0.12806,0.45685,0.34632
Uto_v8_150p100,s1,11,0.34692,0.16584,0.50442,0.34596
Uto_v8_150p100,s1,12,0.37607,0.16839,0.59423,0.37395
Uto_v8_150p100,s1,13,0.38256,0.1803,0.4712,0.37661
Uto_v8_150p100,s1,14,0.42375,0.20666,0.57803,0.378
Uto_v8_150p100,s1,15,0.40688,0.19243,0.51633,0.41967
Uto_v8_150p100,s1,16,0.4182,0.20486,0.54253,0.44213
Uto_v8_150p100,s1,17,0.43061,0.20552,0.56099,0.40898
Uto_v8_150p100,s1,18,0.46424,0.23211,0.60672,0.44076
Uto_v8_150p100,s1,19,0.47775,0.2357,0.57395,0.46516
Uto_v8_150p100,s1,20,0.44413,0.2108,0.52931,0.45124
Uto_v8_150p100,s1,21,0.46572,0.2282,0.57957,0.47135
Uto_v8_150p100,s1,22,0.46461,0.21845,0.61627,0.44441
Uto_v8_150p100,s1,23,0.52948,0.26045,0.67528,0.4956
Uto_v8_150p100,s1,24,0.43431,0.21834,0.61519,0.41581
Uto_v8_150p100,s1,25,0.47424,0.22257,0.57593,0.47973
Uto_v8_150p100,s1,26,0.52339,0.25196,0.59972,0.52123
Uto_v8_150p100,s1,27,0.49756,0.25262,0.56559,0.49595
Uto_v8_150p100,s1,28,0.50793,0.26953,0.63964,0.50509
Uto_v8_150p100,s1,29,0.51936,0.24949,0.64672,0.4991
Uto_v8_150p100,s1,30,0.52094,0.26467,0.60448,0.49099
Uto_v8_150p100,s1,31,0.53709,0.27939,0.65646,0.49996
Uto_v8_150p100,s1,32,0.56128,0.27948,0.66339,0.52749
Uto_v8_150p100,s1,33,0.52609,0.26405,0.63603,0.50462
Uto_v8_150p100,s1,34,0.53013,0.26077,0.66202,0.47548
Uto_v8_150p100,s1,35,0.53502,0.26691,0.67003,0.46942
Uto_v8_150p100,s1,36,0.56747,0.27579,0.65872,0.5367
Uto_v8_150p100,s1,37,0.56814,0.28996,0.68995,0.50864
Uto_v8_150p100,s1,38,0.56743,0.28354,0.65855,0.52848
Uto_v8_150p100,s1,39,0.57596,0.2933,0.6451,0.58006
Uto_v8_150p100,s1,40,0.54711,0.2848,0.5828,0.54361
Uto_v8_150p100,s1,41,0.60696,0.31133,0.70881,0.56088
Uto_v8_150p100,s1,42,0.59075,0.30362,0.76646,0.52437
Uto_v8_150p100,s1,43,0.57571,0.29166,0.64263,0.52565
Uto_v8_150p100,s1,44,0.58436,0.31263,0.71956,0.54045
Uto_v8_150p100,s1,45,0.5851,0.29832,0.7082,0.52501
Uto_v8_150p100,s1,46,0.58405,0.29767,0.70031,0.55686
Uto_v8_150p100,s1,47,0.62211,0.31951,0.76241,0.53566
Uto_v8_150p100,s1,48,0.58533,0.30891,0.70049,0.55862
Uto_v8_150p100,s1,49,0.57622,0.29911,0.67746,0.5423
Uto_v8_150p100,s1,50,0.59118,0.30524,0.61944,0.56735
Uto_v8_150p100,s1,51,0.61248,0.31059,0.67706,0.59852
Uto_v8_150p100,s1,52,0.60443,0.30293,0.6661,0.56047
Uto_v8_150p100,s1,53,0.61778,0.31891,0.68752,0.56332
Uto_v8_150p100,s1,54,0.6092,0.31105,0.69222,0.55909
Uto_v8_150p100,s1,55,0.58382,0.30687,0.72826,0.52425
Uto_v8_150p100,s1,56,0.59894,0.30778,0.70213,0.55143
Uto_v8_150p100,s1,57,0.61487,0.31826,0.69895,0.58515
Uto_v8_150p100,s1,58,0.60463,0.30965,0.71794,0.57288
Uto_v8_150p100,s1,59,0.6025,0.30823,0.68505,0.5732
Uto_v8_150p100,s1,60,0.61675,0.31248,0.70617,0.57581
Uto_v8_150p100,s1,61,0.61207,0.31943,0.70869,0.58246
Uto_v8_150p100,s1,62,0.62139,0.31644,0.7241,0.56929
Uto_v8_150p100,s1,63,0.59554,0.30645,0.68171,0.58322
Uto_v8_150p100,s1,64,0.63679,0.32366,0.80488,0.5429
Uto_v8_150p100,s1,65,0.6408,0.3395,0.70179,0.58572
Uto_v8_150p100,s1,66,0.61149,0.32833,0.74945,0.57929
Uto_v8_150p100,s1,67,0.59925,0.30001,0.69595,0.56976
Uto_v8_150p100,s1,68,0.62425,0.32276,0.73737,0.58012
Uto_v8_150p100,s1,69,0.64603,0.3347,0.69792,0.62407
Uto_v8_150p100,s1,70,0.5838,0.30391,0.65326,0.56928
Uto_v8_150p100,s1,71,0.61634,0.32646,0.7255,0.58916
Uto_v8_150p100,s1,72,0.63163,0.32635,0.67428,0.59263
Uto_v8_150p100,s1,73,0.65114,0.34258,0.7326,0.60499
Uto_v8_150p100,s1,74,0.62731,0.33101,0.72432,0.59641
Uto_v8_150p100,s1,75,0.63606,0.32512,0.7501,0.57468
Uto_v8_150p100,s1,76,0.65672,0.34216,0.76623,0.59755
Uto_v8_150p100,s1,77,0.64331,0.33582,0.71922,0.6282
Uto_v8_150p100,s1,78,0.64807,0.34246,0.75437,0.62313
Uto_v8_150p100,s1,79,0.6338,0.33136,0.7481,0.5849
Uto_v8_150p100,s1,80,0.64566,0.3467,0.69153,0.62941
Uto_v8_150p100,s1,81,0.64426,0.33939,0.73891,0.64311
Uto_v8_150p100,s1,82,0.66248,0.35618,0.75866,0.60574
Uto_v8_150p100,s1,83,0.66662,0.35603,0.72696,0.6395
Uto_v8_150p100,s1,84,0.64755,0.34664,0.72804,0.60743
Uto_v8_150p100,s1,85,0.6471,0.34443,0.70913,0.63804
Uto_v8_150p100,s1,86,0.65147,0.35399,0.75763,0.61193
Uto_v8_150p100,s1,87,0.66224,0.35075,0.73222,0.63291
Uto_v8_150p100,s1,88,0.65406,0.35464,0.74153,0.60868
Uto_v8_150p100,s1,89,0.65582,0.35765,0.70476,0.65973
Uto_v8_150p100,s1,90,0.65669,0.35398,0.73873,0.60724
Uto_v8_150p100,s1,91,0.65924,0.35081,0.73769,0.61964
Uto_v8_150p100,s1,92,0.66845,0.35285,0.75308,0.61338
Uto_v8_150p100,s1,93,0.65623,0.35106,0.74958,0.6139
Uto_v8_150p100,s1,94,0.68101,0.36537,0.78314,0.62497
Uto_v8_150p100,s1,95,0.67788,0.36377,0.7582,0.61642
Uto_v8_150p100,s1,96,0.66867,0.36156,0.76872,0.62723
Uto_v8_150p100,s1,97,0.65679,0.36519,0.6978,0.6422
Uto_v8_150p100,s1,98,0.65888,0.35382,0.70867,0.6453
Uto_v8_150p100,s1,99,0.66724,0.36032,0.71596,0.64137
Uto_v8_150p100,s1,100,0.67638,0.36394,0.75508,0.64287
Uto_v8_150p100,s1,101,0.68312,0.36155,0.7586,0.66341
Uto_v8_150p100,s1,102,0.67675,0.36119,0.75585,0.64823
Uto_v8_150p100,s1,103,0.67088,0.36358,0.77634,0.61936
Uto_v8_150p100,s1,104,0.66886,0.36666,0.74732,0.64846
Uto_v8_150p100,s1,105,0.67204,0.35657,0.7724,0.61461
Uto_v8_150p100,s1,106,0.66672,0.36057,0.77201,0.59347
Uto_v8_150p100,s1,107,0.65496,0.3543,0.76687,0.60213
Uto_v8_150p100,s1,108,0.67446,0.36567,0.74914,0.63403
Uto_v8_150p100,s1,109,0.6782,0.37101,0.78013,0.6313
Uto_v8_150p100,s1,110,0.66746,0.36044,0.72775,0.65475
Uto_v8_150p100,s1,111,0.67548,0.37589,0.75356,0.64876
Uto_v8_150p100,s1,112,0.67188,0.36679,0.75664,0.64676
Uto_v8_150p100,s1,113,0.67094,0.36473,0.75241,0.62357
Uto_v8_150p100,s1,114,0.66901,0.36548,0.76067,0.62205
Uto_v8_150p100,s1,115,0.67167,0.36821,0.73491,0.63964
Uto_v8_150p100,s1,116,0.66831,0.36435,0.75786,0.62528
Uto_v8_150p100,s1,117,0.66557,0.36452,0.75162,0.62113
Uto_v8_150p100,s1,118,0.66668,0.36659,0.74495,0.63035
Uto_v8_150p100,s1,119,0.6553,0.36463,0.7328,0.62785
Uto_v8_150p100,s1,120,0.66779,0.37447,0.75245,0.63097
Uto_v8_150p100,s1,121,0.6613,0.36647,0.74521,0.61689
Uto_v8_150p100,s1,122,0.67473,0.37651,0.7342,0.64452
Uto_v8_150p100,s1,123,0.67196,0.37144,0.74449,0.63563
Uto_v8_150p100,s1,124,0.67546,0.37639,0.72199,0.66243
Uto_v8_150p100,s1,125,0.66008,0.3702,0.73799,0.62991
Uto_v8_150p100,s1,126,0.66717,0.3692,0.77126,0.62332
Uto_v8_150p100,s1,127,0.67442,0.369,0.73985,0.64292
Uto_v8_150p100,s1,128,0.66999,0.37447,0.72542,0.65279
Uto_v8_150p100,s1,129,0.66557,0.36992,0.73972,0.64085
Uto_v8_150p100,s1,130,0.67555,0.37428,0.75475,0.65061
Uto_v8_150p100,s1,131,0.68199,0.3732,0.72001,0.66135
Uto_v8_150p100,s1,132,0.67384,0.36973,0.74942,0.64208
Uto_v8_150p100,s1,133,0.67915,0.37,0.72642,0.6673
Uto_v8_150p100,s1,134,0.68541,0.3776,0.75484,0.65299
Uto_v8_150p100,s1,135,0.67749,0.3741,0.74658,0.64698
Uto_v8_150p100,s1,136,0.68019,0.37166,0.76606,0.64917
Uto_v8_150p100,s1,137,0.68653,0.37912,0.79531,0.64179
Uto_v8_150p100,s1,138,0.68254,0.37936,0.78931,0.63131
Uto_v8_150p100,s1,139,0.68655,0.37602,0.76702,0.6489
Uto_v8_150p100,s1,140,0.68263,0.37057,0.77388,0.64179
Uto_v8_150p100,s1,141,0.67814,0.37278,0.7869,0.63118
Uto_v8_150p100,s1,142,0.68031,0.37519,0.77794,0.63385
Uto_v8_150p100,s1,143,0.68047,0.37653,0.78821,0.6237
Uto_v8_150p100,s1,144,0.67809,0.37545,0.7426,0.63513
Uto_v8_150p100,s1,145,0.68243,0.37796,0.74971,0.6358
Uto_v8_150p100,s1,146,0.68487,0.38045,0.75957,0.64444
Uto_v8_150p100,s1,147,0.6851,0.37774,0.76876,0.64327
Uto_v8_150p100,s1,148,0.68263,0.37869,0.76001,0.64505
Uto_v8_150p100,s1,149,0.6808,0.37718,0.7599,0.64567
Uto_v8_150p100,s1,150,0.67889,0.37702,0.75697,0.64391
Uto_v8_150p100,s2,1,0.67885,0.37975,0.78607,0.62615
Uto_v8_150p100,s2,2,0.6782,0.36911,0.73514,0.62411
Uto_v8_150p100,s2,3,0.65617,0.35682,0.77444,0.60586
Uto_v8_150p100,s2,4,0.67425,0.36594,0.78542,0.6083
Uto_v8_150p100,s2,5,0.65629,0.34679,0.70987,0.63006
Uto_v8_150p100,s2,6,0.65222,0.34845,0.75291,0.61004
Uto_v8_150p100,s2,7,0.65931,0.35218,0.72162,0.60841
Uto_v8_150p100,s2,8,0.66727,0.35417,0.74357,0.63046
Uto_v8_150p100,s2,9,0.63706,0.34079,0.78239,0.56915
Uto_v8_150p100,s2,10,0.6759,0.36138,0.74561,0.63792
Uto_v8_150p100,s2,11,0.64643,0.35037,0.7429,0.61357
Uto_v8_150p100,s2,12,0.67117,0.36203,0.73864,0.66378
Uto_v8_150p100,s2,13,0.64776,0.35176,0.70877,0.62855
Uto_v8_150p100,s2,14,0.66245,0.35002,0.70971,0.63522
Uto_v8_150p100,s2,15,0.68186,0.36678,0.74039,0.63788
Uto_v8_150p100,s2,16,0.67685,0.36014,0.76458,0.62718
Uto_v8_150p100,s2,17,0.66903,0.37131,0.76692,0.61493
Uto_v8_150p100,s2,18,0.65961,0.34986,0.73544,0.6236
Uto_v8_150p100,s2,19,0.67572,0.35998,0.75906,0.63196
Uto_v8_150p100,s2,20,0.66365,0.35289,0.78168,0.59797
Uto_v8_150p100,s2,21,0.66839,0.36434,0.78154,0.62331
Uto_v8_150p100,s2,22,0.6684,0.36484,0.72869,0.62966
Uto_v8_150p100,s2,23,0.68907,0.36621,0.77634,0.65107
Uto_v8_150p100,s2,24,0.67976,0.37017,0.79001,0.62347
Uto_v8_150p100,s2,25,0.66529,0.35585,0.75649,0.6177
Uto_v8_150p100,s2,26,0.65986,0.36294,0.69945,0.64224
Uto_v8_150p100,s2,27,0.67784,0.36044,0.79935,0.61885
Uto_v8_150p100,s2,28,0.6729,0.37105,0.72533,0.6433
Uto_v8_150p100,s2,29,0.65247,0.35904,0.73363,0.61587
Uto_v8_150p100,s2,30,0.66063,0.36954,0.76705,0.6301
Uto_v8_150p100,s2,31,0.67214,0.37031,0.76533,0.62788
Uto_v8_150p100,s2,32,0.67215,0.36829,0.72221,0.65287
Uto_v8_150p100,s2,33,0.67908,0.3662,0.80165,0.60907
Uto_v8_150p100,s2,34,0.68283,0.36623,0.75904,0.66268
Uto_v8_150p100,s2,35,0.67412,0.36058,0.78839,0.61235
Uto_v8_150p100,s2,36,0.66833,0.3619,0.75798,0.62417
Uto_v8_150p100,s2,37,0.6634,0.35256,0.75363,0.64377
Uto_v8_150p100,s2,38,0.67125,0.35567,0.76661,0.63049
Uto_v8_150p100,s2,39,0.66839,0.35797,0.77049,0.61828
Uto_v8_150p100,s2,40,0.67879,0.37189,0.77018,0.63991
Uto_v8_150p100,s2,41,0.69126,0.37568,0.75897,0.66138
Uto_v8_150p100,s2,42,0.67504,0.36412,0.74812,0.63786
Uto_v8_150p100,s2,43,0.67667,0.36041,0.74968,0.66827
Uto_v8_150p100,s2,44,0.69096,0.37972,0.76694,0.67822
Uto_v8_150p100,s2,45,0.69173,0.36935,0.74164,0.67993
Uto_v8_150p100,s2,46,0.67592,0.3662,0.74253,0.64997
Uto_v8_150p100,s2,47,0.67588,0.3674,0.72044,0.64418
Uto_v8_150p100,s2,48,0.68087,0.37066,0.73379,0.66496
Uto_v8_150p100,s2,49,0.67742,0.37291,0.76413,0.65435
Uto_v8_150p100,s2,50,0.6719,0.3733,0.75803,0.62833
Uto_v8_150p100,s2,51,0.67529,0.37743,0.74499,0.63547
Uto_v8_150p100,s2,52,0.68769,0.37463,0.74417,0.66418
Uto_v8_150p100,s2,53,0.6639,0.36273,0.73815,0.64027
Uto_v8_150p100,s2,54,0.67647,0.3702,0.74468,0.65559
Uto_v8_150p100,s2,55,0.68832,0.36916,0.76847,0.64561
Uto_v8_150p100,s2,56,0.6733,0.36973,0.76187,0.64887
Uto_v8_150p100,s2,57,0.67165,0.37104,0.77434,0.63288
Uto_v8_150p100,s2,58,0.68095,0.36929,0.79455,0.63167
Uto_v8_150p100,s2,59,0.68935,0.38138,0.77773,0.63211
Uto_v8_150p100,s2,60,0.68985,0.38651,0.77074,0.66273
Uto_v8_150p100,s2,61,0.68791,0.3715,0.77364,0.65558
Uto_v8_150p100,s2,62,0.68659,0.37654,0.78622,0.63148
Uto_v8_150p100,s2,63,0.70092,0.3765,0.76988,0.65991
Uto_v8_150p100,s2,64,0.68222,0.37175,0.78111,0.64059
Uto_v8_150p100,s2,65,0.67741,0.37058,0.74016,0.65663
Uto_v8_150p100,s2,66,0.68081,0.37728,0.79148,0.64464
Uto_v8_150p100,s2,67,0.68472,0.37252,0.79126,0.65129
Uto_v8_150p100,s2,68,0.67699,0.37048,0.75397,0.65915
Uto_v8_150p100,s2,69,0.70531,0.38279,0.78611,0.66693
Uto_v8_150p100,s2,70,0.69015,0.37948,0.76538,0.65042
Uto_v8_150p100,s2,71,0.68587,0.37255,0.76167,0.66559
Uto_v8_150p100,s2,72,0.6977,0.38029,0.77924,0.6692
Uto_v8_150p100,s2,73,0.69578,0.37696,0.78058,0.66564
Uto_v8_150p100,s2,74,0.69055,0.37872,0.76057,0.65549
Uto_v8_150p100,s2,75,0.68778,0.37547,0.74788,0.65583
Uto_v8_150p100,s2,76,0.69334,0.3754,0.73255,0.66888
Uto_v8_150p100,s2,77,0.69132,0.37609,0.79998,0.62839
Uto_v8_150p100,s2,78,0.68877,0.37707,0.80002,0.63736
Uto_v8_150p100,s2,79,0.69248,0.38243,0.7514,0.65871
Uto_v8_150p100,s2,80,0.68198,0.37829,0.77825,0.64088
Uto_v8_150p100,s2,81,0.69775,0.37903,0.75592,0.68034
Uto_v8_150p100,s2,82,0.69189,0.37941,0.81489,0.64351
Uto_v8_150p100,s2,83,0.68968,0.38269,0.77391,0.64866
Uto_v8_150p100,s2,84,0.69365,0.3717,0.80104,0.63572
Uto_v8_150p100,s2,85,0.69243,0.3801,0.7819,0.6448
Uto_v8_150p100,s2,86,0.68901,0.37534,0.78667,0.63622
Uto_v8_150p100,s2,87,0.68244,0.37674,0.72492,0.67494
Uto_v8_150p100,s2,88,0.69773,0.38001,0.77587,0.64592
Uto_v8_150p100,s2,89,0.69022,0.37373,0.74841,0.67572
Uto_v8_150p100,s2,90,0.69398,0.37797,0.7746,0.64641
Uto_v8_150p100,s2,91,0.69858,0.37704,0.8101,0.65817
Uto_v8_150p100,s2,92,0.69758,0.37956,0.78665,0.64723
Uto_v8_150p100,s2,93,0.69018,0.37942,0.77441,0.66044
Uto_v8_150p100,s2,94,0.68564,0.38149,0.76269,0.65038
Uto_v8_150p100,s2,95,0.68764,0.38497,0.78511,0.64365
Uto_v8_150p100,s2,96,0.69598,0.38055,0.79331,0.65627
Uto_v8_150p100,s2,97,0.68574,0.3768,0.80047,0.64083
Uto_v8_150p100,s2,98,0.68178,0.37619,0.75226,0.66107
Uto_v8_150p100,s2,99,0.69197,0.37675,0.80956,0.64719
Uto_v8_150p100,s2,100,0.68599,0.37406,0.80769,0.63796
Uto_v8_300p100,s1,1,0.04185,0.01723,0.00498,0.21968
Uto_v8_300p100,s1,2,0.08548,0.03677,0.78321,0.10208
Uto_v8_300p100,s1,3,0.09949,0.03358,0.18802,0.15815
Uto_v8_300p100,s1,4,0.15691,0.05406,0.28414,0.21375
Uto_v8_300p100,s1,5,0.23176,0.10284,0.36643,0.25199
Uto_v8_300p100,s1,6,0.2816,0.12361,0.51305,0.27728
Uto_v8_300p100,s1,7,0.23757,0.10335,0.3913,0.27494
Uto_v8_300p100,s1,8,0.29695,0.12738,0.4215,0.32281
Uto_v8_300p100,s1,9,0.2918,0.13048,0.43802,0.29075
Uto_v8_300p100,s1,10,0.32512,0.15269,0.49175,0.30825
Uto_v8_300p100,s1,11,0.35163,0.17267,0.39439,0.36271
Uto_v8_300p100,s1,12,0.38405,0.17693,0.42357,0.39813
Uto_v8_300p100,s1,13,0.35323,0.17081,0.49115,0.34389
Uto_v8_300p100,s1,14,0.36825,0.16527,0.43582,0.36196
Uto_v8_300p100,s1,15,0.42607,0.2027,0.56345,0.41302
Uto_v8_300p100,s1,16,0.43868,0.20616,0.55309,0.41849
Uto_v8_300p100,s1,17,0.35544,0.14715,0.488,0.37956
Uto_v8_300p100,s1,18,0.43278,0.21552,0.66158,0.40928
Uto_v8_300p100,s1,19,0.45551,0.21783,0.57333,0.43912
Uto_v8_300p100,s1,20,0.43474,0.20547,0.53536,0.43421
Uto_v8_300p100,s1,21,0.42868,0.20751,0.58371,0.39893
Uto_v8_300p100,s1,22,0.48711,0.23258,0.60253,0.43811
Uto_v8_300p100,s1,23,0.51117,0.23205,0.57068,0.50084
Uto_v8_300p100,s1,24,0.47945,0.23528,0.62881,0.46184
Uto_v8_300p100,s1,25,0.45522,0.21652,0.62244,0.4097
Uto_v8_300p100,s1,26,0.49505,0.24847,0.60558,0.45274
Uto_v8_300p100,s1,27,0.50795,0.2401,0.63164,0.45804
Uto_v8_300p100,s1,28,0.4852,0.24578,0.71286,0.40624
Uto_v8_300p100,s1,29,0.4973,0.23744,0.62026,0.45852
Uto_v8_300p100,s1,30,0.51729,0.26814,0.66089,0.46834
Uto_v8_300p100,s1,31,0.49688,0.25985,0.59737,0.44858
Uto_v8_300p100,s1,32,0.54606,0.28291,0.71102,0.48087
Uto_v8_300p100,s1,33,0.56157,0.27598,0.65008,0.5317
Uto_v8_300p100,s1,34,0.50348,0.25369,0.60656,0.52165
Uto_v8_300p100,s1,35,0.52835,0.26559,0.73931,0.46389
Uto_v8_300p100,s1,36,0.5373,0.27786,0.60337,0.51277
Uto_v8_300p100,s1,37,0.53005,0.25842,0.69325,0.47231
Uto_v8_300p100,s1,38,0.53259,0.26588,0.63266,0.50688
Uto_v8_300p100,s1,39,0.5699,0.28524,0.65876,0.5467
Uto_v8_300p100,s1,40,0.58694,0.30456,0.62935,0.57965
Uto_v8_300p100,s1,41,0.56882,0.29127,0.68473,0.49571
Uto_v8_300p100,s1,42,0.55552,0.27911,0.6691,0.52588
Uto_v8_300p100,s1,43,0.52293,0.26922,0.57028,0.52082
Uto_v8_300p100,s1,44,0.58473,0.29643,0.74517,0.51515
Uto_v8_300p100,s1,45,0.56011,0.29558,0.68647,0.4884
Uto_v8_300p100,s1,46,0.54644,0.29475,0.707,0.48889
Uto_v8_300p100,s1,47,0.58718,0.30233,0.7141,0.51216
Uto_v8_300p100,s1,48,0.57922,0.29312,0.65694,0.536
Uto_v8_300p100,s1,49,0.56744,0.29298,0.6661,0.54378
Uto_v8_300p100,s1,50,0.57941,0.29909,0.66521,0.55448
Uto_v8_300p100,s1,51,0.58211,0.2922,0.67979,0.53563
Uto_v8_300p100,s1,52,0.57503,0.29421,0.6783,0.51576
Uto_v8_300p100,s1,53,0.5944,0.30438,0.65863,0.55016
Uto_v8_300p100,s1,54,0.61149,0.32115,0.62975,0.59457
Uto_v8_300p100,s1,55,0.58446,0.30293,0.73002,0.5304
Uto_v8_300p100,s1,56,0.60775,0.31497,0.70281,0.57401
Uto_v8_300p100,s1,57,0.64403,0.33466,0.69726,0.61291
Uto_v8_300p100,s1,58,0.59571,0.30956,0.64941,0.5637
Uto_v8_300p100,s1,59,0.59852,0.30372,0.69012,0.56175
Uto_v8_300p100,s1,60,0.62337,0.31815,0.72246,0.58793
Uto_v8_300p100,s1,61,0.59802,0.30196,0.65651,0.57526
Uto_v8_300p100,s1,62,0.61058,0.31549,0.69624,0.57429
Uto_v8_300p100,s1,63,0.5982,0.30938,0.70113,0.53698
Uto_v8_300p100,s1,64,0.62013,0.32894,0.69449,0.5838
Uto_v8_300p100,s1,65,0.61214,0.31396,0.6547,0.58892
Uto_v8_300p100,s1,66,0.61399,0.31341,0.71274,0.56484
Uto_v8_300p100,s1,67,0.62841,0.32965,0.72765,0.57517
Uto_v8_300p100,s1,68,0.62988,0.31876,0.64596,0.61266
Uto_v8_300p100,s1,69,0.64283,0.33675,0.68617,0.63027
Uto_v8_300p100,s1,70,0.60491,0.32327,0.66794,0.604
Uto_v8_300p100,s1,71,0.6387,0.33252,0.68376,0.62352
Uto_v8_300p100,s1,72,0.65248,0.33975,0.71815,0.61564
Uto_v8_300p100,s1,73,0.64722,0.32769,0.7314,0.58107
Uto_v8_300p100,s1,74,0.60531,0.31834,0.70775,0.55932
Uto_v8_300p100,s1,75,0.62525,0.32408,0.64471,0.60448
Uto_v8_300p100,s1,76,0.62516,0.31897,0.70879,0.59669
Uto_v8_300p100,s1,77,0.60915,0.31807,0.76235,0.56046
Uto_v8_300p100,s1,78,0.62148,0.32805,0.68588,0.58102
Uto_v8_300p100,s1,79,0.6291,0.33168,0.7032,0.60195
Uto_v8_300p100,s1,80,0.64361,0.33063,0.69724,0.59794
Uto_v8_300p100,s1,81,0.63718,0.33029,0.67048,0.62695
Uto_v8_300p100,s1,82,0.64945,0.33552,0.7495,0.5855
Uto_v8_300p100,s1,83,0.64269,0.33853,0.73546,0.58235
Uto_v8_300p100,s1,84,0.64326,0.34403,0.69773,0.61067
Uto_v8_300p100,s1,85,0.64432,0.33194,0.71395,0.59482
Uto_v8_300p100,s1,86,0.65215,0.34249,0.71425,0.6069
Uto_v8_300p100,s1,87,0.6693,0.34449,0.74679,0.61312
Uto_v8_300p100,s1,88,0.64988,0.3414,0.77098,0.56921
Uto_v8_300p100,s1,89,0.64783,0.3393,0.71928,0.57684
Uto_v8_300p100,s1,90,0.6571,0.34583,0.82286,0.59585
Uto_v8_300p100,s1,91,0.66833,0.35776,0.76315,0.62081
Uto_v8_300p100,s1,92,0.65229,0.35163,0.74948,0.60571
Uto_v8_300p100,s1,93,0.63416,0.34261,0.64734,0.63615
Uto_v8_300p100,s1,94,0.65805,0.34369,0.72674,0.60406
Uto_v8_300p100,s1,95,0.65967,0.35486,0.74771,0.63119
Uto_v8_300p100,s1,96,0.65184,0.35545,0.73867,0.60134
Uto_v8_300p100,s1,97,0.65936,0.34993,0.75919,0.61677
Uto_v8_300p100,s1,98,0.66503,0.35242,0.74741,0.61654
Uto_v8_300p100,s1,99,0.67608,0.35501,0.72767,0.65288
Uto_v8_300p100,s1,100,0.66902,0.35291,0.73847,0.61632
Uto_v8_300p100,s1,101,0.66675,0.35708,0.66856,0.65467
Uto_v8_300p100,s1,102,0.6894,0.36475,0.77439,0.63105
Uto_v8_300p100,s1,103,0.6638,0.35238,0.72561,0.61843
Uto_v8_300p100,s1,104,0.67287,0.3674,0.72655,0.63932
Uto_v8_300p100,s1,105,0.65558,0.34702,0.74633,0.59974
Uto_v8_300p100,s1,106,0.66332,0.36169,0.70903,0.64074
Uto_v8_300p100,s1,107,0.6756,0.35942,0.77954,0.62824
Uto_v8_300p100,s1,108,0.67501,0.36078,0.74559,0.6158
Uto_v8_300p100,s1,109,0.67271,0.36512,0.71298,0.66138
Uto_v8_300p100,s1,110,0.67923,0.36047,0.70694,0.65108
Uto_v8_300p100,s1,111,0.68522,0.37108,0.75826,0.6488
Uto_v8_300p100,s1,112,0.68789,0.36211,0.75385,0.65854
Uto_v8_300p100,s1,113,0.68673,0.36378,0.78397,0.62474
Uto_v8_300p100,s1,114,0.66598,0.36427,0.74136,0.6079
Uto_v8_300p100,s1,115,0.66033,0.36134,0.73371,0.60697
Uto_v8_300p100,s1,116,0.67436,0.36365,0.69255,0.67243
Uto_v8_300p100,s1,117,0.66396,0.36048,0.69386,0.65136
Uto_v8_300p100,s1,118,0.67452,0.36609,0.75016,0.62922
Uto_v8_300p100,s1,119,0.67718,0.36821,0.73687,0.66553
Uto_v8_300p100,s1,120,0.66111,0.36858,0.68102,0.6577
Uto_v8_300p100,s1,121,0.67461,0.36761,0.73298,0.64982
Uto_v8_300p100,s1,122,0.68863,0.37182,0.7679,0.64825
Uto_v8_300p100,s1,123,0.68656,0.36811,0.7258,0.67206
Uto_v8_300p100,s1,124,0.6796,0.361,0.80037,0.61318
Uto_v8_300p100,s1,125,0.66969,0.36548,0.75088,0.6437
Uto_v8_300p100,s1,126,0.67986,0.37,0.74972,0.6429
Uto_v8_300p100,s1,127,0.70331,0.3675,0.78134,0.65359
Uto_v8_300p100,s1,128,0.69742,0.36959,0.78231,0.65802
Uto_v8_300p100,s1,129,0.69988,0.37181,0.81639,0.64643
Uto_v8_300p100,s1,130,0.68392,0.36574,0.79819,0.60857
Uto_v8_300p100,s1,131,0.68864,0.36595,0.76213,0.66116
Uto_v8_300p100,s1,132,0.6805,0.3653,0.76885,0.66047
Uto_v8_300p100,s1,133,0.68321,0.36448,0.77517,0.65034
Uto_v8_300p100,s1,134,0.68211,0.36191,0.72554,0.65875
Uto_v8_300p100,s1,135,0.68269,0.36854,0.77944,0.64293
Uto_v8_300p100,s1,136,0.68735,0.36604,0.75069,0.66735
Uto_v8_300p100,s1,137,0.69839,0.36953,0.75919,0.66717
Uto_v8_300p100,s1,138,0.69744,0.37908,0.78666,0.65322
Uto_v8_300p100,s1,139,0.6919,0.375,0.78669,0.64321
Uto_v8_300p100,s1,140,0.68907,0.36645,0.75117,0.66677
Uto_v8_300p100,s1,141,0.675,0.3717,0.72795,0.66527
Uto_v8_300p100,s1,142,0.68289,0.37337,0.76415,0.64696
Uto_v8_300p100,s1,143,0.67751,0.37542,0.74937,0.66658
Uto_v8_300p100,s1,144,0.70039,0.3721,0.765,0.67581
Uto_v8_300p100,s1,145,0.67456,0.35825,0.76652,0.65092
Uto_v8_300p100,s1,146,0.69594,0.37097,0.7994,0.65737
Uto_v8_300p100,s1,147,0.69113,0.36788,0.78766,0.65333
Uto_v8_300p100,s1,148,0.68558,0.37082,0.75891,0.64295
Uto_v8_300p100,s1,149,0.66983,0.3636,0.69733,0.65524
Uto_v8_300p100,s1,150,0.69344,0.37109,0.76718,0.64671
Uto_v8_300p100,s1,151,0.68564,0.37493,0.7367,0.66971
Uto_v8_300p100,s1,152,0.69783,0.37298,0.77666,0.65617
Uto_v8_300p100,s1,153,0.69459,0.37196,0.78975,0.6531
Uto_v8_300p100,s1,154,0.68985,0.37234,0.78147,0.65002
Uto_v8_300p100,s1,155,0.68083,0.36852,0.7601,0.63467
Uto_v8_300p100,s1,156,0.68277,0.37049,0.74438,0.6509
Uto_v8_300p100,s1,157,0.68867,0.36428,0.76974,0.63358
Uto_v8_300p100,s1,158,0.69234,0.37399,0.78714,0.62873
Uto_v8_300p100,s1,159,0.71344,0.37761,0.77558,0.67487
Uto_v8_300p100,s1,160,0.70292,0.37618,0.80411,0.6389
Uto_v8_300p100,s1,161,0.70349,0.37799,0.77529,0.6592
Uto_v8_300p100,s1,162,0.69771,0.37801,0.81881,0.64822
Uto_v8_300p100,s1,163,0.69722,0.38209,0.76049,0.66693
Uto_v8_300p100,s1,164,0.69012,0.37682,0.75812,0.65667
Uto_v8_300p100,s1,165,0.69586,0.37729,0.74971,0.66315
Uto_v8_300p100,s1,166,0.69298,0.38039,0.79735,0.64619
Uto_v8_300p100,s1,167,0.69115,0.37734,0.7851,0.6325
Uto_v8_300p100,s1,168,0.70278,0.37643,0.75945,0.6606
Uto_v8_300p100,s1,169,0.69145,0.37629,0.78471,0.63951
Uto_v8_300p100,s1,170,0.69548,0.37467,0.78238,0.64693
Uto_v8_300p100,s1,171,0.69607,0.37594,0.73346,0.67724
Uto_v8_300p100,s1,172,0.6985,0.37448,0.77786,0.64347
Uto_v8_300p100,s1,173,0.69876,0.37817,0.82152,0.62725
Uto_v8_300p100,s1,174,0.7038,0.3806,0.77543,0.65784
Uto_v8_300p100,s1,175,0.70185,0.37918,0.79765,0.65066
Uto_v8_300p100,s1,176,0.69844,0.37201,0.78584,0.64229
Uto_v8_300p100,s1,177,0.69701,0.37177,0.79903,0.63353
Uto_v8_300p100,s1,178,0.69702,0.37385,0.81121,0.6213
Uto_v8_300p100,s1,179,0.70039,0.37282,0.79129,0.62343
Uto_v8_300p100,s1,180,0.69547,0.36898,0.77945,0.63214
Uto_v8_300p100,s1,181,0.69829,0.37871,0.76982,0.64455
Uto_v8_300p100,s1,182,0.7038,0.38376,0.81483,0.61692
Uto_v8_300p100,s1,183,0.69639,0.37795,0.79179,0.62064
Uto_v8_300p100,s1,184,0.7013,0.3794,0.77803,0.6495
Uto_v8_300p100,s1,185,0.69808,0.3781,0.77555,0.6478
Uto_v8_300p100,s1,186,0.69685,0.37646,0.77754,0.63388
Uto_v8_300p100,s1,187,0.68876,0.37134,0.78783,0.62891
Uto_v8_300p100,s1,188,0.69789,0.37746,0.7989,0.62173
Uto_v8_300p100,s1,189,0.70191,0.38101,0.79279,0.63303
Uto_v8_300p100,s1,190,0.69769,0.37818,0.72913,0.68042
Uto_v8_300p100,s1,191,0.69159,0.37354,0.76097,0.63475
Uto_v8_300p100,s1,192,0.70282,0.37751,0.80524,0.62543
Uto_v8_300p100,s1,193,0.70917,0.3766,0.73076,0.68873
Uto_v8_300p100,s1,194,0.69669,0.37884,0.71963,0.67588
Uto_v8_300p100,s1,195,0.69608,0.37797,0.77001,0.63724
Uto_v8_300p100,s1,196,0.70023,0.38036,0.72691,0.66886
Uto_v8_300p100,s1,197,0.69381,0.37503,0.74355,0.66254
Uto_v8_300p100,s1,198,0.69615,0.37376,0.75467,0.65149
Uto_v8_300p100,s1,199,0.701,0.37811,0.75448,0.64888
Uto_v8_300p100,s1,200,0.70202,0.38235,0.78458,0.63279
Uto_v8_300p100,s1,201,0.7055,0.38577,0.77502,0.66111
Uto_v8_300p100,s1,202,0.71065,0.38461,0.7764,0.66763
Uto_v8_300p100,s1,203,0.71129,0.38536,0.79545,0.65547
Uto_v8_300p100,s1,204,0.70763,0.38259,0.78887,0.65562
Uto_v8_300p100,s1,205,0.70211,0.38094,0.77655,0.6481
Uto_v8_300p100,s1,206,0.70792,0.38168,0.79042,0.64876
Uto_v8_300p100,s1,207,0.70794,0.38374,0.7296,0.68736
Uto_v8_300p100,s1,208,0.70856,0.38223,0.72815,0.66205
Uto_v8_300p100,s1,209,0.70495,0.38241,0.71448,0.6734
Uto_v8_300p100,s1,210,0.70474,0.38321,0.74611,0.6608
Uto_v8_300p100,s1,211,0.70894,0.38413,0.73873,0.69074
Uto_v8_300p100,s1,212,0.7041,0.38399,0.75726,0.66574
Uto_v8_300p100,s1,213,0.71315,0.38494,0.74786,0.6866
Uto_v8_300p100,s1,214,0.71511,0.38841,0.78537,0.67008
Uto_v8_300p100,s1,215,0.71357,0.38354,0.76843,0.67865
Uto_v8_300p100,s1,216,0.71245,0.38374,0.77096,0.68483
Uto_v8_300p100,s1,217,0.71556,0.38401,0.79115,0.67382
Uto_v8_300p100,s1,218,0.71425,0.38333,0.8065,0.66495
Uto_v8_300p100,s1,219,0.708,0.38202,0.79278,0.65619
Uto_v8_300p100,s1,220,0.70792,0.38231,0.80793,0.65081
Uto_v8_300p100,s1,221,0.70487,0.3816,0.79395,0.64572
Uto_v8_300p100,s1,222,0.70964,0.38261,0.81914,0.65073
Uto_v8_300p100,s1,223,0.71073,0.37877,0.81222,0.64162
Uto_v8_300p100,s1,224,0.71403,0.37996,0.7643,0.67835
Uto_v8_300p100,s1,225,0.712,0.37916,0.78581,0.66131
Uto_v8_300p100,s1,226,0.7134,0.37975,0.81187,0.65218
Uto_v8_300p100,s1,227,0.7068,0.38255,0.82198,0.64801
Uto_v8_300p100,s1,228,0.71458,0.38538,0.83272,0.65053
Uto_v8_300p100,s1,229,0.70789,0.38359,0.81794,0.65231
Uto_v8_300p100,s1,230,0.71161,0.38456,0.83035,0.64561
Uto_v8_300p100,s1,231,0.70768,0.38362,0.83689,0.64198
Uto_v8_300p100,s1,232,0.7102,0.38606,0.84015,0.64123
Uto_v8_300p100,s1,233,0.71955,0.38532,0.85006,0.64946
Uto_v8_300p100,s1,234,0.72239,0.3875,0.82676,0.65782
Uto_v8_300p100,s1,235,0.72031,0.38794,0.7994,0.67314
Uto_v8_300p100,s1,236,0.7228,0.3886,0.81657,0.67932
Uto_v8_300p100,s1,237,0.72258,0.38602,0.80008,0.68493
Uto_v8_300p100,s1,238,0.71609,0.38443,0.79992,0.68039
Uto_v8_300p100,s1,239,0.7141,0.38641,0.79603,0.674
Uto_v8_300p100,s1,240,0.71308,0.38704,0.78674,0.67322
Uto_v8_300p100,s1,241,0.72223,0.38876,0.78005,0.68707
Uto_v8_300p100,s1,242,0.72165,0.39002,0.77853,0.68701
Uto_v8_300p100,s1,243,0.71833,0.38887,0.77588,0.68568
Uto_v8_300p100,s1,244,0.71102,0.38767,0.76921,0.68404
Uto_v8_300p100,s1,245,0.70947,0.38805,0.76654,0.68485
Uto_v8_300p100,s1,246,0.70729,0.38843,0.76701,0.68072
Uto_v8_300p100,s1,247,0.70632,0.3891,0.76607,0.67618
Uto_v8_300p100,s1,248,0.70509,0.38659,0.79959,0.66043
Uto_v8_300p100,s1,249,0.70392,0.38717,0.78993,0.65947
Uto_v8_300p100,s1,250,0.70636,0.38772,0.79047,0.65892
Uto_v8_300p100,s1,251,0.70786,0.38765,0.79671,0.65856
Uto_v8_300p100,s1,252,0.71001,0.38825,0.79868,0.65677
Uto_v8_300p100,s1,253,0.70867,0.3883,0.79806,0.65827
Uto_v8_300p100,s1,254,0.71029,0.38807,0.79003,0.6524
Uto_v8_300p100,s1,255,0.70593,0.38828,0.79452,0.6553
Uto_v8_300p100,s1,256,0.70488,0.38691,0.80338,0.64843
Uto_v8_300p100,s1,257,0.70695,0.38789,0.80497,0.64985
Uto_v8_300p100,s1,258,0.70892,0.38807,0.79992,0.65874
Uto_v8_300p100,s1,259,0.7094,0.38804,0.81028,0.65206
Uto_v8_300p100,s1,260,0.71252,0.38893,0.81461,0.65196
Uto_v8_300p100,s1,261,0.71136,0.38925,0.80857,0.6507
Uto_v8_300p100,s1,262,0.71067,0.3894,0.80495,0.64979
Uto_v8_300p100,s1,263,0.71195,0.38884,0.80411,0.65146
Uto_v8_300p100,s1,264,0.70873,0.38743,0.79883,0.64996
Uto_v8_300p100,s1,265,0.70899,0.38647,0.79964,0.65099
Uto_v8_300p100,s1,266,0.70882,0.38713,0.79522,0.65102
Uto_v8_300p100,s1,267,0.70953,0.38732,0.80029,0.65051
Uto_v8_300p100,s1,268,0.70768,0.38686,0.79999,0.65179
Uto_v8_300p100,s1,269,0.70611,0.38627,0.80129,0.65242
Uto_v8_300p100,s1,270,0.70677,0.38593,0.7975,0.65167
Uto_v8_300p100,s1,271,0.70743,0.38757,0.79931,0.65141
Uto_v8_300p100,s1,272,0.70796,0.38726,0.79877,0.6533
Uto_v8_300p100,s1,273,0.7067,0.38667,0.79939,0.6519
Uto_v8_300p100,s1,274,0.70721,0.38675,0.80211,0.65043
Uto_v8_300p100,s1,275,0.70652,0.3862,0.80025,0.6501
Uto_v8_300p100,s1,276,0.70446,0.38552,0.78104,0.65639
Uto_v8_300p100,s1,277,0.70484,0.38702,0.77222,0.66716
Uto_v8_300p100,s1,278,0.70523,0.38597,0.80823,0.64787
Uto_v8_300p100,s1,279,0.70604,0.38531,0.80937,0.64825
Uto_v8_300p100,s1,280,0.70539,0.38519,0.81154,0.64897
Uto_v8_300p100,s1,281,0.70581,0.38593,0.8118,0.64872
Uto_v8_300p100,s1,282,0.70416,0.38455,0.81293,0.64885
Uto_v8_300p100,s1,283,0.70574,0.38511,0.81352,0.64955
Uto_v8_300p100,s1,284,0.70387,0.38495,0.81456,0.64842
Uto_v8_300p100,s1,285,0.7043,0.38552,0.79174,0.66082
Uto_v8_300p100,s1,286,0.70521,0.38487,0.78572,0.6623
Uto_v8_300p100,s1,287,0.70497,0.38542,0.78363,0.66411
Uto_v8_300p100,s1,288,0.70377,0.38555,0.78277,0.66264
Uto_v8_300p100,s1,289,0.70371,0.38402,0.78441,0.66331
Uto_v8_300p100,s1,290,0.70309,0.38271,0.78964,0.66217
Uto_v8_300p100,s1,291,0.7024,0.3831,0.78561,0.66458
Uto_v8_300p100,s1,292,0.70186,0.38371,0.78767,0.66446
Uto_v8_300p100,s1,293,0.7004,0.38294,0.78686,0.66827
Uto_v8_300p100,s1,294,0.69931,0.3829,0.79128,0.66459
Uto_v8_300p100,s1,295,0.69907,0.38236,0.78259,0.67439
Uto_v8_300p100,s1,296,0.70177,0.38214,0.78437,0.67387
Uto_v8_300p100,s1,297,0.70158,0.38091,0.78376,0.67069
Uto_v8_300p100,s1,298,0.7,0.38046,0.78477,0.67123
Uto_v8_300p100,s1,299,0.69959,0.38092,0.7805,0.66704
Uto_v8_300p100,s1,300,0.69664,0.38101,0.77603,0.66188
Uto_v8_300p100,s2,1,0.71114,0.38543,0.76995,0.67524
Uto_v8_300p100,s2,2,0.70996,0.37467,0.8007,0.64996
Uto_v8_300p100,s2,3,0.70046,0.36772,0.81366,0.63082
Uto_v8_300p100,s2,4,0.67823,0.36268,0.76903,0.65632
Uto_v8_300p100,s2,5,0.68694,0.36422,0.78059,0.65528
Uto_v8_300p100,s2,6,0.68424,0.36241,0.76085,0.6533
Uto_v8_300p100,s2,7,0.69191,0.3692,0.77391,0.64674
Uto_v8_300p100,s2,8,0.68584,0.36143,0.78328,0.63815
Uto_v8_300p100,s2,9,0.68575,0.36851,0.77223,0.61672
Uto_v8_300p100,s2,10,0.69406,0.3569,0.77174,0.64009
Uto_v8_300p100,s2,11,0.6729,0.36018,0.78697,0.60323
Uto_v8_300p100,s2,12,0.69721,0.37422,0.80354,0.6506
Uto_v8_300p100,s2,13,0.67822,0.36307,0.78016,0.6268
Uto_v8_300p100,s2,14,0.69746,0.37402,0.78942,0.65591
Uto_v8_300p100,s2,15,0.69805,0.37292,0.77779,0.64953
Uto_v8_300p100,s2,16,0.68487,0.36282,0.78137,0.64503
Uto_v8_300p100,s2,17,0.67923,0.36642,0.69157,0.6659
Uto_v8_300p100,s2,18,0.69032,0.36918,0.73928,0.66518
Uto_v8_300p100,s2,19,0.69922,0.37209,0.79809,0.64687
Uto_v8_300p100,s2,20,0.69085,0.37378,0.77407,0.63916
Uto_v8_300p100,s2,21,0.69431,0.37079,0.75684,0.66371
Uto_v8_300p100,s2,22,0.69983,0.36793,0.83752,0.63336
Uto_v8_300p100,s2,23,0.6892,0.36001,0.80485,0.63197
Uto_v8_300p100,s2,24,0.70001,0.36701,0.83433,0.63489
Uto_v8_300p100,s2,25,0.68184,0.36225,0.80565,0.6257
Uto_v8_300p100,s2,26,0.69233,0.37498,0.80354,0.61672
Uto_v8_300p100,s2,27,0.6759,0.3664,0.75488,0.6413
Uto_v8_300p100,s2,28,0.679,0.3697,0.74351,0.65622
Uto_v8_300p100,s2,29,0.69196,0.37414,0.78718,0.65169
Uto_v8_300p100,s2,30,0.69694,0.37497,0.74644,0.63568
Uto_v8_300p100,s2,31,0.69212,0.3707,0.80863,0.6457
Uto_v8_300p100,s2,32,0.69548,0.36952,0.75907,0.63884
Uto_v8_300p100,s2,33,0.68162,0.36427,0.74838,0.66017
Uto_v8_300p100,s2,34,0.68555,0.36493,0.78493,0.63655
Uto_v8_300p100,s2,35,0.66531,0.36396,0.74733,0.62815
Uto_v8_300p100,s2,36,0.67321,0.36025,0.72668,0.66928
Uto_v8_300p100,s2,37,0.67919,0.36649,0.79226,0.61344
Uto_v8_300p100,s2,38,0.6653,0.35811,0.78739,0.62026
Uto_v8_300p100,s2,39,0.6833,0.36632,0.74483,0.64303
Uto_v8_300p100,s2,40,0.68616,0.37254,0.75341,0.65393
Uto_v8_300p100,s2,41,0.67568,0.36477,0.76725,0.65765
Uto_v8_300p100,s2,42,0.68108,0.36734,0.76382,0.65632
Uto_v8_300p100,s2,43,0.68947,0.37122,0.79449,0.64451
Uto_v8_300p100,s2,44,0.67749,0.36906,0.7278,0.66741
Uto_v8_300p100,s2,45,0.6795,0.36758,0.77136,0.62396
Uto_v8_300p100,s2,46,0.68932,0.36991,0.84856,0.6082
Uto_v8_300p100,s2,47,0.69876,0.37658,0.7627,0.66604
Uto_v8_300p100,s2,48,0.68555,0.3689,0.78214,0.65474
Uto_v8_300p100,s2,49,0.69403,0.3686,0.77793,0.63435
Uto_v8_300p100,s2,50,0.68473,0.36703,0.77393,0.63294
Uto_v8_300p100,s2,51,0.68215,0.36396,0.79491,0.62941
Uto_v8_300p100,s2,52,0.69446,0.3739,0.74664,0.64423
Uto_v8_300p100,s2,53,0.68801,0.36809,0.79137,0.64396
Uto_v8_300p100,s2,54,0.67962,0.36563,0.79459,0.60503
Uto_v8_300p100,s2,55,0.69551,0.3715,0.76039,0.63945
Uto_v8_300p100,s2,56,0.69006,0.36774,0.76401,0.6418
Uto_v8_300p100,s2,57,0.68215,0.36311,0.82776,0.59869
Uto_v8_300p100,s2,58,0.70062,0.37281,0.80495,0.63666
Uto_v8_300p100,s2,59,0.70073,0.37077,0.77445,0.65695
Uto_v8_300p100,s2,60,0.69399,0.37776,0.77528,0.64497
Uto_v8_300p100,s2,61,0.68899,0.37424,0.77501,0.65015
Uto_v8_300p100,s2,62,0.6898,0.37231,0.83257,0.62073
Uto_v8_300p100,s2,63,0.67385,0.36288,0.69296,0.67399
Uto_v8_300p100,s2,64,0.6795,0.36859,0.82427,0.60955
Uto_v8_300p100,s2,65,0.68022,0.37184,0.791,0.63938
Uto_v8_300p100,s2,66,0.6901,0.3723,0.81014,0.64214
Uto_v8_300p100,s2,67,0.6894,0.37332,0.7548,0.65851
Uto_v8_300p100,s2,68,0.68811,0.37681,0.77771,0.6518
Uto_v8_300p100,s2,69,0.70068,0.38223,0.78403,0.65093
Uto_v8_300p100,s2,70,0.69831,0.37222,0.78449,0.65915
Uto_v8_300p100,s2,71,0.68912,0.37208,0.79439,0.65031
Uto_v8_300p100,s2,72,0.68901,0.37116,0.76904,0.64494
Uto_v8_300p100,s2,73,0.69211,0.38083,0.81091,0.60869
Uto_v8_300p100,s2,74,0.70122,0.37638,0.8173,0.6191
Uto_v8_300p100,s2,75,0.69827,0.37583,0.7851,0.66437
Uto_v8_300p100,s2,76,0.70018,0.37611,0.79255,0.65958
Uto_v8_300p100,s2,77,0.6972,0.38217,0.77485,0.64329
Uto_v8_300p100,s2,78,0.69378,0.37908,0.83622,0.62193
Uto_v8_300p100,s2,79,0.69135,0.37376,0.79521,0.63763
Uto_v8_300p100,s2,80,0.6969,0.37513,0.82476,0.61696
Uto_v8_300p100,s2,81,0.70376,0.37916,0.82339,0.63444
Uto_v8_300p100,s2,82,0.68991,0.37792,0.7811,0.64954
Uto_v8_300p100,s2,83,0.6899,0.38484,0.78937,0.64279
Uto_v8_300p100,s2,84,0.69135,0.3744,0.80734,0.62539
Uto_v8_300p100,s2,85,0.68347,0.3728,0.74031,0.66165
Uto_v8_300p100,s2,86,0.69641,0.36945,0.77111,0.64956
Uto_v8_300p100,s2,87,0.69219,0.37623,0.81934,0.64595
Uto_v8_300p100,s2,88,0.69879,0.37517,0.82628,0.63863
Uto_v8_300p100,s2,89,0.69242,0.37465,0.8192,0.63645
Uto_v8_300p100,s2,90,0.68807,0.37863,0.81212,0.6318
Uto_v8_300p100,s2,91,0.68245,0.36455,0.76863,0.64196
Uto_v8_300p100,s2,92,0.67316,0.36678,0.84145,0.61519
Uto_v8_300p100,s2,93,0.67333,0.36697,0.79752,0.63392
Uto_v8_300p100,s2,94,0.67713,0.36649,0.81332,0.64155
Uto_v8_300p100,s2,95,0.67666,0.37197,0.79693,0.64471
Uto_v8_300p100,s2,96,0.67929,0.3704,0.81977,0.63372
Uto_v8_300p100,s2,97,0.67844,0.37171,0.80927,0.64385
Uto_v8_300p100,s2,98,0.67443,0.36527,0.80151,0.62874
Uto_v8_300p100,s2,99,0.68165,0.37077,0.81046,0.62996
Uto_v8_300p100,s2,100,0.68243,0.37246,0.78781,0.62941
Uw_v11_150p100,s1,1,0.03331,0.01463,0.00432,0.11831
Uw_v11_150p100,s1,2,0.06088,0.02381,0.76968,0.02626
Uw_v11_150p100,s1,3,0.05862,0.0235,0.44941,0.07901
Uw_v11_150p100,s1,4,0.03504,0.01513,0.25165,0.10949
Uw_v11_150p100,s1,5,0.18419,0.06843,0.33,0.22338
Uw_v11_150p100,s1,6,0.1613,0.05715,0.36458,0.22282
Uw_v11_150p100,s1,7,0.2562,0.10541,0.50838,0.2364
Uw_v11_150p100,s1,8,0.25414,0.11441,0.57067,0.27946
Uw_v11_150p100,s1,9,0.32196,0.13291,0.41723,0.34189
Uw_v11_150p100,s1,10,0.3185,0.13213,0.46883,0.31778
Uw_v11_150p100,s1,11,0.31447,0.14948,0.43309,0.32984
Uw_v11_150p100,s1,12,0.30213,0.13408,0.44049,0.32434
Uw_v11_150p100,s1,13,0.33921,0.13783,0.49222,0.34374
Uw_v11_150p100,s1,14,0.33601,0.1545,0.5008,0.31573
Uw_v11_150p100,s1,15,0.40487,0.19053,0.53894,0.37659
Uw_v11_150p100,s1,16,0.38441,0.18441,0.51089,0.38196
Uw_v11_150p100,s1,17,0.40161,0.17858,0.61452,0.39233
Uw_v11_150p100,s1,18,0.44628,0.20144,0.61662,0.40928
Uw_v11_150p100,s1,19,0.44297,0.20522,0.4997,0.46732
Uw_v11_150p100,s1,20,0.47061,0.22499,0.65151,0.42509
Uw_v11_150p100,s1,21,0.52287,0.25511,0.68068,0.47628
Uw_v11_150p100,s1,22,0.51491,0.24444,0.66073,0.48075
Uw_v11_150p100,s1,23,0.50882,0.25069,0.65922,0.46237
Uw_v11_150p100,s1,24,0.51995,0.25096,0.63687,0.50404
Uw_v11_150p100,s1,25,0.48283,0.24129,0.57361,0.4275
Uw_v11_150p100,s1,26,0.57554,0.27609,0.70771,0.5214
Uw_v11_150p100,s1,27,0.52804,0.26042,0.63786,0.49951
Uw_v11_150p100,s1,28,0.5235,0.25914,0.67088,0.48764
Uw_v11_150p100,s1,29,0.47501,0.23415,0.62524,0.46657
Uw_v11_150p100,s1,30,0.58742,0.28118,0.66752,0.55687
Uw_v11_150p100,s1,31,0.54758,0.26868,0.66709,0.50421
Uw_v11_150p100,s1,32,0.53933,0.26857,0.63643,0.50315
Uw_v11_150p100,s1,33,0.56715,0.27717,0.72231,0.48776
Uw_v11_150p100,s1,34,0.50927,0.25515,0.68703,0.46384
Uw_v11_150p100,s1,35,0.55342,0.26549,0.61045,0.5553
Uw_v11_150p100,s1,36,0.55605,0.28264,0.68412,0.50034
Uw_v11_150p100,s1,37,0.55359,0.28034,0.68295,0.50684
Uw_v11_150p100,s1,38,0.59287,0.30659,0.65832,0.58563
Uw_v11_150p100,s1,39,0.605,0.30672,0.75651,0.53354
Uw_v11_150p100,s1,40,0.58572,0.29503,0.69311,0.55512
Uw_v11_150p100,s1,41,0.56161,0.28369,0.70019,0.51182
Uw_v11_150p100,s1,42,0.53206,0.27114,0.66815,0.51522
Uw_v11_150p100,s1,43,0.60688,0.30259,0.65513,0.58191
Uw_v11_150p100,s1,44,0.61805,0.31266,0.73871,0.5274
Uw_v11_150p100,s1,45,0.6137,0.30764,0.71085,0.59518
Uw_v11_150p100,s1,46,0.5993,0.30533,0.68532,0.58178
Uw_v11_150p100,s1,47,0.58217,0.30343,0.68706,0.54707
Uw_v11_150p100,s1,48,0.62818,0.32546,0.63794,0.61296
Uw_v11_150p100,s1,49,0.60053,0.30348,0.66876,0.57014
Uw_v11_150p100,s1,50,0.61883,0.31494,0.7227,0.57967
Uw_v11_150p100,s1,51,0.60103,0.31859,0.70125,0.56537
Uw_v11_150p100,s1,52,0.62039,0.32837,0.72492,0.57507
Uw_v11_150p100,s1,53,0.61681,0.31691,0.6994,0.57868
Uw_v11_150p100,s1,54,0.61704,0.3244,0.68368,0.5847
Uw_v11_150p100,s1,55,0.62412,0.31728,0.7153,0.59119
Uw_v11_150p100,s1,56,0.62138,0.3269,0.70129,0.58308
Uw_v11_150p100,s1,57,0.64275,0.33548,0.741,0.58376
Uw_v11_150p100,s1,58,0.63631,0.33572,0.71665,0.58365
Uw_v11_150p100,s1,59,0.64395,0.33682,0.71147,0.59844
Uw_v11_150p100,s1,60,0.64674,0.34178,0.75807,0.5997
Uw_v11_150p100,s1,61,0.66512,0.35145,0.76384,0.60819
Uw_v11_150p100,s1,62,0.63781,0.33659,0.70384,0.61376
Uw_v11_150p100,s1,63,0.66263,0.34507,0.7337,0.61939
Uw_v11_150p100,s1,64,0.69301,0.36848,0.70741,0.65035
Uw_v11_150p100,s1,65,0.6407,0.32864,0.74442,0.57744
Uw_v11_150p100,s1,66,0.64429,0.35284,0.73242,0.607
Uw_v11_150p100,s1,67,0.66577,0.36042,0.71221,0.62146
Uw_v11_150p100,s1,68,0.67291,0.37057,0.70063,0.65151
Uw_v11_150p100,s1,69,0.68689,0.37518,0.75064,0.66792
Uw_v11_150p100,s1,70,0.68014,0.3598,0.72332,0.63751
Uw_v11_150p100,s1,71,0.64103,0.33002,0.67733,0.60552
Uw_v11_150p100,s1,72,0.65676,0.34687,0.72266,0.62089
Uw_v11_150p100,s1,73,0.67249,0.34972,0.74795,0.64415
Uw_v11_150p100,s1,74,0.6753,0.35977,0.71892,0.65141
Uw_v11_150p100,s1,75,0.66399,0.35411,0.72941,0.61587
Uw_v11_150p100,s1,76,0.65703,0.35012,0.70617,0.63716
Uw_v11_150p100,s1,77,0.66503,0.35677,0.71687,0.64587
Uw_v11_150p100,s1,78,0.66653,0.35778,0.78205,0.60458
Uw_v11_150p100,s1,79,0.70992,0.37671,0.77879,0.68738
Uw_v11_150p100,s1,80,0.67481,0.3557,0.74941,0.62994
Uw_v11_150p100,s1,81,0.69984,0.36807,0.7672,0.66559
Uw_v11_150p100,s1,82,0.68588,0.35328,0.75388,0.63367
Uw_v11_150p100,s1,83,0.66979,0.36056,0.72265,0.63501
Uw_v11_150p100,s1,84,0.69687,0.3735,0.74754,0.64038
Uw_v11_150p100,s1,85,0.66754,0.36152,0.71721,0.61827
Uw_v11_150p100,s1,86,0.68839,0.3666,0.78714,0.62041
Uw_v11_150p100,s1,87,0.69047,0.37809,0.73805,0.64317
Uw_v11_150p100,s1,88,0.69289,0.37331,0.73879,0.66021
Uw_v11_150p100,s1,89,0.67818,0.3667,0.78419,0.61447
Uw_v11_150p100,s1,90,0.66984,0.37356,0.73961,0.63053
Uw_v11_150p100,s1,91,0.68111,0.37399,0.78424,0.62847
Uw_v11_150p100,s1,92,0.67809,0.37114,0.79423,0.6234
Uw_v11_150p100,s1,93,0.68489,0.36899,0.7653,0.64424
Uw_v11_150p100,s1,94,0.70079,0.37804,0.74256,0.65531
Uw_v11_150p100,s1,95,0.69461,0.37084,0.75329,0.65733
Uw_v11_150p100,s1,96,0.68642,0.36199,0.76853,0.65448
Uw_v11_150p100,s1,97,0.69045,0.37152,0.78776,0.64593
Uw_v11_150p100,s1,98,0.70656,0.38046,0.75376,0.67807
Uw_v11_150p100,s1,99,0.68262,0.3753,0.74947,0.66222
Uw_v11_150p100,s1,100,0.68837,0.36661,0.78266,0.6446
Uw_v11_150p100,s1,101,0.68708,0.37672,0.77768,0.6404
Uw_v11_150p100,s1,102,0.68826,0.38628,0.77662,0.65179
Uw_v11_150p100,s1,103,0.66778,0.35979,0.73343,0.63902
Uw_v11_150p100,s1,104,0.7142,0.39587,0.79403,0.65163
Uw_v11_150p100,s1,105,0.69841,0.38209,0.77594,0.65393
Uw_v11_150p100,s1,106,0.69886,0.3843,0.7687,0.67316
Uw_v11_150p100,s1,107,0.69081,0.36798,0.75959,0.62829
Uw_v11_150p100,s1,108,0.72197,0.38356,0.76823,0.6643
Uw_v11_150p100,s1,109,0.70856,0.38342,0.79358,0.67867
Uw_v11_150p100,s1,110,0.7002,0.38822,0.76225,0.68374
Uw_v11_150p100,s1,111,0.71666,0.3849,0.78856,0.65736
Uw_v11_150p100,s1,112,0.71485,0.39355,0.78924,0.67286
Uw_v11_150p100,s1,113,0.71325,0.38754,0.76393,0.68465
Uw_v11_150p100,s1,114,0.70642,0.38646,0.75542,0.6647
Uw_v11_150p100,s1,115,0.71061,0.38971,0.76205,0.66445
Uw_v11_150p100,s1,116,0.72,0.4042,0.77065,0.68789
Uw_v11_150p100,s1,117,0.7086,0.39126,0.77345,0.65313
Uw_v11_150p100,s1,118,0.70657,0.3903,0.7626,0.68877
Uw_v11_150p100,s1,119,0.71548,0.39162,0.77256,0.69424
Uw_v11_150p100,s1,120,0.70801,0.39333,0.78154,0.65977
Uw_v11_150p100,s1,121,0.70646,0.39235,0.76315,0.66709
Uw_v11_150p100,s1,122,0.71804,0.38913,0.80372,0.66976
Uw_v11_150p100,s1,123,0.71636,0.40255,0.78341,0.67483
Uw_v11_150p100,s1,124,0.72717,0.4037,0.78586,0.67983
Uw_v11_150p100,s1,125,0.72981,0.40601,0.8126,0.68969
Uw_v11_150p100,s1,126,0.71877,0.40458,0.79148,0.67656
Uw_v11_150p100,s1,127,0.73044,0.39837,0.76445,0.70184
Uw_v11_150p100,s1,128,0.72352,0.40162,0.77436,0.66755
Uw_v11_150p100,s1,129,0.71491,0.39964,0.78482,0.65782
Uw_v11_150p100,s1,130,0.72979,0.41003,0.75045,0.69599
Uw_v11_150p100,s1,131,0.71375,0.3925,0.78241,0.65364
Uw_v11_150p100,s1,132,0.70857,0.39775,0.75101,0.6768
Uw_v11_150p100,s1,133,0.7212,0.40402,0.77682,0.69086
Uw_v11_150p100,s1,134,0.72528,0.40235,0.78028,0.68609
Uw_v11_150p100,s1,135,0.72399,0.40462,0.78238,0.67695
Uw_v11_150p100,s1,136,0.72396,0.40711,0.78393,0.68737
Uw_v11_150p100,s1,137,0.72,0.40056,0.77181,0.68072
Uw_v11_150p100,s1,138,0.71942,0.39782,0.76446,0.68497
Uw_v11_150p100,s1,139,0.7163,0.39846,0.79383,0.66345
Uw_v11_150p100,s1,140,0.71524,0.40143,0.79976,0.65826
Uw_v11_150p100,s1,141,0.72148,0.4063,0.82309,0.66086
Uw_v11_150p100,s1,142,0.71803,0.40144,0.82816,0.64939
Uw_v11_150p100,s1,143,0.71361,0.40109,0.79374,0.6539
Uw_v11_150p100,s1,144,0.71298,0.39516,0.79997,0.65596
Uw_v11_150p100,s1,145,0.71236,0.40012,0.81115,0.67222
Uw_v11_150p100,s1,146,0.72054,0.40109,0.80972,0.66729
Uw_v11_150p100,s1,147,0.71118,0.39746,0.81074,0.65757
Uw_v11_150p100,s1,148,0.71741,0.40352,0.7941,0.66855
Uw_v11_150p100,s1,149,0.71626,0.39823,0.80249,0.66618
Uw_v11_150p100,s1,150,0.71653,0.40193,0.78991,0.66759
Uw_v11_150p100,s2,1,0.73059,0.40569,0.77338,0.67999
Uw_v11_150p100,s2,2,0.71543,0.39466,0.80289,0.63936
Uw_v11_150p100,s2,3,0.71469,0.39312,0.78681,0.65336
Uw_v11_150p100,s2,4,0.70571,0.38663,0.77947,0.63902
Uw_v11_150p100,s2,5,0.70315,0.38671,0.78496,0.64368
Uw_v11_150p100,s2,6,0.7072,0.37146,0.71526,0.70302
Uw_v11_150p100,s2,7,0.68564,0.36403,0.79079,0.63386
Uw_v11_150p100,s2,8,0.70212,0.38165,0.76062,0.6501
Uw_v11_150p100,s2,9,0.68907,0.37488,0.78557,0.62444
Uw_v11_150p100,s2,10,0.71752,0.39236,0.78001,0.64697
Uw_v11_150p100,s2,11,0.72082,0.38922,0.76643,0.68182
Uw_v11_150p100,s2,12,0.69323,0.37271,0.78886,0.64836
Uw_v11_150p100,s2,13,0.68035,0.36782,0.77684,0.63783
Uw_v11_150p100,s2,14,0.69276,0.36136,0.81535,0.62865
Uw_v11_150p100,s2,15,0.71003,0.38767,0.78897,0.64923
Uw_v11_150p100,s2,16,0.71041,0.38783,0.77777,0.6601
Uw_v11_150p100,s2,17,0.69167,0.37545,0.77228,0.65091
Uw_v11_150p100,s2,18,0.68735,0.38087,0.75356,0.65487
Uw_v11_150p100,s2,19,0.6896,0.38394,0.76872,0.64628
Uw_v11_150p100,s2,20,0.70193,0.37634,0.75385,0.67838
Uw_v11_150p100,s2,21,0.7149,0.38992,0.77342,0.68086
Uw_v11_150p100,s2,22,0.71084,0.38905,0.80855,0.65728
Uw_v11_150p100,s2,23,0.68377,0.36836,0.74261,0.65699
Uw_v11_150p100,s2,24,0.69312,0.37297,0.75113,0.68586
Uw_v11_150p100,s2,25,0.70796,0.38464,0.80479,0.65137
Uw_v11_150p100,s2,26,0.6995,0.38316,0.78878,0.64565
Uw_v11_150p100,s2,27,0.69657,0.38144,0.77866,0.64428
Uw_v11_150p100,s2,28,0.69586,0.38223,0.7593,0.64535
Uw_v11_150p100,s2,29,0.68598,0.36623,0.73739,0.65177
Uw_v11_150p100,s2,30,0.71462,0.39197,0.77368,0.68416
Uw_v11_150p100,s2,31,0.7067,0.38656,0.74469,0.68537
Uw_v11_150p100,s2,32,0.70413,0.38458,0.75124,0.68796
Uw_v11_150p100,s2,33,0.71304,0.39842,0.73063,0.72512
Uw_v11_150p100,s2,34,0.68854,0.3673,0.74405,0.67248
Uw_v11_150p100,s2,35,0.70273,0.38118,0.77801,0.64798
Uw_v11_150p100,s2,36,0.70471,0.38097,0.77243,0.64109
Uw_v11_150p100,s2,37,0.70518,0.37792,0.73753,0.6845
Uw_v11_150p100,s2,38,0.71374,0.38595,0.7841,0.67978
Uw_v11_150p100,s2,39,0.70039,0.38351,0.76283,0.67156
Uw_v11_150p100,s2,40,0.70355,0.38015,0.70776,0.6748
Uw_v11_150p100,s2,41,0.70041,0.37958,0.76857,0.67465
Uw_v11_150p100,s2,42,0.70267,0.37918,0.78637,0.6367
Uw_v11_150p100,s2,43,0.69652,0.37954,0.76535,0.65654
Uw_v11_150p100,s2,44,0.70908,0.3879,0.77367,0.66874
Uw_v11_150p100,s2,45,0.70417,0.38297,0.76058,0.67589
Uw_v11_150p100,s2,46,0.69836,0.37681,0.73868,0.67801
Uw_v11_150p100,s2,47,0.69244,0.37638,0.75143,0.66121
Uw_v11_150p100,s2,48,0.70134,0.37859,0.78206,0.64689
Uw_v11_150p100,s2,49,0.71012,0.38103,0.77198,0.68424
Uw_v11_150p100,s2,50,0.71539,0.38673,0.8061,0.67735
Uw_v11_150p100,s2,51,0.70403,0.38292,0.78817,0.6625
Uw_v11_150p100,s2,52,0.70117,0.38786,0.72263,0.69035
Uw_v11_150p100,s2,53,0.70497,0.384,0.73004,0.66609
Uw_v11_150p100,s2,54,0.71244,0.38974,0.77229,0.66266
Uw_v11_150p100,s2,55,0.71064,0.38521,0.79693,0.65064
Uw_v11_150p100,s2,56,0.70789,0.39145,0.80077,0.64757
Uw_v11_150p100,s2,57,0.71672,0.39742,0.78956,0.65869
Uw_v11_150p100,s2,58,0.70393,0.39459,0.76159,0.66563
Uw_v11_150p100,s2,59,0.70281,0.38843,0.75493,0.68875
Uw_v11_150p100,s2,60,0.69144,0.37504,0.7736,0.65671
Uw_v11_150p100,s2,61,0.71896,0.38331,0.79888,0.67793
Uw_v11_150p100,s2,62,0.716,0.39232,0.76974,0.67752
Uw_v11_150p100,s2,63,0.71539,0.39407,0.77258,0.67536
Uw_v11_150p100,s2,64,0.7141,0.39692,0.75534,0.68597
Uw_v11_150p100,s2,65,0.72364,0.39508,0.77674,0.67478
Uw_v11_150p100,s2,66,0.7184,0.38535,0.81654,0.66974
Uw_v11_150p100,s2,67,0.73601,0.40969,0.79808,0.67945
Uw_v11_150p100,s2,68,0.7272,0.40536,0.77028,0.68878
Uw_v11_150p100,s2,69,0.71161,0.38996,0.76592,0.66736
Uw_v11_150p100,s2,70,0.72843,0.39488,0.77243,0.67833
Uw_v11_150p100,s2,71,0.73047,0.39769,0.7967,0.68634
Uw_v11_150p100,s2,72,0.7196,0.40243,0.79815,0.67278
Uw_v11_150p100,s2,73,0.72169,0.39586,0.80333,0.67761
Uw_v11_150p100,s2,74,0.72208,0.39658,0.76582,0.67839
Uw_v11_150p100,s2,75,0.71141,0.39083,0.82208,0.67259
Uw_v11_150p100,s2,76,0.72162,0.39721,0.78956,0.68161
Uw_v11_150p100,s2,77,0.72925,0.39934,0.79579,0.69113
Uw_v11_150p100,s2,78,0.72546,0.39453,0.79754,0.70657
Uw_v11_150p100,s2,79,0.72474,0.40169,0.77659,0.70204
Uw_v11_150p100,s2,80,0.72725,0.39696,0.81971,0.69605
Uw_v11_150p100,s2,81,0.72426,0.39719,0.78173,0.68539
Uw_v11_150p100,s2,82,0.72236,0.39414,0.76767,0.69949
Uw_v11_150p100,s2,83,0.73028,0.39185,0.79329,0.6883
Uw_v11_150p100,s2,84,0.72732,0.39696,0.75156,0.6907
Uw_v11_150p100,s2,85,0.72923,0.4057,0.80197,0.69897
Uw_v11_150p100,s2,86,0.72228,0.39774,0.82581,0.6575
Uw_v11_150p100,s2,87,0.7311,0.40786,0.7909,0.69531
Uw_v11_150p100,s2,88,0.72863,0.4053,0.77472,0.70382
Uw_v11_150p100,s2,89,0.71547,0.40245,0.80861,0.67261
Uw_v11_150p100,s2,90,0.72695,0.40281,0.76888,0.69511
Uw_v11_150p100,s2,91,0.71607,0.39246,0.75614,0.70329
Uw_v11_150p100,s2,92,0.71258,0.39608,0.7315,0.71429
Uw_v11_150p100,s2,93,0.71531,0.39911,0.75745,0.70207
Uw_v11_150p100,s2,94,0.71755,0.39563,0.78395,0.69043
Uw_v11_150p100,s2,95,0.71151,0.3956,0.81053,0.67404
Uw_v11_150p100,s2,96,0.71879,0.39645,0.78199,0.69735
Uw_v11_150p100,s2,97,0.71973,0.40366,0.79195,0.67079
Uw_v11_150p100,s2,98,0.71937,0.40009,0.77716,0.69538
Uw_v11_150p100,s2,99,0.70957,0.3909,0.77681,0.68694
Uw_v11_150p100,s2,100,0.71729,0.3932,0.75271,0.69206
Uw_v11_300p100,s1,1,0.03331,0.01463,0.00432,0.11831
Uw_v11_300p100,s1,2,0.06299,0.02377,0.70505,0.03416
Uw_v11_300p100,s1,3,0.05003,0.01819,0.4159,0.11564
Uw_v11_300p100,s1,4,0.06298,0.02217,0.56586,0.07754
Uw_v11_300p100,s1,5,0.11426,0.04425,0.23785,0.14576
Uw_v11_300p100,s1,6,0.22865,0.09445,0.37418,0.28002
Uw_v11_300p100,s1,7,0.25519,0.10402,0.32994,0.29604
Uw_v11_300p100,s1,8,0.15361,0.06446,0.21955,0.21593
Uw_v11_300p100,s1,9,0.28277,0.11472,0.52572,0.26905
Uw_v11_300p100,s1,10,0.19161,0.07391,0.37191,0.22514
Uw_v11_300p100,s1,11,0.3797,0.17014,0.56601,0.37617
Uw_v11_300p100,s1,12,0.37528,0.1764,0.42237,0.38801
Uw_v11_300p100,s1,13,0.29635,0.11709,0.46404,0.2991
Uw_v11_300p100,s1,14,0.4514,0.21083,0.60173,0.42727
Uw_v11_300p100,s1,15,0.39986,0.19467,0.54432,0.40765
Uw_v11_300p100,s1,16,0.41632,0.20042,0.47652,0.40681
Uw_v11_300p100,s1,17,0.39552,0.17839,0.50116,0.38807
Uw_v11_300p100,s1,18,0.42167,0.19955,0.60652,0.4138
Uw_v11_300p100,s1,19,0.44911,0.21655,0.48119,0.46506
Uw_v11_300p100,s1,20,0.4654,0.2113,0.63006,0.42906
Uw_v11_300p100,s1,21,0.48694,0.23858,0.59863,0.46594
Uw_v11_300p100,s1,22,0.47965,0.22519,0.58626,0.44443
Uw_v11_300p100,s1,23,0.5026,0.22571,0.64188,0.4591
Uw_v11_300p100,s1,24,0.3416,0.15552,0.5614,0.32701
Uw_v11_300p100,s1,25,0.50067,0.24418,0.65329,0.44663
Uw_v11_300p100,s1,26,0.5517,0.26878,0.63228,0.50799
Uw_v11_300p100,s1,27,0.49483,0.23442,0.62595,0.45631
Uw_v11_300p100,s1,28,0.50799,0.25006,0.66646,0.4554
Uw_v11_300p100,s1,29,0.50425,0.23447,0.66838,0.48499
Uw_v11_300p100,s1,30,0.54936,0.26634,0.63507,0.5295
Uw_v11_300p100,s1,31,0.5363,0.26506,0.58185,0.50756
Uw_v11_300p100,s1,32,0.52312,0.25805,0.60269,0.48942
Uw_v11_300p100,s1,33,0.5477,0.26668,0.73295,0.45168
Uw_v11_300p100,s1,34,0.52573,0.26005,0.62138,0.48336
Uw_v11_300p100,s1,35,0.52546,0.25618,0.64119,0.48246
Uw_v11_300p100,s1,36,0.54439,0.27343,0.6959,0.49173
Uw_v11_300p100,s1,37,0.55972,0.28061,0.69055,0.52055
Uw_v11_300p100,s1,38,0.58113,0.29205,0.61447,0.57363
Uw_v11_300p100,s1,39,0.56511,0.29279,0.68398,0.52004
Uw_v11_300p100,s1,40,0.59318,0.29842,0.68236,0.58792
Uw_v11_300p100,s1,41,0.56357,0.27993,0.69891,0.51405
Uw_v11_300p100,s1,42,0.55676,0.28306,0.6645,0.5407
Uw_v11_300p100,s1,43,0.57551,0.28197,0.68409,0.54544
Uw_v11_300p100,s1,44,0.57756,0.28404,0.66829,0.54424
Uw_v11_300p100,s1,45,0.60717,0.30687,0.67766,0.60293
Uw_v11_300p100,s1,46,0.58038,0.28551,0.68225,0.56329
Uw_v11_300p100,s1,47,0.59037,0.29677,0.65844,0.57119
Uw_v11_300p100,s1,48,0.60953,0.32319,0.71293,0.55798
Uw_v11_300p100,s1,49,0.58781,0.29821,0.66369,0.54383
Uw_v11_300p100,s1,50,0.58574,0.29286,0.70138,0.5473
Uw_v11_300p100,s1,51,0.58166,0.29509,0.70507,0.54016
Uw_v11_300p100,s1,52,0.60819,0.30835,0.66225,0.55807
Uw_v11_300p100,s1,53,0.60783,0.30941,0.71511,0.54022
Uw_v11_300p100,s1,54,0.60411,0.30408,0.65254,0.55551
Uw_v11_300p100,s1,55,0.62607,0.32341,0.74889,0.59026
Uw_v11_300p100,s1,56,0.62978,0.32363,0.71759,0.57188
Uw_v11_300p100,s1,57,0.63794,0.3332,0.762,0.56256
Uw_v11_300p100,s1,58,0.6329,0.32711,0.70102,0.56576
Uw_v11_300p100,s1,59,0.61609,0.32532,0.73937,0.57178
Uw_v11_300p100,s1,60,0.67438,0.34756,0.747,0.6467
Uw_v11_300p100,s1,61,0.64544,0.33892,0.70934,0.61679
Uw_v11_300p100,s1,62,0.63726,0.32865,0.74606,0.58008
Uw_v11_300p100,s1,63,0.64604,0.33996,0.68586,0.64124
Uw_v11_300p100,s1,64,0.64317,0.32951,0.68442,0.6157
Uw_v11_300p100,s1,65,0.6257,0.33844,0.64939,0.63111
Uw_v11_300p100,s1,66,0.64272,0.32862,0.74163,0.57609
Uw_v11_300p100,s1,67,0.63884,0.32825,0.74704,0.57931
Uw_v11_300p100,s1,68,0.66378,0.35391,0.75449,0.61059
Uw_v11_300p100,s1,69,0.64611,0.35535,0.74087,0.58188
Uw_v11_300p100,s1,70,0.66193,0.35413,0.74797,0.60724
Uw_v11_300p100,s1,71,0.65251,0.33728,0.67613,0.62664
Uw_v11_300p100,s1,72,0.62639,0.32432,0.66449,0.60763
Uw_v11_300p100,s1,73,0.688,0.35571,0.76567,0.6281
Uw_v11_300p100,s1,74,0.68618,0.36427,0.74766,0.65275
Uw_v11_300p100,s1,75,0.65043,0.33339,0.71177,0.60157
Uw_v11_300p100,s1,76,0.65304,0.34378,0.69869,0.61992
Uw_v11_300p100,s1,77,0.67731,0.35208,0.76216,0.62893
Uw_v11_300p100,s1,78,0.6723,0.34863,0.73898,0.62484
Uw_v11_300p100,s1,79,0.6882,0.35657,0.71469,0.66801
Uw_v11_300p100,s1,80,0.69575,0.35045,0.76726,0.65527
Uw_v11_300p100,s1,81,0.7008,0.36486,0.7544,0.6357
Uw_v11_300p100,s1,82,0.63809,0.32968,0.65928,0.58819
Uw_v11_300p100,s1,83,0.64506,0.32227,0.74444,0.58587
Uw_v11_300p100,s1,84,0.66606,0.35443,0.67437,0.66151
Uw_v11_300p100,s1,85,0.66944,0.34231,0.73405,0.63608
Uw_v11_300p100,s1,86,0.67541,0.3529,0.71435,0.6668
Uw_v11_300p100,s1,87,0.68566,0.36084,0.74918,0.63871
Uw_v11_300p100,s1,88,0.67505,0.35337,0.72201,0.61766
Uw_v11_300p100,s1,89,0.6587,0.34429,0.70351,0.61309
Uw_v11_300p100,s1,90,0.66885,0.35885,0.72516,0.63315
Uw_v11_300p100,s1,91,0.65302,0.35623,0.69579,0.63819
Uw_v11_300p100,s1,92,0.69818,0.37145,0.70887,0.66736
Uw_v11_300p100,s1,93,0.64906,0.33907,0.72076,0.6136
Uw_v11_300p100,s1,94,0.67079,0.35425,0.76442,0.59365
Uw_v11_300p100,s1,95,0.67524,0.36551,0.744,0.61703
Uw_v11_300p100,s1,96,0.67171,0.34763,0.7717,0.61735
Uw_v11_300p100,s1,97,0.67573,0.3566,0.72261,0.64737
Uw_v11_300p100,s1,98,0.68266,0.35169,0.73354,0.64401
Uw_v11_300p100,s1,99,0.66629,0.34865,0.7208,0.60973
Uw_v11_300p100,s1,100,0.67858,0.36295,0.73552,0.61734
Uw_v11_300p100,s1,101,0.68959,0.37414,0.7683,0.64235
Uw_v11_300p100,s1,102,0.68708,0.36372,0.74286,0.65143
Uw_v11_300p100,s1,103,0.69059,0.38119,0.73656,0.63826
Uw_v11_300p100,s1,104,0.69139,0.37631,0.75807,0.65243
Uw_v11_300p100,s1,105,0.67835,0.36214,0.73117,0.63426
Uw_v11_300p100,s1,106,0.67771,0.35727,0.725,0.66447
Uw_v11_300p100,s1,107,0.67987,0.3546,0.74861,0.65539
Uw_v11_300p100,s1,108,0.72606,0.39023,0.75226,0.67731
Uw_v11_300p100,s1,109,0.73185,0.38749,0.77134,0.67181
Uw_v11_300p100,s1,110,0.69675,0.36756,0.77166,0.64555
Uw_v11_300p100,s1,111,0.69145,0.3683,0.75024,0.63278
Uw_v11_300p100,s1,112,0.7086,0.3796,0.77337,0.64925
Uw_v11_300p100,s1,113,0.68448,0.35748,0.7385,0.66492
Uw_v11_300p100,s1,114,0.69221,0.37263,0.75269,0.6415
Uw_v11_300p100,s1,115,0.69367,0.36541,0.73601,0.64674
Uw_v11_300p100,s1,116,0.71338,0.38847,0.79162,0.65097
Uw_v11_300p100,s1,117,0.67959,0.36978,0.74558,0.62429
Uw_v11_300p100,s1,118,0.70292,0.38179,0.7617,0.64801
Uw_v11_300p100,s1,119,0.69941,0.38621,0.75157,0.66933
Uw_v11_300p100,s1,120,0.71432,0.37873,0.80656,0.65205
Uw_v11_300p100,s1,121,0.7162,0.3916,0.75645,0.67629
Uw_v11_300p100,s1,122,0.68732,0.37387,0.75341,0.67173
Uw_v11_300p100,s1,123,0.701,0.38988,0.72786,0.65454
Uw_v11_300p100,s1,124,0.72097,0.40328,0.78577,0.64999
Uw_v11_300p100,s1,125,0.70337,0.37414,0.73521,0.68039
Uw_v11_300p100,s1,126,0.70758,0.37589,0.78025,0.67913
Uw_v11_300p100,s1,127,0.69146,0.37243,0.76797,0.64254
Uw_v11_300p100,s1,128,0.70156,0.37679,0.75279,0.66474
Uw_v11_300p100,s1,129,0.7322,0.38986,0.7601,0.70166
Uw_v11_300p100,s1,130,0.71223,0.37022,0.77393,0.63009
Uw_v11_300p100,s1,131,0.7128,0.38062,0.77297,0.66411
Uw_v11_300p100,s1,132,0.70703,0.371,0.79714,0.62153
Uw_v11_300p100,s1,133,0.71104,0.37712,0.7578,0.66483
Uw_v11_300p100,s1,134,0.72733,0.37867,0.76016,0.68958
Uw_v11_300p100,s1,135,0.72084,0.39013,0.77333,0.69019
Uw_v11_300p100,s1,136,0.70783,0.37967,0.77016,0.63982
Uw_v11_300p100,s1,137,0.71852,0.37929,0.76332,0.67749
Uw_v11_300p100,s1,138,0.70569,0.38396,0.77847,0.665
Uw_v11_300p100,s1,139,0.73249,0.3925,0.79451,0.67133
Uw_v11_300p100,s1,140,0.71539,0.38762,0.80897,0.66886
Uw_v11_300p100,s1,141,0.72353,0.39847,0.77974,0.67145
Uw_v11_300p100,s1,142,0.70808,0.38183,0.7642,0.68133
Uw_v11_300p100,s1,143,0.71273,0.39015,0.73575,0.69964
Uw_v11_300p100,s1,144,0.71656,0.38965,0.79199,0.68023
Uw_v11_300p100,s1,145,0.72524,0.38538,0.77551,0.67402
Uw_v11_300p100,s1,146,0.70919,0.38019,0.80499,0.63644
Uw_v11_300p100,s1,147,0.72776,0.39143,0.80972,0.68157
Uw_v11_300p100,s1,148,0.70926,0.38102,0.78647,0.65541
Uw_v11_300p100,s1,149,0.72773,0.39257,0.75487,0.68743
Uw_v11_300p100,s1,150,0.72757,0.39168,0.78489,0.67408
Uw_v11_300p100,s1,151,0.73428,0.39508,0.80757,0.68039
Uw_v11_300p100,s1,152,0.73066,0.39687,0.77284,0.71081
Uw_v11_300p100,s1,153,0.72526,0.39095,0.80175,0.67261
Uw_v11_300p100,s1,154,0.72984,0.40144,0.77769,0.68963
Uw_v11_300p100,s1,155,0.70775,0.38434,0.76444,0.65235
Uw_v11_300p100,s1,156,0.71964,0.38642,0.76787,0.67625
Uw_v11_300p100,s1,157,0.71258,0.38691,0.77432,0.67136
Uw_v11_300p100,s1,158,0.71667,0.39244,0.77442,0.69227
Uw_v11_300p100,s1,159,0.70604,0.38613,0.7856,0.65798
Uw_v11_300p100,s1,160,0.72505,0.3874,0.80171,0.68809
Uw_v11_300p100,s1,161,0.71749,0.38838,0.78723,0.66362
Uw_v11_300p100,s1,162,0.72036,0.39584,0.79482,0.64592
Uw_v11_300p100,s1,163,0.71496,0.38805,0.76522,0.67659
Uw_v11_300p100,s1,164,0.71578,0.39885,0.72323,0.68562
Uw_v11_300p100,s1,165,0.71597,0.39772,0.76301,0.67889
Uw_v11_300p100,s1,166,0.7065,0.38394,0.78305,0.64441
Uw_v11_300p100,s1,167,0.71413,0.39782,0.78931,0.6655
Uw_v11_300p100,s1,168,0.73551,0.40387,0.73505,0.71464
Uw_v11_300p100,s1,169,0.72862,0.40035,0.74924,0.69605
Uw_v11_300p100,s1,170,0.73243,0.40227,0.77152,0.69851
Uw_v11_300p100,s1,171,0.7322,0.39935,0.77889,0.70528
Uw_v11_300p100,s1,172,0.73396,0.40022,0.77297,0.71693
Uw_v11_300p100,s1,173,0.7299,0.39905,0.75945,0.69781
Uw_v11_300p100,s1,174,0.73788,0.40563,0.7907,0.66929
Uw_v11_300p100,s1,175,0.72553,0.39548,0.78444,0.67555
Uw_v11_300p100,s1,176,0.70383,0.39444,0.75835,0.6701
Uw_v11_300p100,s1,177,0.72673,0.41476,0.7834,0.67294
Uw_v11_300p100,s1,178,0.7273,0.40758,0.77158,0.69387
Uw_v11_300p100,s1,179,0.73528,0.40227,0.77927,0.69827
Uw_v11_300p100,s1,180,0.72826,0.4014,0.75743,0.67664
Uw_v11_300p100,s1,181,0.72198,0.38979,0.82065,0.64579
Uw_v11_300p100,s1,182,0.72723,0.39344,0.79444,0.66988
Uw_v11_300p100,s1,183,0.73647,0.40809,0.76315,0.70931
Uw_v11_300p100,s1,184,0.73068,0.40452,0.77546,0.69021
Uw_v11_300p100,s1,185,0.74465,0.40386,0.81898,0.67448
Uw_v11_300p100,s1,186,0.73662,0.40403,0.74869,0.71209
Uw_v11_300p100,s1,187,0.74261,0.4037,0.80218,0.68519
Uw_v11_300p100,s1,188,0.73703,0.41094,0.76459,0.68394
Uw_v11_300p100,s1,189,0.7395,0.39825,0.77031,0.69484
Uw_v11_300p100,s1,190,0.74262,0.40669,0.7977,0.67121
Uw_v11_300p100,s1,191,0.73495,0.40289,0.79666,0.67906
Uw_v11_300p100,s1,192,0.74779,0.40514,0.8124,0.66655
Uw_v11_300p100,s1,193,0.75334,0.40766,0.80995,0.68665
Uw_v11_300p100,s1,194,0.75488,0.40876,0.81227,0.69243
Uw_v11_300p100,s1,195,0.73318,0.4028,0.79883,0.68827
Uw_v11_300p100,s1,196,0.75131,0.40726,0.79656,0.69522
Uw_v11_300p100,s1,197,0.73761,0.39858,0.82499,0.66606
Uw_v11_300p100,s1,198,0.74145,0.40496,0.7634,0.70798
Uw_v11_300p100,s1,199,0.73839,0.40766,0.79812,0.69531
Uw_v11_300p100,s1,200,0.74229,0.41276,0.77065,0.71296
Uw_v11_300p100,s1,201,0.75318,0.41128,0.81004,0.70849
Uw_v11_300p100,s1,202,0.74339,0.40629,0.75642,0.71239
Uw_v11_300p100,s1,203,0.73188,0.40633,0.75738,0.70373
Uw_v11_300p100,s1,204,0.72819,0.40724,0.75644,0.70486
Uw_v11_300p100,s1,205,0.728,0.4052,0.76835,0.68814
Uw_v11_300p100,s1,206,0.73904,0.40025,0.7783,0.70434
Uw_v11_300p100,s1,207,0.7348,0.40395,0.76707,0.69601
Uw_v11_300p100,s1,208,0.73434,0.40262,0.79057,0.67391
Uw_v11_300p100,s1,209,0.74847,0.40684,0.79391,0.6926
Uw_v11_300p100,s1,210,0.74511,0.41628,0.83023,0.67267
Uw_v11_300p100,s1,211,0.73803,0.41391,0.81229,0.68115
Uw_v11_300p100,s1,212,0.7404,0.41408,0.78895,0.68496
Uw_v11_300p100,s1,213,0.72558,0.40113,0.79727,0.66097
Uw_v11_300p100,s1,214,0.73094,0.40487,0.78916,0.6953
Uw_v11_300p100,s1,215,0.72983,0.40342,0.75889,0.69487
Uw_v11_300p100,s1,216,0.74885,0.40335,0.81166,0.68156
Uw_v11_300p100,s1,217,0.73526,0.40268,0.75078,0.71988
Uw_v11_300p100,s1,218,0.74178,0.40743,0.77814,0.68052
Uw_v11_300p100,s1,219,0.73761,0.40783,0.81195,0.68542
Uw_v11_300p100,s1,220,0.73448,0.40117,0.77147,0.70021
Uw_v11_300p100,s1,221,0.74106,0.40251,0.77603,0.69444
Uw_v11_300p100,s1,222,0.73329,0.40276,0.79703,0.66718
Uw_v11_300p100,s1,223,0.72146,0.401,0.79431,0.67676
Uw_v11_300p100,s1,224,0.72298,0.407,0.72822,0.71063
Uw_v11_300p100,s1,225,0.73927,0.4095,0.76365,0.71541
Uw_v11_300p100,s1,226,0.73988,0.40408,0.81809,0.67956
Uw_v11_300p100,s1,227,0.73557,0.39783,0.80164,0.69348
Uw_v11_300p100,s1,228,0.72315,0.39939,0.78301,0.68852
Uw_v11_300p100,s1,229,0.73239,0.40783,0.80464,0.69446
Uw_v11_300p100,s1,230,0.74132,0.41223,0.81729,0.69852
Uw_v11_300p100,s1,231,0.73382,0.40872,0.81716,0.6707
Uw_v11_300p100,s1,232,0.74137,0.41128,0.74921,0.71673
Uw_v11_300p100,s1,233,0.74378,0.41016,0.76405,0.72
Uw_v11_300p100,s1,234,0.7338,0.40737,0.75963,0.70812
Uw_v11_300p100,s1,235,0.73436,0.40323,0.78067,0.70852
Uw_v11_300p100,s1,236,0.73187,0.39931,0.78276,0.71045
Uw_v11_300p100,s1,237,0.737,0.40167,0.79673,0.69375
Uw_v11_300p100,s1,238,0.73198,0.39853,0.80194,0.68858
Uw_v11_300p100,s1,239,0.72832,0.39896,0.78142,0.68738
Uw_v11_300p100,s1,240,0.72269,0.39925,0.78533,0.67575
Uw_v11_300p100,s1,241,0.72949,0.40357,0.82273,0.66708
Uw_v11_300p100,s1,242,0.72159,0.4,0.77602,0.67745
Uw_v11_300p100,s1,243,0.74001,0.40764,0.7217,0.73486
Uw_v11_300p100,s1,244,0.73162,0.4091,0.7782,0.69318
Uw_v11_300p100,s1,245,0.73443,0.41063,0.77143,0.70411
Uw_v11_300p100,s1,246,0.73235,0.41339,0.78065,0.69539
Uw_v11_300p100,s1,247,0.74401,0.41605,0.75371,0.73286
Uw_v11_300p100,s1,248,0.74466,0.41979,0.73818,0.73556
Uw_v11_300p100,s1,249,0.74669,0.41974,0.79895,0.70729
Uw_v11_300p100,s1,250,0.76012,0.41657,0.78106,0.72789
Uw_v11_300p100,s1,251,0.75635,0.41679,0.78854,0.71963
Uw_v11_300p100,s1,252,0.74876,0.41386,0.78452,0.71158
Uw_v11_300p100,s1,253,0.75267,0.41588,0.77381,0.72341
Uw_v11_300p100,s1,254,0.75242,0.41901,0.79702,0.70187
Uw_v11_300p100,s1,255,0.75733,0.41885,0.79789,0.70682
Uw_v11_300p100,s1,256,0.75811,0.4185,0.78829,0.73091
Uw_v11_300p100,s1,257,0.75506,0.4147,0.80069,0.7071
Uw_v11_300p100,s1,258,0.75388,0.41609,0.74907,0.73628
Uw_v11_300p100,s1,259,0.74764,0.41768,0.80815,0.67872
Uw_v11_300p100,s1,260,0.74811,0.41542,0.80774,0.68309
Uw_v11_300p100,s1,261,0.74494,0.41616,0.78486,0.71085
Uw_v11_300p100,s1,262,0.73796,0.41475,0.78228,0.69554
Uw_v11_300p100,s1,263,0.7359,0.41441,0.79057,0.69383
Uw_v11_300p100,s1,264,0.74045,0.42144,0.78219,0.70049
Uw_v11_300p100,s1,265,0.7555,0.42169,0.7393,0.73237
Uw_v11_300p100,s1,266,0.74919,0.41826,0.73293,0.73095
Uw_v11_300p100,s1,267,0.74709,0.41728,0.73485,0.72195
Uw_v11_300p100,s1,268,0.74608,0.41534,0.76105,0.70818
Uw_v11_300p100,s1,269,0.74401,0.41603,0.74366,0.72382
Uw_v11_300p100,s1,270,0.73888,0.41469,0.79331,0.6902
Uw_v11_300p100,s1,271,0.74474,0.41964,0.79077,0.70468
Uw_v11_300p100,s1,272,0.73816,0.41341,0.81694,0.67273
Uw_v11_300p100,s1,273,0.74443,0.41513,0.79672,0.68423
Uw_v11_300p100,s1,274,0.74974,0.41949,0.79489,0.69173
Uw_v11_300p100,s1,275,0.7381,0.4155,0.73442,0.73146
Uw_v11_300p100,s1,276,0.7483,0.42062,0.79855,0.68629
Uw_v11_300p100,s1,277,0.74676,0.42107,0.80797,0.67281
Uw_v11_300p100,s1,278,0.74523,0.41955,0.81313,0.67254
Uw_v11_300p100,s1,279,0.74168,0.42019,0.82055,0.67316
Uw_v11_300p100,s1,280,0.74931,0.42188,0.81768,0.67613
Uw_v11_300p100,s1,281,0.74385,0.42021,0.7884,0.69434
Uw_v11_300p100,s1,282,0.74231,0.41682,0.78766,0.6895
Uw_v11_300p100,s1,283,0.74806,0.41766,0.78309,0.70496
Uw_v11_300p100,s1,284,0.7468,0.41713,0.76549,0.7176
Uw_v11_300p100,s1,285,0.7436,0.41495,0.81045,0.67838
Uw_v11_300p100,s1,286,0.74618,0.41598,0.78441,0.70199
Uw_v11_300p100,s1,287,0.74325,0.41665,0.78288,0.7068
Uw_v11_300p100,s1,288,0.74264,0.41765,0.77447,0.70933
Uw_v11_300p100,s1,289,0.73678,0.4151,0.78158,0.69734
Uw_v11_300p100,s1,290,0.73792,0.41638,0.7924,0.69296
Uw_v11_300p100,s1,291,0.74109,0.41749,0.78267,0.68995
Uw_v11_300p100,s1,292,0.73616,0.41573,0.76094,0.71315
Uw_v11_300p100,s1,293,0.73284,0.41293,0.74564,0.72396
Uw_v11_300p100,s1,294,0.73903,0.41045,0.76076,0.71287
Uw_v11_300p100,s1,295,0.73929,0.4105,0.74008,0.73296
Uw_v11_300p100,s1,296,0.74001,0.41206,0.80735,0.6746
Uw_v11_300p100,s1,297,0.74305,0.41199,0.75024,0.72164
Uw_v11_300p100,s1,298,0.74188,0.40971,0.74472,0.7216
Uw_v11_300p100,s1,299,0.73988,0.40867,0.74677,0.72276
Uw_v11_300p100,s1,300,0.73911,0.40863,0.74493,0.72206
Uw_v11_300p100,s2,1,0.73295,0.41023,0.81571,0.65843
Uw_v11_300p100,s2,2,0.73391,0.40567,0.79807,0.68087
Uw_v11_300p100,s2,3,0.72923,0.40934,0.76528,0.68922
Uw_v11_300p100,s2,4,0.7225,0.39719,0.79743,0.68558
Uw_v11_300p100,s2,5,0.72907,0.39232,0.80091,0.68957
Uw_v11_300p100,s2,6,0.7214,0.37865,0.75456,0.69345
Uw_v11_300p100,s2,7,0.7288,0.39095,0.75694,0.69831
Uw_v11_300p100,s2,8,0.74143,0.39203,0.79419,0.70199
Uw_v11_300p100,s2,9,0.72779,0.40467,0.78856,0.68659
Uw_v11_300p100,s2,10,0.73787,0.41796,0.79192,0.67743
Uw_v11_300p100,s2,11,0.73001,0.4059,0.8241,0.64984
Uw_v11_300p100,s2,12,0.73396,0.40624,0.78656,0.67871
Uw_v11_300p100,s2,13,0.72443,0.40236,0.7795,0.69918
Uw_v11_300p100,s2,14,0.73328,0.40653,0.7563,0.70058
Uw_v11_300p100,s2,15,0.73341,0.40424,0.75489,0.7046
Uw_v11_300p100,s2,16,0.74387,0.41199,0.78243,0.68496
Uw_v11_300p100,s2,17,0.7309,0.41017,0.76769,0.70663
Uw_v11_300p100,s2,18,0.71795,0.39085,0.7823,0.67515
Uw_v11_300p100,s2,19,0.70109,0.38667,0.79084,0.64425
Uw_v11_300p100,s2,20,0.72616,0.39793,0.74678,0.70067
Uw_v11_300p100,s2,21,0.71621,0.39817,0.75925,0.6877
Uw_v11_300p100,s2,22,0.71841,0.39424,0.71531,0.70004
Uw_v11_300p100,s2,23,0.72712,0.3976,0.82995,0.67251
Uw_v11_300p100,s2,24,0.71667,0.3926,0.78938,0.68521
Uw_v11_300p100,s2,25,0.7095,0.39446,0.75735,0.69276
Uw_v11_300p100,s2,26,0.72791,0.40476,0.80213,0.66961
Uw_v11_300p100,s2,27,0.69869,0.37634,0.77238,0.64773
Uw_v11_300p100,s2,28,0.70701,0.3888,0.73698,0.68346
Uw_v11_300p100,s2,29,0.72485,0.39777,0.7994,0.66986
Uw_v11_300p100,s2,30,0.74595,0.4078,0.79761,0.68694
Uw_v11_300p100,s2,31,0.73005,0.39724,0.75682,0.71112
Uw_v11_300p100,s2,32,0.73464,0.40334,0.8285,0.66269
Uw_v11_300p100,s2,33,0.73159,0.40825,0.7991,0.68982
Uw_v11_300p100,s2,34,0.74263,0.40618,0.78174,0.70368
Uw_v11_300p100,s2,35,0.7184,0.39969,0.75836,0.69353
Uw_v11_300p100,s2,36,0.70045,0.39976,0.77522,0.65341
Uw_v11_300p100,s2,37,0.72473,0.40019,0.73996,0.69912
Uw_v11_300p100,s2,38,0.72752,0.4053,0.75507,0.69634
Uw_v11_300p100,s2,39,0.74341,0.41039,0.80188,0.69697
Uw_v11_300p100,s2,40,0.73206,0.4015,0.77493,0.7024
Uw_v11_300p100,s2,41,0.73802,0.40899,0.77888,0.72087
Uw_v11_300p100,s2,42,0.72469,0.40642,0.71814,0.7305
Uw_v11_300p100,s2,43,0.71551,0.39107,0.71807,0.70624
Uw_v11_300p100,s2,44,0.74834,0.40672,0.80566,0.69205
Uw_v11_300p100,s2,45,0.72768,0.40673,0.78231,0.68647
Uw_v11_300p100,s2,46,0.73017,0.40308,0.80974,0.68707
Uw_v11_300p100,s2,47,0.72736,0.39781,0.78355,0.68843
Uw_v11_300p100,s2,48,0.74406,0.41077,0.76316,0.7106
Uw_v11_300p100,s2,49,0.73551,0.41081,0.79769,0.67879
Uw_v11_300p100,s2,50,0.72305,0.39944,0.78936,0.68795
Uw_v11_300p100,s2,51,0.73103,0.4102,0.80583,0.67878
Uw_v11_300p100,s2,52,0.72694,0.40102,0.77804,0.6833
Uw_v11_300p100,s2,53,0.7256,0.40441,0.7834,0.68382
Uw_v11_300p100,s2,54,0.72693,0.41118,0.7535,0.70276
Uw_v11_300p100,s2,55,0.7425,0.40677,0.83267,0.68717
Uw_v11_300p100,s2,56,0.72399,0.40638,0.75897,0.7161
Uw_v11_300p100,s2,57,0.72688,0.39948,0.78032,0.71086
Uw_v11_300p100,s2,58,0.71782,0.40391,0.74831,0.70225
Uw_v11_300p100,s2,59,0.72239,0.40846,0.75798,0.70861
Uw_v11_300p100,s2,60,0.72237,0.40513,0.81703,0.68685
Uw_v11_300p100,s2,61,0.71471,0.40187,0.78795,0.68796
Uw_v11_300p100,s2,62,0.72025,0.41023,0.81589,0.68238
Uw_v11_300p100,s2,63,0.71209,0.40157,0.78343,0.67228
Uw_v11_300p100,s2,64,0.73027,0.40663,0.7332,0.72324
Uw_v11_300p100,s2,65,0.73154,0.41515,0.82438,0.66297
Uw_v11_300p100,s2,66,0.72459,0.41262,0.80493,0.69534
Uw_v11_300p100,s2,67,0.74923,0.42077,0.78983,0.71265
Uw_v11_300p100,s2,68,0.73111,0.41243,0.81521,0.68123
Uw_v11_300p100,s2,69,0.74346,0.41597,0.81004,0.70338
Uw_v11_300p100,s2,70,0.75172,0.41441,0.80618,0.71373
Uw_v11_300p100,s2,71,0.74951,0.41735,0.83915,0.67271
Uw_v11_300p100,s2,72,0.74151,0.41227,0.8249,0.69249
Uw_v11_300p100,s2,73,0.73496,0.4108,0.83578,0.66073
Uw_v11_300p100,s2,74,0.7527,0.41607,0.73422,0.74552
Uw_v11_300p100,s2,75,0.73749,0.40991,0.79284,0.71975
Uw_v11_300p100,s2,76,0.74034,0.41272,0.77123,0.72086
Uw_v11_300p100,s2,77,0.73545,0.4107,0.78442,0.7189
Uw_v11_300p100,s2,78,0.73128,0.41274,0.77921,0.7061
Uw_v11_300p100,s2,79,0.74646,0.41437,0.81408,0.69556
Uw_v11_300p100,s2,80,0.74459,0.41456,0.77784,0.71055
Uw_v11_300p100,s2,81,0.74923,0.42045,0.78608,0.71698
Uw_v11_300p100,s2,82,0.73585,0.41023,0.75024,0.72652
Uw_v11_300p100,s2,83,0.7375,0.41262,0.79851,0.67561
Uw_v11_300p100,s2,84,0.73838,0.40612,0.74826,0.72408
Uw_v11_300p100,s2,85,0.73807,0.41081,0.74995,0.71472
Uw_v11_300p100,s2,86,0.73955,0.41218,0.79416,0.69539
Uw_v11_300p100,s2,87,0.73379,0.4159,0.79138,0.71704
Uw_v11_300p100,s2,88,0.73649,0.41867,0.76705,0.72311
Uw_v11_300p100,s2,89,0.74155,0.41444,0.80026,0.683
Uw_v11_300p100,s2,90,0.74,0.41581,0.77154,0.7198
Uw_v11_300p100,s2,91,0.74244,0.41113,0.78618,0.72559
Uw_v11_300p100,s2,92,0.73536,0.4087,0.77351,0.70858
Uw_v11_300p100,s2,93,0.73424,0.41475,0.79305,0.70005
Uw_v11_300p100,s2,94,0.7338,0.41156,0.81031,0.7074
Uw_v11_300p100,s2,95,0.73523,0.41349,0.78261,0.70371
Uw_v11_300p100,s2,96,0.74321,0.41427,0.79939,0.69918
Uw_v11_300p100,s2,97,0.74455,0.41639,0.83274,0.69386
Uw_v11_300p100,s2,98,0.74531,0.41886,0.78604,0.72112
Uw_v11_300p100,s2,99,0.73735,0.41385,0.78042,0.71741
Uw_v11_300p100,s2,100,0.74238,0.41214,0.77594,0.7254
Uw_v8_150p100,s1,1,0.03422,0.01465,0.00409,0.14207
Uw_v8_150p100,s1,2,0.08482,0.03501,0.79381,0.05403
Uw_v8_150p100,s1,3,0.05538,0.02112,0.28214,0.09477
Uw_v8_150p100,s1,4,0.07724,0.02771,0.19381,0.11847
Uw_v8_150p100,s1,5,0.19852,0.07955,0.36733,0.24641
Uw_v8_150p100,s1,6,0.23875,0.09145,0.4054,0.24704
Uw_v8_150p100,s1,7,0.25911,0.1103,0.4514,0.25272
Uw_v8_150p100,s1,8,0.30671,0.14161,0.44016,0.30788
Uw_v8_150p100,s1,9,0.35794,0.16166,0.56946,0.34047
Uw_v8_150p100,s1,10,0.37377,0.16491,0.56622,0.34767
Uw_v8_150p100,s1,11,0.31181,0.15142,0.56912,0.29191
Uw_v8_150p100,s1,12,0.39984,0.18563,0.42501,0.4114
Uw_v8_150p100,s1,13,0.42615,0.19779,0.62612,0.40904
Uw_v8_150p100,s1,14,0.47216,0.22617,0.57255,0.42208
Uw_v8_150p100,s1,15,0.42735,0.21155,0.56732,0.413
Uw_v8_150p100,s1,16,0.42067,0.20761,0.52711,0.39692
Uw_v8_150p100,s1,17,0.4458,0.2078,0.5881,0.46831
Uw_v8_150p100,s1,18,0.4772,0.24613,0.54895,0.50312
Uw_v8_150p100,s1,19,0.43744,0.21478,0.50992,0.449
Uw_v8_150p100,s1,20,0.52727,0.25746,0.60197,0.51833
Uw_v8_150p100,s1,21,0.52644,0.24983,0.66429,0.48431
Uw_v8_150p100,s1,22,0.53288,0.26158,0.66306,0.50413
Uw_v8_150p100,s1,23,0.56486,0.26782,0.72589,0.50946
Uw_v8_150p100,s1,24,0.51746,0.23943,0.61097,0.50434
Uw_v8_150p100,s1,25,0.5287,0.27306,0.54613,0.52433
Uw_v8_150p100,s1,26,0.57017,0.27421,0.64634,0.5308
Uw_v8_150p100,s1,27,0.54746,0.28161,0.66636,0.5074
Uw_v8_150p100,s1,28,0.55828,0.27367,0.6681,0.49907
Uw_v8_150p100,s1,29,0.57616,0.28776,0.79154,0.48994
Uw_v8_150p100,s1,30,0.58102,0.29203,0.6566,0.52063
Uw_v8_150p100,s1,31,0.57691,0.29187,0.71503,0.53371
Uw_v8_150p100,s1,32,0.57436,0.29884,0.65798,0.55055
Uw_v8_150p100,s1,33,0.55654,0.29463,0.68543,0.51068
Uw_v8_150p100,s1,34,0.54651,0.26302,0.68088,0.49742
Uw_v8_150p100,s1,35,0.60379,0.30192,0.66777,0.56573
Uw_v8_150p100,s1,36,0.58081,0.29479,0.75788,0.49736
Uw_v8_150p100,s1,37,0.56033,0.27995,0.70356,0.52786
Uw_v8_150p100,s1,38,0.60277,0.31496,0.73849,0.52936
Uw_v8_150p100,s1,39,0.62348,0.33879,0.73661,0.56564
Uw_v8_150p100,s1,40,0.60391,0.31981,0.70552,0.54856
Uw_v8_150p100,s1,41,0.60998,0.3099,0.68369,0.5899
Uw_v8_150p100,s1,42,0.62447,0.32221,0.68357,0.58805
Uw_v8_150p100,s1,43,0.60353,0.31282,0.71071,0.55101
Uw_v8_150p100,s1,44,0.59038,0.30202,0.69401,0.55111
Uw_v8_150p100,s1,45,0.59089,0.30547,0.65375,0.55505
Uw_v8_150p100,s1,46,0.595,0.31502,0.7411,0.53375
Uw_v8_150p100,s1,47,0.66855,0.35911,0.71843,0.62296
Uw_v8_150p100,s1,48,0.61841,0.31533,0.6845,0.57575
Uw_v8_150p100,s1,49,0.63033,0.31887,0.68768,0.57434
Uw_v8_150p100,s1,50,0.64307,0.32185,0.71506,0.59141
Uw_v8_150p100,s1,51,0.62075,0.32745,0.71831,0.5735
Uw_v8_150p100,s1,52,0.61635,0.33609,0.75283,0.57969
Uw_v8_150p100,s1,53,0.63134,0.34227,0.72266,0.57196
Uw_v8_150p100,s1,54,0.63186,0.32633,0.72478,0.58786
Uw_v8_150p100,s1,55,0.60612,0.30395,0.67062,0.57104
Uw_v8_150p100,s1,56,0.62603,0.32459,0.69323,0.60409
Uw_v8_150p100,s1,57,0.63836,0.33441,0.71734,0.60212
Uw_v8_150p100,s1,58,0.65525,0.35355,0.75046,0.59956
Uw_v8_150p100,s1,59,0.64891,0.3518,0.75043,0.61251
Uw_v8_150p100,s1,60,0.66718,0.34317,0.73868,0.61148
Uw_v8_150p100,s1,61,0.65942,0.34058,0.72497,0.62462
Uw_v8_150p100,s1,62,0.64564,0.34241,0.73608,0.57818
Uw_v8_150p100,s1,63,0.64902,0.34059,0.69746,0.63025
Uw_v8_150p100,s1,64,0.67837,0.36451,0.77347,0.6064
Uw_v8_150p100,s1,65,0.65523,0.34094,0.73993,0.59278
Uw_v8_150p100,s1,66,0.68598,0.3527,0.78542,0.63193
Uw_v8_150p100,s1,67,0.64431,0.34566,0.75614,0.5798
Uw_v8_150p100,s1,68,0.61664,0.32351,0.74272,0.5685
Uw_v8_150p100,s1,69,0.65738,0.35913,0.74576,0.6269
Uw_v8_150p100,s1,70,0.66842,0.36392,0.72656,0.6384
Uw_v8_150p100,s1,71,0.67245,0.3595,0.75924,0.60186
Uw_v8_150p100,s1,72,0.66013,0.35529,0.7089,0.62208
Uw_v8_150p100,s1,73,0.6961,0.35865,0.75656,0.64767
Uw_v8_150p100,s1,74,0.69588,0.3691,0.81743,0.61769
Uw_v8_150p100,s1,75,0.68378,0.37122,0.74759,0.63504
Uw_v8_150p100,s1,76,0.66757,0.35576,0.74473,0.63612
Uw_v8_150p100,s1,77,0.66213,0.36635,0.77078,0.60997
Uw_v8_150p100,s1,78,0.66208,0.35257,0.75393,0.62808
Uw_v8_150p100,s1,79,0.67298,0.35765,0.80335,0.5919
Uw_v8_150p100,s1,80,0.65992,0.35808,0.72293,0.62684
Uw_v8_150p100,s1,81,0.67659,0.35376,0.76597,0.61792
Uw_v8_150p100,s1,82,0.6819,0.36987,0.77523,0.62575
Uw_v8_150p100,s1,83,0.67821,0.35946,0.76499,0.63399
Uw_v8_150p100,s1,84,0.68307,0.36976,0.73991,0.64523
Uw_v8_150p100,s1,85,0.68306,0.36837,0.79279,0.62134
Uw_v8_150p100,s1,86,0.68965,0.37246,0.80818,0.61757
Uw_v8_150p100,s1,87,0.69381,0.37082,0.74373,0.63515
Uw_v8_150p100,s1,88,0.69165,0.36468,0.76856,0.64561
Uw_v8_150p100,s1,89,0.67989,0.37532,0.78909,0.61766
Uw_v8_150p100,s1,90,0.6898,0.36527,0.80014,0.6161
Uw_v8_150p100,s1,91,0.69857,0.37141,0.81904,0.6352
Uw_v8_150p100,s1,92,0.69683,0.37991,0.75211,0.68134
Uw_v8_150p100,s1,93,0.70969,0.37613,0.76916,0.66588
Uw_v8_150p100,s1,94,0.70975,0.37605,0.80652,0.65182
Uw_v8_150p100,s1,95,0.71016,0.37996,0.81218,0.64605
Uw_v8_150p100,s1,96,0.69723,0.37209,0.79739,0.62221
Uw_v8_150p100,s1,97,0.71474,0.38054,0.78816,0.65745
Uw_v8_150p100,s1,98,0.71092,0.38188,0.80705,0.65227
Uw_v8_150p100,s1,99,0.69657,0.37017,0.81693,0.63011
Uw_v8_150p100,s1,100,0.70361,0.37446,0.78883,0.65482
Uw_v8_150p100,s1,101,0.70559,0.37871,0.81108,0.64232
Uw_v8_150p100,s1,102,0.70885,0.38269,0.78487,0.65113
Uw_v8_150p100,s1,103,0.71488,0.37482,0.85387,0.62145
Uw_v8_150p100,s1,104,0.71306,0.38646,0.79143,0.66018
Uw_v8_150p100,s1,105,0.70104,0.37485,0.80722,0.65915
Uw_v8_150p100,s1,106,0.72129,0.38838,0.78961,0.69084
Uw_v8_150p100,s1,107,0.69055,0.37085,0.73367,0.64564
Uw_v8_150p100,s1,108,0.70779,0.38169,0.80099,0.64564
Uw_v8_150p100,s1,109,0.70333,0.3729,0.78668,0.64407
Uw_v8_150p100,s1,110,0.69552,0.37823,0.75463,0.6411
Uw_v8_150p100,s1,111,0.69258,0.37595,0.8033,0.63416
Uw_v8_150p100,s1,112,0.69965,0.37403,0.78101,0.6664
Uw_v8_150p100,s1,113,0.70768,0.37989,0.74989,0.66077
Uw_v8_150p100,s1,114,0.71397,0.3829,0.81657,0.65444
Uw_v8_150p100,s1,115,0.69781,0.37641,0.77681,0.66549
Uw_v8_150p100,s1,116,0.71107,0.38157,0.77562,0.64722
Uw_v8_150p100,s1,117,0.71962,0.39167,0.81154,0.65701
Uw_v8_150p100,s1,118,0.71158,0.39301,0.74156,0.68881
Uw_v8_150p100,s1,119,0.71362,0.38647,0.75631,0.67718
Uw_v8_150p100,s1,120,0.71395,0.38141,0.78846,0.6796
Uw_v8_150p100,s1,121,0.69178,0.37147,0.79834,0.63769
Uw_v8_150p100,s1,122,0.70923,0.38675,0.7644,0.66116
Uw_v8_150p100,s1,123,0.71888,0.39515,0.78623,0.65566
Uw_v8_150p100,s1,124,0.72088,0.39769,0.77768,0.66803
Uw_v8_150p100,s1,125,0.70283,0.38846,0.77179,0.65301
Uw_v8_150p100,s1,126,0.72058,0.38937,0.79903,0.66764
Uw_v8_150p100,s1,127,0.71856,0.39344,0.77152,0.66821
Uw_v8_150p100,s1,128,0.71278,0.38566,0.77901,0.66046
Uw_v8_150p100,s1,129,0.71957,0.3919,0.81535,0.65541
Uw_v8_150p100,s1,130,0.72228,0.39255,0.76835,0.67887
Uw_v8_150p100,s1,131,0.71371,0.39597,0.74501,0.68074
Uw_v8_150p100,s1,132,0.71144,0.3875,0.78749,0.65405
Uw_v8_150p100,s1,133,0.71257,0.38948,0.75795,0.65974
Uw_v8_150p100,s1,134,0.71704,0.39178,0.74195,0.68473
Uw_v8_150p100,s1,135,0.72533,0.39819,0.81232,0.6449
Uw_v8_150p100,s1,136,0.72103,0.39487,0.81975,0.65433
Uw_v8_150p100,s1,137,0.71923,0.39633,0.7988,0.67293
Uw_v8_150p100,s1,138,0.71624,0.39335,0.7641,0.68899
Uw_v8_150p100,s1,139,0.71769,0.38904,0.79238,0.66463
Uw_v8_150p100,s1,140,0.72358,0.39219,0.8101,0.68049
Uw_v8_150p100,s1,141,0.70862,0.38812,0.78673,0.65474
Uw_v8_150p100,s1,142,0.70098,0.38596,0.81481,0.64054
Uw_v8_150p100,s1,143,0.71122,0.3894,0.8185,0.65295
Uw_v8_150p100,s1,144,0.70899,0.3872,0.80096,0.65018
Uw_v8_150p100,s1,145,0.71517,0.39347,0.78175,0.67521
Uw_v8_150p100,s1,146,0.7126,0.38947,0.80104,0.66364
Uw_v8_150p100,s1,147,0.71549,0.39291,0.80741,0.66171
Uw_v8_150p100,s1,148,0.72466,0.39705,0.83123,0.65743
Uw_v8_150p100,s1,149,0.71639,0.39313,0.82033,0.65079
Uw_v8_150p100,s1,150,0.71607,0.39632,0.8303,0.64849
Uw_v8_150p100,s2,1,0.72309,0.39049,0.7864,0.66485
Uw_v8_150p100,s2,2,0.72146,0.38692,0.76954,0.67665
Uw_v8_150p100,s2,3,0.70407,0.38197,0.8238,0.62612
Uw_v8_150p100,s2,4,0.71758,0.37918,0.76284,0.67125
Uw_v8_150p100,s2,5,0.69162,0.37291,0.79075,0.64922
Uw_v8_150p100,s2,6,0.70683,0.3688,0.72161,0.69276
Uw_v8_150p100,s2,7,0.72028,0.38356,0.75528,0.68613
Uw_v8_150p100,s2,8,0.69086,0.3653,0.81493,0.61669
Uw_v8_150p100,s2,9,0.70063,0.37699,0.81894,0.6367
Uw_v8_150p100,s2,10,0.70717,0.38061,0.74607,0.67779
Uw_v8_150p100,s2,11,0.69916,0.38254,0.82641,0.62051
Uw_v8_150p100,s2,12,0.6769,0.36391,0.78306,0.61793
Uw_v8_150p100,s2,13,0.70712,0.37363,0.8017,0.63419
Uw_v8_150p100,s2,14,0.71247,0.38934,0.81507,0.66028
Uw_v8_150p100,s2,15,0.6912,0.37846,0.80316,0.65041
Uw_v8_150p100,s2,16,0.71188,0.38412,0.80465,0.65325
Uw_v8_150p100,s2,17,0.72036,0.39466,0.78431,0.67186
Uw_v8_150p100,s2,18,0.70096,0.3872,0.77447,0.64891
Uw_v8_150p100,s2,19,0.70349,0.38549,0.7714,0.66479
Uw_v8_150p100,s2,20,0.69648,0.37827,0.77503,0.66178
Uw_v8_150p100,s2,21,0.70671,0.3796,0.82359,0.64717
Uw_v8_150p100,s2,22,0.6984,0.37539,0.80289,0.66277
Uw_v8_150p100,s2,23,0.69643,0.37503,0.79083,0.65375
Uw_v8_150p100,s2,24,0.72735,0.38887,0.78286,0.68423
Uw_v8_150p100,s2,25,0.70711,0.39111,0.78301,0.66228
Uw_v8_150p100,s2,26,0.70502,0.3857,0.79301,0.65998
Uw_v8_150p100,s2,27,0.71243,0.38683,0.81138,0.63014
Uw_v8_150p100,s2,28,0.70822,0.38613,0.80931,0.64908
Uw_v8_150p100,s2,29,0.70936,0.38372,0.78134,0.67559
Uw_v8_150p100,s2,30,0.71191,0.38563,0.79718,0.66056
Uw_v8_150p100,s2,31,0.73419,0.407,0.82116,0.66098
Uw_v8_150p100,s2,32,0.71606,0.39205,0.78802,0.6635
Uw_v8_150p100,s2,33,0.71557,0.38425,0.79793,0.66822
Uw_v8_150p100,s2,34,0.71445,0.39672,0.80023,0.66175
Uw_v8_150p100,s2,35,0.72444,0.40881,0.777,0.68757
Uw_v8_150p100,s2,36,0.72588,0.40438,0.83255,0.66753
Uw_v8_150p100,s2,37,0.71626,0.39263,0.80553,0.68588
Uw_v8_150p100,s2,38,0.72974,0.4063,0.76956,0.70649
Uw_v8_150p100,s2,39,0.72402,0.4055,0.79005,0.66415
Uw_v8_150p100,s2,40,0.71187,0.3994,0.79016,0.66835
Uw_v8_150p100,s2,41,0.72748,0.40309,0.78549,0.68733
Uw_v8_150p100,s2,42,0.72131,0.39689,0.80126,0.66272
Uw_v8_150p100,s2,43,0.71533,0.39792,0.86009,0.6375
Uw_v8_150p100,s2,44,0.70713,0.38562,0.76445,0.67853
Uw_v8_150p100,s2,45,0.72628,0.40215,0.77615,0.6799
Uw_v8_150p100,s2,46,0.71907,0.39525,0.76956,0.69507
Uw_v8_150p100,s2,47,0.71914,0.39706,0.81646,0.66847
Uw_v8_150p100,s2,48,0.71074,0.39158,0.77917,0.68595
Uw_v8_150p100,s2,49,0.69461,0.36914,0.80033,0.63218
Uw_v8_150p100,s2,50,0.70654,0.38916,0.80663,0.66567
Uw_v8_150p100,s2,51,0.72497,0.40298,0.81378,0.6576
Uw_v8_150p100,s2,52,0.70654,0.3861,0.77193,0.68031
Uw_v8_150p100,s2,53,0.72005,0.39422,0.81933,0.66456
Uw_v8_150p100,s2,54,0.72331,0.39216,0.80297,0.66901
Uw_v8_150p100,s2,55,0.71163,0.39078,0.78304,0.67948
Uw_v8_150p100,s2,56,0.70136,0.38384,0.78613,0.66168
Uw_v8_150p100,s2,57,0.70559,0.38487,0.77693,0.67193
Uw_v8_150p100,s2,58,0.7177,0.39305,0.76977,0.69547
Uw_v8_150p100,s2,59,0.72308,0.3989,0.80842,0.67274
Uw_v8_150p100,s2,60,0.71656,0.39362,0.77975,0.6794
Uw_v8_150p100,s2,61,0.70135,0.38433,0.78611,0.68114
Uw_v8_150p100,s2,62,0.72415,0.39582,0.75575,0.70572
Uw_v8_150p100,s2,63,0.71981,0.40354,0.79341,0.67092
Uw_v8_150p100,s2,64,0.70741,0.3984,0.79747,0.66235
Uw_v8_150p100,s2,65,0.72136,0.39462,0.80965,0.66269
Uw_v8_150p100,s2,66,0.70419,0.39347,0.77448,0.67731
Uw_v8_150p100,s2,67,0.7163,0.39649,0.78433,0.67193
Uw_v8_150p100,s2,68,0.71659,0.40025,0.77757,0.68748
Uw_v8_150p100,s2,69,0.71744,0.39513,0.81103,0.67975
Uw_v8_150p100,s2,70,0.72311,0.39629,0.82848,0.67577
Uw_v8_150p100,s2,71,0.71702,0.39965,0.80534,0.66673
Uw_v8_150p100,s2,72,0.72107,0.40243,0.79052,0.67339
Uw_v8_150p100,s2,73,0.70756,0.38823,0.80314,0.6622
Uw_v8_150p100,s2,74,0.70913,0.38505,0.82299,0.63857
Uw_v8_150p100,s2,75,0.71721,0.39906,0.7772,0.67501
Uw_v8_150p100,s2,76,0.71136,0.39763,0.75057,0.70306
Uw_v8_150p100,s2,77,0.71054,0.39768,0.78661,0.68704
Uw_v8_150p100,s2,78,0.7132,0.40212,0.80134,0.68007
Uw_v8_150p100,s2,79,0.71098,0.39854,0.79296,0.6734
Uw_v8_150p100,s2,80,0.71638,0.38844,0.80797,0.6713
Uw_v8_150p100,s2,81,0.71381,0.38733,0.78232,0.66166
Uw_v8_150p100,s2,82,0.71862,0.40241,0.77266,0.68535
Uw_v8_150p100,s2,83,0.71278,0.39799,0.7809,0.69217
Uw_v8_150p100,s2,84,0.71197,0.39216,0.82021,0.65868
Uw_v8_150p100,s2,85,0.72027,0.39214,0.78688,0.69
Uw_v8_150p100,s2,86,0.72887,0.40674,0.80064,0.6844
Uw_v8_150p100,s2,87,0.71826,0.39382,0.80477,0.66604
Uw_v8_150p100,s2,88,0.70732,0.40007,0.7464,0.68191
Uw_v8_150p100,s2,89,0.70771,0.3965,0.79504,0.67054
Uw_v8_150p100,s2,90,0.70845,0.39594,0.80484,0.67125
Uw_v8_150p100,s2,91,0.70845,0.39813,0.78254,0.67794
Uw_v8_150p100,s2,92,0.6971,0.38779,0.78686,0.66829
Uw_v8_150p100,s2,93,0.71235,0.39331,0.74685,0.70147
Uw_v8_150p100,s2,94,0.70602,0.39219,0.80839,0.65821
Uw_v8_150p100,s2,95,0.71378,0.39821,0.78023,0.68069
Uw_v8_150p100,s2,96,0.71268,0.40097,0.81373,0.65278
Uw_v8_150p100,s2,97,0.72147,0.40136,0.81314,0.68294
Uw_v8_150p100,s2,98,0.71924,0.40195,0.82402,0.67306
Uw_v8_150p100,s2,99,0.71299,0.40097,0.80849,0.65927
Uw_v8_150p100,s2,100,0.70762,0.39712,0.76571,0.69554
Uw_v8_300p100,s1,1,0.03422,0.01465,0.00409,0.14207
Uw_v8_300p100,s1,2,0.10007,0.0414,0.84033,0.07157
Uw_v8_300p100,s1,3,0.0775,0.0307,0.16021,0.17171
Uw_v8_300p100,s1,4,0.05632,0.01914,0.11716,0.12522
Uw_v8_300p100,s1,5,0.07919,0.03088,0.20305,0.13495
Uw_v8_300p100,s1,6,0.13013,0.05211,0.21243,0.17871
Uw_v8_300p100,s1,7,0.26551,0.09835,0.42928,0.26808
Uw_v8_300p100,s1,8,0.26182,0.11101,0.40547,0.31152
Uw_v8_300p100,s1,9,0.38382,0.17595,0.52624,0.40064
Uw_v8_300p100,s1,10,0.36662,0.16656,0.4945,0.3744
Uw_v8_300p100,s1,11,0.37462,0.17726,0.56701,0.3615
Uw_v8_300p100,s1,12,0.43881,0.19811,0.57163,0.41999
Uw_v8_300p100,s1,13,0.34793,0.14457,0.51867,0.34927
Uw_v8_300p100,s1,14,0.41307,0.19904,0.52685,0.42996
Uw_v8_300p100,s1,15,0.42372,0.19685,0.57976,0.42297
Uw_v8_300p100,s1,16,0.48233,0.23278,0.55949,0.44568
Uw_v8_300p100,s1,17,0.46053,0.21643,0.6441,0.42027
Uw_v8_300p100,s1,18,0.46873,0.22781,0.60989,0.44317
Uw_v8_300p100,s1,19,0.53032,0.25874,0.61048,0.48818
Uw_v8_300p100,s1,20,0.48375,0.24371,0.60487,0.46465
Uw_v8_300p100,s1,21,0.48439,0.2341,0.69135,0.47159
Uw_v8_300p100,s1,22,0.48459,0.23831,0.68046,0.43304
Uw_v8_300p100,s1,23,0.52185,0.24705,0.73082,0.44109
Uw_v8_300p100,s1,24,0.52106,0.25889,0.62353,0.50464
Uw_v8_300p100,s1,25,0.51806,0.2701,0.62902,0.49184
Uw_v8_300p100,s1,26,0.53665,0.26306,0.59044,0.52771
Uw_v8_300p100,s1,27,0.55392,0.27644,0.68057,0.50547
Uw_v8_300p100,s1,28,0.50653,0.25152,0.62249,0.48423
Uw_v8_300p100,s1,29,0.56125,0.28491,0.68667,0.53626
Uw_v8_300p100,s1,30,0.58619,0.29379,0.64306,0.55412
Uw_v8_300p100,s1,31,0.55218,0.26378,0.69967,0.50671
Uw_v8_300p100,s1,32,0.54992,0.28625,0.66881,0.5046
Uw_v8_300p100,s1,33,0.57691,0.30575,0.66198,0.5323
Uw_v8_300p100,s1,34,0.55116,0.2695,0.66959,0.5059
Uw_v8_300p100,s1,35,0.56839,0.28111,0.66078,0.53278
Uw_v8_300p100,s1,36,0.56676,0.29932,0.71356,0.50444
Uw_v8_300p100,s1,37,0.56969,0.29882,0.69691,0.53253
Uw_v8_300p100,s1,38,0.62261,0.31685,0.70267,0.56568
Uw_v8_300p100,s1,39,0.5733,0.30104,0.6637,0.52151
Uw_v8_300p100,s1,40,0.56682,0.29561,0.6885,0.54537
Uw_v8_300p100,s1,41,0.58143,0.29851,0.74498,0.50775
Uw_v8_300p100,s1,42,0.60763,0.31711,0.67359,0.57067
Uw_v8_300p100,s1,43,0.58706,0.30897,0.71645,0.53241
Uw_v8_300p100,s1,44,0.58576,0.29493,0.70687,0.53986
Uw_v8_300p100,s1,45,0.60397,0.30695,0.64184,0.58078
Uw_v8_300p100,s1,46,0.60447,0.31116,0.67837,0.56541
Uw_v8_300p100,s1,47,0.59431,0.3217,0.6901,0.54914
Uw_v8_300p100,s1,48,0.57573,0.29815,0.67869,0.54438
Uw_v8_300p100,s1,49,0.56878,0.26139,0.69781,0.5357
Uw_v8_300p100,s1,50,0.61552,0.30556,0.68314,0.57096
Uw_v8_300p100,s1,51,0.60267,0.30977,0.67853,0.6041
Uw_v8_300p100,s1,52,0.62164,0.32175,0.70739,0.56748
Uw_v8_300p100,s1,53,0.62715,0.31563,0.79274,0.56098
Uw_v8_300p100,s1,54,0.58516,0.29319,0.70561,0.55667
Uw_v8_300p100,s1,55,0.62722,0.33918,0.69031,0.59812
Uw_v8_300p100,s1,56,0.63885,0.32792,0.74235,0.59282
Uw_v8_300p100,s1,57,0.64835,0.33264,0.74425,0.57796
Uw_v8_300p100,s1,58,0.64208,0.32857,0.66108,0.61245
Uw_v8_300p100,s1,59,0.631,0.3421,0.6798,0.61007
Uw_v8_300p100,s1,60,0.64821,0.33522,0.75547,0.58912
Uw_v8_300p100,s1,61,0.64593,0.33678,0.69865,0.61414
Uw_v8_300p100,s1,62,0.65386,0.3323,0.77304,0.58362
Uw_v8_300p100,s1,63,0.65646,0.35084,0.74534,0.60285
Uw_v8_300p100,s1,64,0.66253,0.3413,0.71919,0.61642
Uw_v8_300p100,s1,65,0.65476,0.33685,0.7549,0.59861
Uw_v8_300p100,s1,66,0.65779,0.34091,0.74165,0.59718
Uw_v8_300p100,s1,67,0.64828,0.33431,0.70792,0.61023
Uw_v8_300p100,s1,68,0.647,0.33236,0.72391,0.6096
Uw_v8_300p100,s1,69,0.63773,0.34032,0.70579,0.59897
Uw_v8_300p100,s1,70,0.64851,0.34465,0.69046,0.60197
Uw_v8_300p100,s1,71,0.66736,0.33844,0.68325,0.62575
Uw_v8_300p100,s1,72,0.66625,0.35109,0.71342,0.61385
Uw_v8_300p100,s1,73,0.63958,0.33371,0.78807,0.571
Uw_v8_300p100,s1,74,0.66384,0.35102,0.74236,0.59988
Uw_v8_300p100,s1,75,0.67838,0.35248,0.70209,0.64486
Uw_v8_300p100,s1,76,0.66437,0.34834,0.77736,0.61355
Uw_v8_300p100,s1,77,0.65611,0.34349,0.708,0.62547
Uw_v8_300p100,s1,78,0.67279,0.36033,0.65784,0.67702
Uw_v8_300p100,s1,79,0.68009,0.3575,0.74019,0.62629
Uw_v8_300p100,s1,80,0.65914,0.34555,0.68933,0.62144
Uw_v8_300p100,s1,81,0.6651,0.34696,0.71454,0.61053
Uw_v8_300p100,s1,82,0.6594,0.35725,0.70202,0.60818
Uw_v8_300p100,s1,83,0.6779,0.3515,0.75046,0.64506
Uw_v8_300p100,s1,84,0.67044,0.36834,0.68751,0.64055
Uw_v8_300p100,s1,85,0.65127,0.34405,0.73044,0.61165
Uw_v8_300p100,s1,86,0.64833,0.34295,0.71069,0.58843
Uw_v8_300p100,s1,87,0.67041,0.35335,0.73449,0.63301
Uw_v8_300p100,s1,88,0.67427,0.35038,0.7334,0.61823
Uw_v8_300p100,s1,89,0.66878,0.35141,0.7773,0.6213
Uw_v8_300p100,s1,90,0.67423,0.36718,0.73462,0.64856
Uw_v8_300p100,s1,91,0.68507,0.3638,0.7338,0.65259
Uw_v8_300p100,s1,92,0.68601,0.37088,0.75027,0.63072
Uw_v8_300p100,s1,93,0.66799,0.34899,0.74133,0.61572
Uw_v8_300p100,s1,94,0.68818,0.35993,0.75311,0.65862
Uw_v8_300p100,s1,95,0.68188,0.36438,0.75319,0.64068
Uw_v8_300p100,s1,96,0.68163,0.36619,0.78105,0.63107
Uw_v8_300p100,s1,97,0.6867,0.36597,0.73557,0.6423
Uw_v8_300p100,s1,98,0.67078,0.36382,0.72589,0.61421
Uw_v8_300p100,s1,99,0.68745,0.36731,0.73312,0.66533
Uw_v8_300p100,s1,100,0.69287,0.36483,0.76508,0.62956
Uw_v8_300p100,s1,101,0.65949,0.34786,0.74991,0.63137
Uw_v8_300p100,s1,102,0.69341,0.36672,0.78136,0.64648
Uw_v8_300p100,s1,103,0.70009,0.37054,0.73167,0.6573
Uw_v8_300p100,s1,104,0.68084,0.36331,0.72087,0.64775
Uw_v8_300p100,s1,105,0.68482,0.36743,0.74044,0.64067
Uw_v8_300p100,s1,106,0.71141,0.38239,0.7959,0.62715
Uw_v8_300p100,s1,107,0.69587,0.3854,0.75879,0.6387
Uw_v8_300p100,s1,108,0.70195,0.37978,0.76352,0.65566
Uw_v8_300p100,s1,109,0.70901,0.37296,0.7647,0.6708
Uw_v8_300p100,s1,110,0.68945,0.36554,0.72084,0.63506
Uw_v8_300p100,s1,111,0.7062,0.37484,0.78598,0.65237
Uw_v8_300p100,s1,112,0.72852,0.38343,0.77141,0.67957
Uw_v8_300p100,s1,113,0.70944,0.36932,0.77402,0.65054
Uw_v8_300p100,s1,114,0.69289,0.36901,0.76125,0.64574
Uw_v8_300p100,s1,115,0.70473,0.37821,0.83889,0.59563
Uw_v8_300p100,s1,116,0.71205,0.38564,0.76788,0.64792
Uw_v8_300p100,s1,117,0.70324,0.37552,0.8164,0.64535
Uw_v8_300p100,s1,118,0.70855,0.37441,0.78175,0.66399
Uw_v8_300p100,s1,119,0.71761,0.37518,0.68484,0.71434
Uw_v8_300p100,s1,120,0.68668,0.37107,0.71269,0.64723
Uw_v8_300p100,s1,121,0.72953,0.39186,0.77762,0.67338
Uw_v8_300p100,s1,122,0.6931,0.36797,0.74983,0.66829
Uw_v8_300p100,s1,123,0.72383,0.40009,0.76984,0.68012
Uw_v8_300p100,s1,124,0.71518,0.39383,0.76902,0.67198
Uw_v8_300p100,s1,125,0.71581,0.38857,0.76979,0.65902
Uw_v8_300p100,s1,126,0.71821,0.38041,0.78239,0.67952
Uw_v8_300p100,s1,127,0.70549,0.37339,0.82096,0.6258
Uw_v8_300p100,s1,128,0.7193,0.3811,0.80248,0.6612
Uw_v8_300p100,s1,129,0.70518,0.37557,0.76228,0.67165
Uw_v8_300p100,s1,130,0.72034,0.38361,0.77369,0.66495
Uw_v8_300p100,s1,131,0.69262,0.36959,0.7611,0.64102
Uw_v8_300p100,s1,132,0.69923,0.35445,0.80742,0.61384
Uw_v8_300p100,s1,133,0.72186,0.38044,0.77852,0.6694
Uw_v8_300p100,s1,134,0.69836,0.36109,0.76965,0.65108
Uw_v8_300p100,s1,135,0.70317,0.37037,0.70148,0.69136
Uw_v8_300p100,s1,136,0.71709,0.38173,0.76006,0.66901
Uw_v8_300p100,s1,137,0.6981,0.37807,0.79271,0.6373
Uw_v8_300p100,s1,138,0.71301,0.38848,0.79018,0.65026
Uw_v8_300p100,s1,139,0.71134,0.37421,0.80035,0.64386
Uw_v8_300p100,s1,140,0.7127,0.37703,0.77385,0.65833
Uw_v8_300p100,s1,141,0.71354,0.38298,0.78813,0.64739
Uw_v8_300p100,s1,142,0.71423,0.38802,0.75792,0.68279
Uw_v8_300p100,s1,143,0.72638,0.39175,0.78169,0.68246
Uw_v8_300p100,s1,144,0.70012,0.38048,0.72499,0.67343
Uw_v8_300p100,s1,145,0.71123,0.38074,0.76653,0.66003
Uw_v8_300p100,s1,146,0.70719,0.38166,0.74411,0.69037
Uw_v8_300p100,s1,147,0.73754,0.39095,0.75749,0.71122
Uw_v8_300p100,s1,148,0.71561,0.3813,0.75752,0.6811
Uw_v8_300p100,s1,149,0.7115,0.38826,0.80752,0.64797
Uw_v8_300p100,s1,150,0.71465,0.38878,0.75799,0.69768
Uw_v8_300p100,s1,151,0.69051,0.37072,0.79941,0.62629
Uw_v8_300p100,s1,152,0.72252,0.38198,0.80189,0.66977
Uw_v8_300p100,s1,153,0.71653,0.38385,0.79321,0.65397
Uw_v8_300p100,s1,154,0.72,0.38922,0.80113,0.6609
Uw_v8_300p100,s1,155,0.71552,0.39036,0.76358,0.67522
Uw_v8_300p100,s1,156,0.713,0.39546,0.76829,0.68222
Uw_v8_300p100,s1,157,0.72387,0.39263,0.82089,0.65942
Uw_v8_300p100,s1,158,0.72582,0.38827,0.74248,0.70889
Uw_v8_300p100,s1,159,0.70718,0.3858,0.71409,0.67989
Uw_v8_300p100,s1,160,0.70981,0.38166,0.78409,0.6526
Uw_v8_300p100,s1,161,0.70435,0.37124,0.77551,0.6512
Uw_v8_300p100,s1,162,0.70896,0.37892,0.80082,0.63196
Uw_v8_300p100,s1,163,0.70721,0.36825,0.78136,0.63278
Uw_v8_300p100,s1,164,0.71267,0.37364,0.80575,0.65264
Uw_v8_300p100,s1,165,0.73878,0.39239,0.81188,0.70158
Uw_v8_300p100,s1,166,0.72072,0.38327,0.80693,0.63164
Uw_v8_300p100,s1,167,0.73308,0.40027,0.76863,0.68809
Uw_v8_300p100,s1,168,0.71907,0.40435,0.79842,0.66271
Uw_v8_300p100,s1,169,0.73483,0.40341,0.76505,0.69838
Uw_v8_300p100,s1,170,0.71872,0.39275,0.76863,0.67025
Uw_v8_300p100,s1,171,0.72823,0.38811,0.79975,0.67042
Uw_v8_300p100,s1,172,0.73788,0.40173,0.7887,0.69945
Uw_v8_300p100,s1,173,0.7283,0.39976,0.79133,0.68622
Uw_v8_300p100,s1,174,0.7266,0.39572,0.77218,0.67631
Uw_v8_300p100,s1,175,0.70644,0.38273,0.74544,0.68118
Uw_v8_300p100,s1,176,0.71766,0.38776,0.75446,0.6945
Uw_v8_300p100,s1,177,0.719,0.39337,0.7763,0.66509
Uw_v8_300p100,s1,178,0.71841,0.39061,0.78439,0.67314
Uw_v8_300p100,s1,179,0.71137,0.39117,0.75069,0.68377
Uw_v8_300p100,s1,180,0.71731,0.3956,0.76456,0.68509
Uw_v8_300p100,s1,181,0.6979,0.37726,0.77682,0.6502
Uw_v8_300p100,s1,182,0.70546,0.38821,0.78803,0.64937
Uw_v8_300p100,s1,183,0.71298,0.39286,0.78723,0.64947
Uw_v8_300p100,s1,184,0.71155,0.39224,0.80685,0.6529
Uw_v8_300p100,s1,185,0.74144,0.41024,0.81283,0.6958
Uw_v8_300p100,s1,186,0.741,0.40477,0.82466,0.69694
Uw_v8_300p100,s1,187,0.73531,0.40095,0.80757,0.68756
Uw_v8_300p100,s1,188,0.73825,0.40508,0.81508,0.66799
Uw_v8_300p100,s1,189,0.72842,0.39921,0.73973,0.71873
Uw_v8_300p100,s1,190,0.7232,0.39094,0.78543,0.67695
Uw_v8_300p100,s1,191,0.72284,0.38917,0.78341,0.67953
Uw_v8_300p100,s1,192,0.73864,0.40914,0.81845,0.67177
Uw_v8_300p100,s1,193,0.73005,0.40369,0.8054,0.67941
Uw_v8_300p100,s1,194,0.72714,0.39972,0.81532,0.65854
Uw_v8_300p100,s1,195,0.71766,0.39864,0.74867,0.69039
Uw_v8_300p100,s1,196,0.72361,0.40363,0.81681,0.68253
Uw_v8_300p100,s1,197,0.73133,0.40184,0.79119,0.69484
Uw_v8_300p100,s1,198,0.74105,0.40322,0.80276,0.69956
Uw_v8_300p100,s1,199,0.74283,0.40764,0.79951,0.69713
Uw_v8_300p100,s1,200,0.74693,0.41172,0.78551,0.70656
Uw_v8_300p100,s1,201,0.71918,0.39665,0.78013,0.67655
Uw_v8_300p100,s1,202,0.73157,0.40546,0.74325,0.70692
Uw_v8_300p100,s1,203,0.72328,0.40052,0.81724,0.67881
Uw_v8_300p100,s1,204,0.71795,0.39946,0.78081,0.69202
Uw_v8_300p100,s1,205,0.71952,0.4046,0.79161,0.67177
Uw_v8_300p100,s1,206,0.72261,0.40188,0.75238,0.69755
Uw_v8_300p100,s1,207,0.73362,0.40314,0.76649,0.70011
Uw_v8_300p100,s1,208,0.74062,0.40829,0.76821,0.70609
Uw_v8_300p100,s1,209,0.75308,0.41009,0.78779,0.70733
Uw_v8_300p100,s1,210,0.73126,0.40511,0.79165,0.68415
Uw_v8_300p100,s1,211,0.73358,0.40508,0.78398,0.70262
Uw_v8_300p100,s1,212,0.72978,0.40426,0.74788,0.71787
Uw_v8_300p100,s1,213,0.72048,0.40943,0.79167,0.69229
Uw_v8_300p100,s1,214,0.73358,0.40458,0.81571,0.65487
Uw_v8_300p100,s1,215,0.73517,0.40498,0.80905,0.69466
Uw_v8_300p100,s1,216,0.72479,0.40252,0.75855,0.71621
Uw_v8_300p100,s1,217,0.73015,0.4033,0.77927,0.70358
Uw_v8_300p100,s1,218,0.72935,0.3958,0.7458,0.72028
Uw_v8_300p100,s1,219,0.74016,0.40911,0.81476,0.69722
Uw_v8_300p100,s1,220,0.7352,0.40291,0.8505,0.67165
Uw_v8_300p100,s1,221,0.73348,0.40071,0.84849,0.66047
Uw_v8_300p100,s1,222,0.74215,0.40905,0.78363,0.70476
Uw_v8_300p100,s1,223,0.73929,0.40571,0.80144,0.69841
Uw_v8_300p100,s1,224,0.72415,0.40208,0.76076,0.69571
Uw_v8_300p100,s1,225,0.72904,0.40315,0.78696,0.6834
Uw_v8_300p100,s1,226,0.72988,0.40864,0.81507,0.66025
Uw_v8_300p100,s1,227,0.73163,0.40023,0.78547,0.69842
Uw_v8_300p100,s1,228,0.71369,0.39964,0.80515,0.67893
Uw_v8_300p100,s1,229,0.73366,0.4039,0.78935,0.685
Uw_v8_300p100,s1,230,0.73902,0.40842,0.76459,0.709
Uw_v8_300p100,s1,231,0.73585,0.40746,0.79125,0.67145
Uw_v8_300p100,s1,232,0.73428,0.40332,0.73733,0.71694
Uw_v8_300p100,s1,233,0.72463,0.39617,0.80077,0.67779
Uw_v8_300p100,s1,234,0.739,0.40375,0.80405,0.68609
Uw_v8_300p100,s1,235,0.72279,0.3996,0.76823,0.70589
Uw_v8_300p100,s1,236,0.72309,0.4023,0.80425,0.69701
Uw_v8_300p100,s1,237,0.72179,0.40373,0.8014,0.681
Uw_v8_300p100,s1,238,0.73247,0.40659,0.80055,0.68778
Uw_v8_300p100,s1,239,0.73168,0.40646,0.79533,0.70003
Uw_v8_300p100,s1,240,0.73926,0.40693,0.82013,0.68492
Uw_v8_300p100,s1,241,0.73813,0.40531,0.79766,0.69617
Uw_v8_300p100,s1,242,0.73626,0.4081,0.76442,0.71362
Uw_v8_300p100,s1,243,0.73156,0.40631,0.79443,0.69158
Uw_v8_300p100,s1,244,0.72996,0.40228,0.77802,0.69637
Uw_v8_300p100,s1,245,0.72813,0.40904,0.78945,0.6818
Uw_v8_300p100,s1,246,0.73592,0.41201,0.82048,0.67945
Uw_v8_300p100,s1,247,0.7448,0.41552,0.80394,0.6853
Uw_v8_300p100,s1,248,0.73319,0.41391,0.79402,0.69004
Uw_v8_300p100,s1,249,0.72129,0.40747,0.80907,0.66515
Uw_v8_300p100,s1,250,0.72454,0.40776,0.8037,0.67576
Uw_v8_300p100,s1,251,0.72594,0.40221,0.77382,0.68606
Uw_v8_300p100,s1,252,0.72887,0.40401,0.78051,0.68179
Uw_v8_300p100,s1,253,0.73314,0.40964,0.8102,0.66204
Uw_v8_300p100,s1,254,0.73322,0.41454,0.8062,0.67229
Uw_v8_300p100,s1,255,0.73547,0.41704,0.80271,0.69133
Uw_v8_300p100,s1,256,0.72095,0.41022,0.80668,0.66691
Uw_v8_300p100,s1,257,0.72599,0.40942,0.81294,0.68964
Uw_v8_300p100,s1,258,0.72713,0.41244,0.79953,0.69252
Uw_v8_300p100,s1,259,0.73263,0.41254,0.80436,0.68929
Uw_v8_300p100,s1,260,0.73491,0.41229,0.78212,0.701
Uw_v8_300p100,s1,261,0.7359,0.41456,0.7674,0.70236
Uw_v8_300p100,s1,262,0.73111,0.41461,0.80531,0.67108
Uw_v8_300p100,s1,263,0.73703,0.41367,0.79831,0.68491
Uw_v8_300p100,s1,264,0.72953,0.41223,0.76906,0.68905
Uw_v8_300p100,s1,265,0.72979,0.40838,0.77995,0.68387
Uw_v8_300p100,s1,266,0.72467,0.40861,0.79521,0.67509
Uw_v8_300p100,s1,267,0.73288,0.40468,0.79423,0.69429
Uw_v8_300p100,s1,268,0.73555,0.40727,0.79344,0.699
Uw_v8_300p100,s1,269,0.72524,0.40941,0.77501,0.69264
Uw_v8_300p100,s1,270,0.73052,0.4107,0.79047,0.68729
Uw_v8_300p100,s1,271,0.73082,0.40889,0.7911,0.69051
Uw_v8_300p100,s1,272,0.72882,0.41057,0.79702,0.69273
Uw_v8_300p100,s1,273,0.72908,0.40476,0.81653,0.69138
Uw_v8_300p100,s1,274,0.73391,0.41104,0.80788,0.69565
Uw_v8_300p100,s1,275,0.73293,0.40807,0.79253,0.68592
Uw_v8_300p100,s1,276,0.73059,0.41088,0.77435,0.69098
Uw_v8_300p100,s1,277,0.71618,0.40652,0.76487,0.68906
Uw_v8_300p100,s1,278,0.72018,0.40994,0.80083,0.66761
Uw_v8_300p100,s1,279,0.72417,0.41086,0.78728,0.68288
Uw_v8_300p100,s1,280,0.7297,0.40881,0.7369,0.72891
Uw_v8_300p100,s1,281,0.72818,0.40733,0.7415,0.72369
Uw_v8_300p100,s1,282,0.72942,0.40818,0.76224,0.71091
Uw_v8_300p100,s1,283,0.73317,0.40973,0.76274,0.70887
Uw_v8_300p100,s1,284,0.74165,0.41148,0.76428,0.72128
Uw_v8_300p100,s1,285,0.73312,0.40864,0.76211,0.71028
Uw_v8_300p100,s1,286,0.74662,0.41126,0.78805,0.70003
Uw_v8_300p100,s1,287,0.7344,0.40995,0.81667,0.67034
Uw_v8_300p100,s1,288,0.7325,0.40983,0.82549,0.66453
Uw_v8_300p100,s1,289,0.73452,0.40863,0.80421,0.67544
Uw_v8_300p100,s1,290,0.72895,0.40858,0.8063,0.66723
Uw_v8_300p100,s1,291,0.73707,0.40853,0.78895,0.69386
Uw_v8_300p100,s1,292,0.71983,0.40445,0.80636,0.65654
Uw_v8_300p100,s1,293,0.71748,0.40444,0.81022,0.65692
Uw_v8_300p100,s1,294,0.71922,0.40314,0.79294,0.66051
Uw_v8_300p100,s1,295,0.71849,0.40132,0.82379,0.64648
Uw_v8_300p100,s1,296,0.72066,0.4009,0.82788,0.65093
Uw_v8_300p100,s1,297,0.72161,0.40041,0.76114,0.6866
Uw_v8_300p100,s1,298,0.71431,0.40088,0.78421,0.67314
Uw_v8_300p100,s1,299,0.71452,0.39924,0.78454,0.68002
Uw_v8_300p100,s1,300,0.7163,0.3992,0.78449,0.67658
Uw_v8_300p100,s2,1,0.729,0.41077,0.78471,0.68929
Uw_v8_300p100,s2,2,0.7079,0.39337,0.80478,0.64123
Uw_v8_300p100,s2,3,0.70324,0.3996,0.78635,0.67062
Uw_v8_300p100,s2,4,0.70812,0.4027,0.78463,0.6722
Uw_v8_300p100,s2,5,0.71095,0.39389,0.77925,0.65256
Uw_v8_300p100,s2,6,0.72211,0.38395,0.75918,0.68114
Uw_v8_300p100,s2,7,0.72974,0.4026,0.7696,0.68865
Uw_v8_300p100,s2,8,0.71398,0.3862,0.82362,0.6405
Uw_v8_300p100,s2,9,0.73485,0.40747,0.79938,0.67414
Uw_v8_300p100,s2,10,0.7107,0.38732,0.77625,0.65058
Uw_v8_300p100,s2,11,0.71827,0.39612,0.75745,0.67937
Uw_v8_300p100,s2,12,0.6841,0.35912,0.79378,0.62765
Uw_v8_300p100,s2,13,0.71129,0.38331,0.80411,0.65225
Uw_v8_300p100,s2,14,0.72522,0.39627,0.7786,0.68011
Uw_v8_300p100,s2,15,0.73316,0.39885,0.79018,0.69114
Uw_v8_300p100,s2,16,0.73747,0.40458,0.78952,0.67548
Uw_v8_300p100,s2,17,0.71329,0.40177,0.81064,0.66631
Uw_v8_300p100,s2,18,0.71099,0.38991,0.80989,0.68504
Uw_v8_300p100,s2,19,0.69722,0.39338,0.76426,0.67248
Uw_v8_300p100,s2,20,0.71403,0.38377,0.76492,0.69201
Uw_v8_300p100,s2,21,0.7133,0.39679,0.78397,0.66867
Uw_v8_300p100,s2,22,0.69332,0.37937,0.76618,0.6518
Uw_v8_300p100,s2,23,0.70389,0.38459,0.75812,0.67774
Uw_v8_300p100,s2,24,0.71994,0.3895,0.8286,0.64979
Uw_v8_300p100,s2,25,0.6989,0.3809,0.73906,0.67561
Uw_v8_300p100,s2,26,0.70444,0.38077,0.7796,0.65707
Uw_v8_300p100,s2,27,0.69182,0.39053,0.73194,0.67916
Uw_v8_300p100,s2,28,0.70661,0.3872,0.76674,0.65848
Uw_v8_300p100,s2,29,0.72137,0.38263,0.78445,0.67179
Uw_v8_300p100,s2,30,0.68977,0.37767,0.73227,0.68674
Uw_v8_300p100,s2,31,0.71356,0.39128,0.76061,0.68808
Uw_v8_300p100,s2,32,0.7057,0.39253,0.7832,0.68006
Uw_v8_300p100,s2,33,0.71947,0.39831,0.78601,0.68132
Uw_v8_300p100,s2,34,0.71485,0.40359,0.75938,0.68466
Uw_v8_300p100,s2,35,0.70922,0.39641,0.77158,0.65634
Uw_v8_300p100,s2,36,0.70792,0.39227,0.73689,0.6887
Uw_v8_300p100,s2,37,0.7049,0.39239,0.816,0.64464
Uw_v8_300p100,s2,38,0.69831,0.38009,0.77411,0.66909
Uw_v8_300p100,s2,39,0.7134,0.39418,0.78841,0.69259
Uw_v8_300p100,s2,40,0.69493,0.38998,0.77111,0.66585
Uw_v8_300p100,s2,41,0.72975,0.39309,0.7898,0.68619
Uw_v8_300p100,s2,42,0.69256,0.38058,0.79184,0.65172
Uw_v8_300p100,s2,43,0.71939,0.38877,0.8132,0.67301
Uw_v8_300p100,s2,44,0.72969,0.4003,0.82036,0.68711
Uw_v8_300p100,s2,45,0.7256,0.40053,0.77014,0.68069
Uw_v8_300p100,s2,46,0.73117,0.40622,0.83272,0.6723
Uw_v8_300p100,s2,47,0.70961,0.39833,0.8243,0.65915
Uw_v8_300p100,s2,48,0.7032,0.38781,0.79099,0.65917
Uw_v8_300p100,s2,49,0.71405,0.39343,0.80052,0.68805
Uw_v8_300p100,s2,50,0.70644,0.39106,0.77759,0.67791
Uw_v8_300p100,s2,51,0.7093,0.39681,0.82093,0.6437
Uw_v8_300p100,s2,52,0.7178,0.39765,0.75005,0.6983
Uw_v8_300p100,s2,53,0.7096,0.40099,0.77238,0.68406
Uw_v8_300p100,s2,54,0.69677,0.38835,0.75182,0.68194
Uw_v8_300p100,s2,55,0.71142,0.39038,0.74075,0.69678
Uw_v8_300p100,s2,56,0.70747,0.39109,0.78269,0.6732
Uw_v8_300p100,s2,57,0.71343,0.39899,0.8152,0.66123
Uw_v8_300p100,s2,58,0.71143,0.40254,0.82498,0.6658
Uw_v8_300p100,s2,59,0.7157,0.38266,0.79642,0.67121
Uw_v8_300p100,s2,60,0.71018,0.3939,0.76957,0.68442
Uw_v8_300p100,s2,61,0.71257,0.39159,0.83003,0.66953
Uw_v8_300p100,s2,62,0.71481,0.39529,0.80034,0.66715
Uw_v8_300p100,s2,63,0.71939,0.40197,0.83002,0.64769
Uw_v8_300p100,s2,64,0.70725,0.39681,0.81574,0.6468
Uw_v8_300p100,s2,65,0.72233,0.39846,0.8108,0.66467
Uw_v8_300p100,s2,66,0.70256,0.39753,0.80582,0.66537
Uw_v8_300p100,s2,67,0.70805,0.39594,0.80898,0.66743
Uw_v8_300p100,s2,68,0.70535,0.3959,0.78144,0.65015
Uw_v8_300p100,s2,69,0.70669,0.39246,0.81506,0.66383
Uw_v8_300p100,s2,70,0.71683,0.40327,0.7912,0.67902
Uw_v8_300p100,s2,71,0.71581,0.39497,0.82417,0.66078
Uw_v8_300p100,s2,72,0.71804,0.39606,0.81433,0.65986
Uw_v8_300p100,s2,73,0.71883,0.40132,0.81748,0.64756
Uw_v8_300p100,s2,74,0.71407,0.39514,0.84046,0.66184
Uw_v8_300p100,s2,75,0.71872,0.40493,0.79272,0.68853
Uw_v8_300p100,s2,76,0.72389,0.40811,0.80804,0.68512
Uw_v8_300p100,s2,77,0.73198,0.40808,0.77669,0.71262
Uw_v8_300p100,s2,78,0.71718,0.40639,0.76593,0.69147
Uw_v8_300p100,s2,79,0.73023,0.40804,0.83844,0.67948
Uw_v8_300p100,s2,80,0.72895,0.41174,0.81162,0.68582
Uw_v8_300p100,s2,81,0.72881,0.40649,0.82002,0.6916
Uw_v8_300p100,s2,82,0.72806,0.40334,0.82775,0.67409
Uw_v8_300p100,s2,83,0.72991,0.40619,0.82229,0.69138
Uw_v8_300p100,s2,84,0.72605,0.40599,0.79915,0.68672
Uw_v8_300p100,s2,85,0.72766,0.40599,0.79551,0.70501
Uw_v8_300p100,s2,86,0.71916,0.40724,0.85974,0.64756
Uw_v8_300p100,s2,87,0.71888,0.39628,0.81851,0.68037
Uw_v8_300p100,s2,88,0.72404,0.40397,0.77122,0.71102
Uw_v8_300p100,s2,89,0.7236,0.40133,0.78276,0.69956
Uw_v8_300p100,s2,90,0.72039,0.40532,0.80008,0.69393
Uw_v8_300p100,s2,91,0.72151,0.40191,0.81886,0.6653
Uw_v8_300p100,s2,92,0.71692,0.39733,0.83439,0.64517
Uw_v8_300p100,s2,93,0.71108,0.3969,0.79408,0.67231
Uw_v8_300p100,s2,94,0.7115,0.39123,0.81473,0.66358
Uw_v8_300p100,s2,95,0.71037,0.39952,0.78872,0.67046
Uw_v8_300p100,s2,96,0.7126,0.39793,0.8031,0.66304
Uw_v8_300p100,s2,97,0.72158,0.40336,0.81664,0.65865
Uw_v8_300p100,s2,98,0.71917,0.39887,0.81516,0.68281
Uw_v8_300p100,s2,99,0.71185,0.40177,0.816,0.65522
Uw_v8_300p100,s2,100,0.71466,0.39621,0.82403,0.67071
